--
-- ============LICENSE_START=======================================================
-- Copyright (C) 2024 Ericsson
-- Modifications Copyright (C) 2024 OpenInfra Foundation Europe
-- ================================================================================
-- Licensed under the Apache License, Version 2.0 (the "License");
-- you may not use this file except in compliance with the License.
-- You may obtain a copy of the License at
--
--       http://www.apache.org/licenses/LICENSE-2.0
--
-- Unless required by applicable law or agreed to in writing, software
-- distributed under the License is distributed on an "AS IS" BASIS,
-- WITHOUT WARRANTIES OR CONDITIONS OF ANY KIND, either express or implied.
-- See the License for the specific language governing permissions and
-- limitations under the License.
--
-- SPDX-License-Identifier: Apache-2.0
-- ============LICENSE_END=========================================================
--

DROP SCHEMA IF EXISTS ties_model cascade;
CREATE SCHEMA IF NOT EXISTS ties_model;
ALTER SCHEMA ties_model OWNER TO :pguser;
SET default_tablespace = '';
SET default_table_access_method = heap;

SET ROLE :'pguser';

CREATE TABLE IF NOT EXISTS ties_model.hash_info (
    "name"                 VARCHAR(511) PRIMARY KEY,
    "hashedValue"          VARCHAR(511),
    "type"                 VARCHAR(511)
);

CREATE TABLE IF NOT EXISTS ties_model.module_reference (
    "name"                   VARCHAR(511) PRIMARY KEY,
    "namespace"              VARCHAR(511),
    "domain"             VARCHAR(511),
    "includedModules"        jsonb,
    "content"               TEXT,
    "revision"            VARCHAR(511),
    "ownerAppId"       VARCHAR(511),
    "status"       VARCHAR(127)
);

CREATE TABLE IF NOT EXISTS ties_model.entity_info (
    "name"                   VARCHAR(511) PRIMARY KEY,
    "moduleReferenceName"    VARCHAR(511),
    FOREIGN KEY ("moduleReferenceName") REFERENCES ties_model.module_reference ("name") ON DELETE CASCADE
);

CREATE TABLE IF NOT EXISTS ties_model.decorators (
    "name"     VARCHAR(511) PRIMARY KEY,
    "dataType"      VARCHAR(511),
    "moduleReferenceName"    VARCHAR(511),
    FOREIGN KEY ("moduleReferenceName") REFERENCES ties_model.module_reference ("name") ON DELETE CASCADE
);

CREATE TABLE IF NOT EXISTS ties_model.classifiers (
    "name"    VARCHAR(511) PRIMARY KEY,
    "moduleReferenceName"    VARCHAR(511),
    FOREIGN KEY ("moduleReferenceName") REFERENCES ties_model.module_reference ("name") ON DELETE CASCADE
);

CREATE TABLE IF NOT EXISTS ties_model.relationship_info (
    "name"      VARCHAR(511) PRIMARY KEY,
    "aSideAssociationName"    TEXT,
    "aSideMOType"             TEXT,
    "aSideMinCardinality"     BIGINT,
    "aSideMaxCardinality"     BIGINT,
    "bSideAssociationName"    TEXT,
    "bSideMOType"             TEXT,
    "bSideMinCardinality"     BIGINT,
    "bSideMaxCardinality"     BIGINT,
    "associationKind"    TEXT,
    "relationshipDataLocation"          TEXT,
    "connectSameEntity"       BOOLEAN,
    "moduleReferenceName"     TEXT,
    FOREIGN KEY ("moduleReferenceName") REFERENCES ties_model.module_reference ("name") ON DELETE CASCADE
);

COPY ties_model.hash_info("name", "hashedValue", "type") FROM stdin;
PK_ENodeBFunction_id	PK_ENodeBFunction_id	CONSTRAINT
FK_TestEntityB_REL_FK_used-by-testEntityA	FK_TestEntityB_REL_FK_used-by-testEntityA	CONSTRAINT
frequencyDL	frequencyDL	COLUMN
ANTENNAMODULE_REALISED_BY_ANTENNAMODULE	ANTENNAMODULE_REALISED_BY_ANTENNAMODULE	TABLE
aSide_AntennaModule	aSide_AntennaModule	COLUMN
bSide_AntennaModule	bSide_AntennaModule	COLUMN
PK_ANTENNAMODULE_REALISED_BY_ANTENNAMODULE_id	PK_ANTENNAMODULE_REALISED_BY_ANTENNAMODULE_id	CONSTRAINT
FK_ANTENNAMODULE_REALISED_BY_ANTENNAMODULE_aSide_AntennaModule	FK_ANTENNAMODULE_REALISED_BY_ANTENNAMODULE_aSide_AntennaModule	CONSTRAINT
FK_ANTENNAMODULE_REALISED_BY_ANTENNAMODULE_bSide_AntennaModule	FK_ANTENNAMODULE_REALISED_BY_ANTENNAMODULE_bSide_AntennaModule	CONSTRAINT
UNIQUE_GNBCUUPFunction_REL_ID_MANAGEDELEMENT_MANAGES_GNBCUUPFUNCTION	UNIQUE_BDB349CDF0C4055902881ECCB71F460AE1DD323E	CONSTRAINT
NRCellDU	NRCellDU	TABLE
NRSectorCarrier	NRSectorCarrier	TABLE
REL_ID_MANAGEDELEMENT_MANAGES_ENODEBFUNCTION	REL_ID_MANAGEDELEMENT_MANAGES_ENODEBFUNCTION	COLUMN
PK_ANTENNACAPABILITY_REALISED_BY_ANTENNAMODULE_id	PK_ANTENNACAPABILITY_REALISED_BY_ANTENNAMODULE_id	CONSTRAINT
FK_GNBDUFUNCTION_REALISED_BY_CLOUDNATIVEAPPLICATION_bSide_CloudNativeApplication	FK_CA6721EE0944CBBB8E071CEA630162ABD7DFF2DA	CONSTRAINT
FK_LTESectorCarrier_REL_FK_used-by-euTranCell	FK_LTESectorCarrier_REL_FK_used-by-euTranCell	CONSTRAINT
FK_GNBDUFUNCTIONNNNNNNNN_REALISED_BY_CLOUDNATIVEAPPLICATIONNNNNNNNN_bSide_CloudNativeApplicationnnnnnnnnnnnnnnnnnnnnnnnnnnnnnnnnnnnnnnnnnn	FK_EADC754A352728E72F7320F69D802725C71EDE3E	CONSTRAINT
frequencyUL	frequencyUL	COLUMN
FK_GNBCUUPFUNCTION_REALISED_BY_CLOUDNATIVEAPPLICATION_aSide_GNBCUUPFunction	FK_F3346189A1BB0DA705219A4136349DF50AE8AA33	CONSTRAINT
REL_ID_GNBDUFUNCTION_PROVIDES_NRCELLDU	REL_ID_GNBDUFUNCTION_PROVIDES_NRCELLDU	COLUMN
PK_Namespaceeeeeeeeeeeeeeeeeeeeeeeeeeeeeeeeeeeeeeeeeeeeeeeeeeeeeeee_id	PK_77881E9D6F659316F836050DDC6E26FA4DE425EE	CONSTRAINT
FK_Namespace_REL_FK_deployed-on-nodeCluster	FK_Namespace_REL_FK_deployed-on-nodeCluster	CONSTRAINT
ManagedElementtttttttttttttttttttttttttttttttttttttttttttttttttt	1EF2A41C34A961CD8AE603E020B7B8B57345267F	TABLE
UNIQUE_TestEntityB_REL_ID_TESTENTITYA_USES_TESTENTITYB	UNIQUE_TestEntityB_REL_ID_TESTENTITYA_USES_TESTENTITYB	CONSTRAINT
UNIQUE_ManagedElement_REL_ID_MANAGEDELEMENT_DEPLOYED_AS_CLOUDNATIVESYSTEM	UNIQUE_ADD7C124AEF822CB0293FC75E39449DC1AD097E5	CONSTRAINT
NRCellCU	NRCellCU	TABLE
REL_FK_used-by-euTranCell	REL_FK_used-by-euTranCell	COLUMN
UNIQUE_NRSectorCarrier_REL_ID_NRSECTORCARRIER_USES_ANTENNACAPABILITY	UNIQUE_EDF7D5C78EF6505848B1679B714D7831F5863991	CONSTRAINT
PK_TESTENTITYA_PROVIDES_TESTENTITYB_id	PK_TESTENTITYA_PROVIDES_TESTENTITYB_id	CONSTRAINT
FK_LTESectorCarrier_REL_FK_provided-by-enodebFunction	FK_LTESectorCarrier_REL_FK_provided-by-enodebFunction	CONSTRAINT
REL_ID_ENODEBFUNCTION_PROVIDES_LTESECTORCARRIER	REL_ID_ENODEBFUNCTION_PROVIDES_LTESECTORCARRIER	COLUMN
bSide_CloudNativeApplicationnnnnnnnnnnnnnnnnnnnnnnnnnnnnnnnnnnnnnnnnnn	bSide_84EF1134719BB6FCF33A94FF770311FC722BCF41	COLUMN
eNBId	eNBId	COLUMN
PK_NodeCluster_id	PK_NodeCluster_id	CONSTRAINT
FK_NRCellCU_REL_FK_provided-by-gnbcucpFunction	FK_NRCellCU_REL_FK_provided-by-gnbcucpFunction	CONSTRAINT
FK_CloudNativeSystem_REL_FK_deployed-managedElement	FK_CloudNativeSystem_REL_FK_deployed-managedElement	CONSTRAINT
PK_Sector_id	PK_Sector_id	CONSTRAINT
GNBCUCPFunction	GNBCUCPFunction	TABLE
UNIQUE_CloudNativeApplicationnnnnnnnnnnnnnnnnnnnnnnnnnnnnnnnnnnnnnnnnnn_REL_ID_CLOUDNATIVEAPPLICATIONNNNNNNNNNN_DEPLOYED_ON_NAMESPACEEEEEEEEEEE	UNIQUE_287E65679DC2108F55F43D62A4325F6DECF372E1	CONSTRAINT
REL_ID_LTESECTORCARRIER_USES_ANTENNACAPABILITY	REL_ID_LTESECTORCARRIER_USES_ANTENNACAPABILITY	COLUMN
FK_NRCellDUUUUUUUUUUUUUUUUUUUUUUUUUUUUUUUUUUUUUUUUUUUUUUUUUUUUUUUUU_REL_FK_provided-by-gnbduFunctionnnnnnnnnnnnnnnnnnnnnnnnnnnnnnnnnnnnnnnn	FK_D43434F9F6FD1C14BE14A0EEDA4C9918B26E82F1	CONSTRAINT
PK_ManagedElement_id	PK_ManagedElement_id	CONSTRAINT
UNIQUE_AntennaModule_REL_ID_ANTENNAMODULE_INSTALLED_AT_SITE	UNIQUE_AntennaModule_REL_ID_ANTENNAMODULE_INSTALLED_AT_SITE	CONSTRAINT
PK_GNBDUFUNCTIONNNNNNNNN_REALISED_BY_CLOUDNATIVEAPPLICATIONNNNNNNNN_id	PK_5D1AC46C58E1FE44FB266F86CE79B3AEBE1D92B3	CONSTRAINT
REL_FK_provided-by-gnbcucpFunction	REL_FK_provided-by-gnbcucpFunction	COLUMN
REL_FK_managed-by-managedElementttttttttttttttttttttttttttttttttttttttt	REL_FK_48B14FA5B787C6398AD1DE5EE670AD0D2A2CB36F	COLUMN
FK_GNBDUFUNCTIONNNNNNNNN_REALISED_BY_CLOUDNATIVEAPPLICATIONNNNNNNNN_aSide_GNBDUFunctionnnnnnnnnnnnnnnnnnnnnnnnnnnnnnnnnnnnnnnnnnnnnnnnnnnn	FK_BFC9C18D6DBCD1FFC021B021CF31444EAA1FEDCA	CONSTRAINT
ManagedElement	ManagedElement	TABLE
PK_AntennaModule_id	PK_AntennaModule_id	CONSTRAINT
FK_EUtranCell_REL_FK_provided-by-enodebFunction	FK_EUtranCell_REL_FK_provided-by-enodebFunction	CONSTRAINT
FK_ENodeBFunction_REL_FK_managed-by-managedElement	FK_ENodeBFunction_REL_FK_managed-by-managedElement	CONSTRAINT
UNIQUE_GNBDUFunction_REL_ID_MANAGEDELEMENT_MANAGES_GNBDUFUNCTION	UNIQUE_08DFEFAF56EDDE43CBDC336F459D28C6518D3E1D	CONSTRAINT
PK_GNBCUCPFUNCTION_REALISED_BY_CLOUDNATIVEAPPLICATION_id	PK_GNBCUCPFUNCTION_REALISED_BY_CLOUDNATIVEAPPLICATION_id	CONSTRAINT
FK_TESTENTITYA_PROVIDES_TESTENTITYB_bSide_TestEntityB	FK_TESTENTITYA_PROVIDES_TESTENTITYB_bSide_TestEntityB	CONSTRAINT
FK_CloudNativeSystemmmmmmmmmmmmmmmmmmmmmmmmmmmmmmmmmmmmmmmmmmmmmmmm_REL_FK_deployed-managedElementttttttttttttttttttttttttttttttttttttttttt	FK_54FE608944AC8EFFFBE7E55744B8BA52F6B29ABB	CONSTRAINT
REL_ID_GNBCUCPFUNCTION_PROVIDES_NRCELLCU	REL_ID_GNBCUCPFUNCTION_PROVIDES_NRCELLCU	COLUMN
UNIQUE_CloudNativeApplication_REL_ID_CLOUDNATIVEAPPLICATION_DEPLOYED_ON_NAMESPACE	UNIQUE_1A317D31DA93B0CF9A9F8A04077B0F60ABCFF49C	CONSTRAINT
UNIQUE_NRCellDU_REL_ID_GNBDUFUNCTION_PROVIDES_NRCELLDU	UNIQUE_NRCellDU_REL_ID_GNBDUFUNCTION_PROVIDES_NRCELLDU	CONSTRAINT
UNIQUE_Namespace_REL_ID_NAMESPACE_DEPLOYED_ON_NODECLUSTER	UNIQUE_Namespace_REL_ID_NAMESPACE_DEPLOYED_ON_NODECLUSTER	CONSTRAINT
FK_GNBCUUPFunction_REL_FK_managed-by-managedElement	FK_GNBCUUPFunction_REL_FK_managed-by-managedElement	CONSTRAINT
aSide_GNBCUUPFunction	aSide_GNBCUUPFunction	COLUMN
UNIQUE_CloudNativeApplicationnnnnnnnnnnnnnnnnnnnnnnnnnnnnnnnnnnnnnnnnnn_REL_ID_MANAGEDELEMENTTTTTTTTT_REALISED_BY_CLOUDNATIVEAPPLICATIONNNNNNNN	UNIQUE_3DDA71C08F678AA7303FE0BD127CC27A80D1DDED	CONSTRAINT
eNodeBPlmnId	eNodeBPlmnId	COLUMN
PK_NRSectorCarrier_id	PK_NRSectorCarrier_id	CONSTRAINT
FK_GNBCUUPFUNCTION_REALISED_BY_CLOUDNATIVEAPPLICATION_bSide_CloudNativeApplication	FK_36215EA9FC5F31CC0F131E526A84A54CB006C66B	CONSTRAINT
mechanicalAntennaBearing	mechanicalAntennaBearing	COLUMN
GNBCUUPFUNCTION_REALISED_BY_CLOUDNATIVEAPPLICATION	GNBCUUPFUNCTION_REALISED_BY_CLOUDNATIVEAPPLICATION	TABLE
ENodeBFunction	ENodeBFunction	TABLE
nRPCI	nRPCI	COLUMN
antennaModelNumber	antennaModelNumber	COLUMN
REL_ID_CLOUDNATIVESYSTEM_COMPRISES_CLOUDNATIVEAPPLICATION	REL_ID_CLOUDNATIVESYSTEM_COMPRISES_CLOUDNATIVEAPPLICATION	COLUMN
REL_FK_used-antennaCapability	REL_FK_used-antennaCapability	COLUMN
PK_NRCellCU_id	PK_NRCellCU_id	CONSTRAINT
REL_FK_deployed-as-cloudNativeSystem	REL_FK_deployed-as-cloudNativeSystem	COLUMN
PK_NRCellDUUUUUUUUUUUUUUUUUUUUUUUUUUUUUUUUUUUUUUUUUUUUUUUUUUUUUUUUU_id	PK_CCB39BED50FEF60B1B1F86A7C938BE89B7D90D38	CONSTRAINT
cellId	cellId	COLUMN
UNIQUE_NRSectorCarrier_REL_ID_GNBDUFUNCTION_PROVIDES_NRSECTORCARRIER	UNIQUE_872BE05F1989443F2595D99A77BC03733B2D1E2F	CONSTRAINT
REL_FK_deployed-on-namespace	REL_FK_deployed-on-namespace	COLUMN
PK_CloudNativeApplicationnnnnnnnnnnnnnnnnnnnnnnnnnnnnnnnnnnnnnnnnnn_id	PK_F52E445B46B712C0D9014D194AB039C205E69818	CONSTRAINT
aSide_GNBCUCPFunction	aSide_GNBCUCPFunction	COLUMN
FK_CloudNativeApplicationnnnnnnnnnnnnnnnnnnnnnnnnnnnnnnnnnnnnnnnnnn_REL_FK_deployed-on-namespaceeeeeeeeeeeeeeeeeeeeeeeeeeeeeeeeeeeeeeeeeeee	FK_E33FB71E6FAC69C92ADEEC55E63D401D21DF91AE	CONSTRAINT
UNIQUE_EUtranCell_REL_ID_SECTOR_GROUPS_EUTRANCELL	UNIQUE_EUtranCell_REL_ID_SECTOR_GROUPS_EUTRANCELL	CONSTRAINT
PK_CloudNativeApplication_id	PK_CloudNativeApplication_id	CONSTRAINT
PK_CloudNativeSystemmmmmmmmmmmmmmmmmmmmmmmmmmmmmmmmmmmmmmmmmmmmmmmm_id	PK_F568C5029499EE188A168886B2EF09C0D1FAAA9F	CONSTRAINT
UNIQUE_EUtranCell_REL_ID_ENODEBFUNCTION_PROVIDES_EUTRANCELL	UNIQUE_EUtranCell_REL_ID_ENODEBFUNCTION_PROVIDES_EUTRANCELL	CONSTRAINT
name	name	COLUMN
REL_FK_provided-by-gnbduFunctionnnnnnnnnnnnnnnnnnnnnnnnnnnnnnnnnnnnnnnn	REL_FK_609963BFEE15FF824280FBE201313C3CDACDDDCE	COLUMN
REL_FK_located-at-cloudSite	REL_FK_located-at-cloudSite	COLUMN
REL_FK_realised-managedElementttttttttttttttttttttttttttttttttttttttttt	REL_FK_AB87B417CCD05C332DDD0C60F0C6AB41D38B05E5	COLUMN
REL_ID_MANAGEDELEMENTTTTTTTTTTTTTTT_MANAGES_GNBDUFUNCTIONNNNNNNNNNNNNNN	REL_ID_BDE0B6C74D14AC109D29A08D80E92D4D0DCAEB0B	COLUMN
geranFqBands	geranFqBands	COLUMN
REL_ID_MANAGEDELEMENTTTTTTTTT_REALISED_BY_CLOUDNATIVEAPPLICATIONNNNNNNN	REL_ID_FC2F6A5A12917357B548C83F4B0C1AD58FA61413	COLUMN
FK_GNBDUFUNCTION_REALISED_BY_CLOUDNATIVEAPPLICATION_aSide_GNBDUFunction	FK_69C6800CC81731E475893CC85582971C7530C98E	CONSTRAINT
REL_FK_realised-by-physicalNetworkAppliance	REL_FK_realised-by-physicalNetworkAppliance	COLUMN
PK_EUtranCell_id	PK_EUtranCell_id	CONSTRAINT
REL_ID_CLOUDNATIVEAPPLICATION_DEPLOYED_ON_NAMESPACE	REL_ID_CLOUDNATIVEAPPLICATION_DEPLOYED_ON_NAMESPACE	COLUMN
FK_NRSectorCarrier_REL_FK_used-antennaCapability	FK_NRSectorCarrier_REL_FK_used-antennaCapability	CONSTRAINT
REL_ID_GNBDUFUNCTIONNNNNNNNNNNNNNUUU_PROVIDES_NRCELLDUUUUUUUUUUUUUUUUUU	REL_ID_040FC8B06B420BA5708AF4798102D1E65FB4DC61	COLUMN
CloudNativeApplication	CloudNativeApplication	TABLE
positionWithinSector	positionWithinSector	COLUMN
PK_Namespace_id	PK_Namespace_id	CONSTRAINT
GNBCUCPFUNCTION_REALISED_BY_CLOUDNATIVEAPPLICATION	GNBCUCPFUNCTION_REALISED_BY_CLOUDNATIVEAPPLICATION	TABLE
Sector	Sector	TABLE
REL_ID_ENODEBFUNCTION_REALISED_BY_PHYSICALNETWORKAPPLIANCE	REL_ID_ENODEBFUNCTION_REALISED_BY_PHYSICALNETWORKAPPLIANCE	COLUMN
FK_GNBCUCPFUNCTION_REALISED_BY_CLOUDNATIVEAPPLICATION_bSide_CloudNativeApplication	FK_95C3AD1FCFBD310B9947B9B622CA8E0FC2135DC5	CONSTRAINT
PhysicalNetworkAppliance	PhysicalNetworkAppliance	TABLE
PK_GNBCUCPFunction_id	PK_GNBCUCPFunction_id	CONSTRAINT
REL_FK_deployed-on-nodeCluster	REL_FK_deployed-on-nodeCluster	COLUMN
AntennaCapability	AntennaCapability	TABLE
NodeCluster	NodeCluster	TABLE
REL_ID_NRCELLDU_USES_NRSECTORCARRIER	REL_ID_NRCELLDU_USES_NRSECTORCARRIER	COLUMN
PK_GNBCUUPFunction_id	PK_GNBCUUPFunction_id	CONSTRAINT
UNIQUE_LTESectorCarrier_REL_ID_EUTRANCELL_USES_LTESECTORCARRIER	UNIQUE_LTESectorCarrier_REL_ID_EUTRANCELL_USES_LTESECTORCARRIER	CONSTRAINT
FK_ManagedElement_REL_FK_deployed-as-cloudNativeSystem	FK_ManagedElement_REL_FK_deployed-as-cloudNativeSystem	CONSTRAINT
TestEntityA	TestEntityA	TABLE
azimuth	azimuth	COLUMN
TestEntityB	TestEntityB	TABLE
REL_FK_deployed-managedElementttttttttttttttttttttttttttttttttttttttttt	REL_FK_C2F5EC33C0760F653CE7263A49C0B697FCA2D542	COLUMN
FK_EUtranCell_REL_FK_grouped-by-sector	FK_EUtranCell_REL_FK_grouped-by-sector	CONSTRAINT
cellLocalId	cellLocalId	COLUMN
gNBCUName	gNBCUName	COLUMN
FK_NRSectorCarrier_REL_FK_used-by-nrCellDu	FK_NRSectorCarrier_REL_FK_used-by-nrCellDu	CONSTRAINT
electricalAntennaTilt	electricalAntennaTilt	COLUMN
REL_FK_provided-by-enodebFunction	REL_FK_provided-by-enodebFunction	COLUMN
aSide_GNBDUFunctionnnnnnnnnnnnnnnnnnnnnnnnnnnnnnnnnnnnnnnnnnnnnnnnnnnn	aSide_B0FD0521695A211BFF76F413A31F28CBA32E57ED	COLUMN
GNBDUFunctionnnnnnnnnnnnnnnnnnnnnnnnnnnnnnnnnnnnnnnnnnnnnnnnnnnn	7D7AACEBB0E4E4732835BA4BFE708DDD3738962D	TABLE
PK_PhysicalNetworkAppliance_id	PK_PhysicalNetworkAppliance_id	CONSTRAINT
REL_ID_NRSECTORCARRIER_USES_ANTENNACAPABILITY	REL_ID_NRSECTORCARRIER_USES_ANTENNACAPABILITY	COLUMN
eUtranFqBands	eUtranFqBands	COLUMN
FK_GNBCUCPFUNCTION_REALISED_BY_CLOUDNATIVEAPPLICATION_aSide_GNBCUCPFunction	FK_B2DDDC542E95DD31826EECEBBF67FD01DAF48833	CONSTRAINT
REL_ID_EUTRANCELL_USES_LTESECTORCARRIER	REL_ID_EUTRANCELL_USES_LTESECTORCARRIER	COLUMN
REL_ID_MANAGEDELEMENT_MANAGES_GNBDUFUNCTION	REL_ID_MANAGEDELEMENT_MANAGES_GNBDUFUNCTION	COLUMN
CloudSite	CloudSite	TABLE
GNBDUFUNCTION_REALISED_BY_CLOUDNATIVEAPPLICATION	GNBDUFUNCTION_REALISED_BY_CLOUDNATIVEAPPLICATION	TABLE
UNIQUE_ENodeBFunction_REL_ID_ENODEBFUNCTION_REALISED_BY_PHYSICALNETWORKAPPLIANCE	UNIQUE_6964DA7D7CC1F79A3DB8B43E5F77E42DF8DFBF73	CONSTRAINT
FK_PhysicalNetworkAppliance_REL_FK_installed-at-site	FK_PhysicalNetworkAppliance_REL_FK_installed-at-site	CONSTRAINT
CloudNativeSystem	CloudNativeSystem	TABLE
UNIQUE_NodeCluster_REL_ID_NODECLUSTER_LOCATED_AT_CLOUDSITE	UNIQUE_NodeCluster_REL_ID_NODECLUSTER_LOCATED_AT_CLOUDSITE	CONSTRAINT
REL_FK_used-by-lteSectorCarrier	REL_FK_used-by-lteSectorCarrier	COLUMN
attribute1	attribute1	COLUMN
PK_ManagedElementtttttttttttttttttttttttttttttttttttttttttttttttttt_id	PK_19E2CBE3A8BBA12A7D9EC9923573BC0A65B1EC4A	CONSTRAINT
FK_AntennaModule_REL_FK_grouped-by-sector	FK_AntennaModule_REL_FK_grouped-by-sector	CONSTRAINT
FK_GNBDUFunctionnnnnnnnnnnnnnnnnnnnnnnnnnnnnnnnnnnnnnnnnnnnnnnnnnnn_REL_FK_managed-by-managedElementttttttttttttttttttttttttttttttttttttttt	FK_C5EB2FEB41FDD27A7CED04A3FD665B4BDEF994F5	CONSTRAINT
REL_FK_used-by-nrCellDu	REL_FK_used-by-nrCellDu	COLUMN
REL_FK_comprised-by-cloudNativeSystem	REL_FK_comprised-by-cloudNativeSystem	COLUMN
FK_GNBDUFunction_REL_FK_managed-by-managedElement	FK_GNBDUFunction_REL_FK_managed-by-managedElement	CONSTRAINT
PK_LTESectorCarrier_id	PK_LTESectorCarrier_id	CONSTRAINT
PK_AntennaCapability_id	PK_AntennaCapability_id	CONSTRAINT
PK_CloudNativeSystem_id	PK_CloudNativeSystem_id	CONSTRAINT
FK_TESTENTITYA_PROVIDES_TESTENTITYB_aSide_TestEntityA	FK_TESTENTITYA_PROVIDES_TESTENTITYB_aSide_TestEntityA	CONSTRAINT
geo-location	geo-location	COLUMN
REL_FK_grouped-by-sector	REL_FK_grouped-by-sector	COLUMN
FK_ANTENNACAPABILITY_REALISED_BY_ANTENNAMODULE_aSide_AntennaCapability	FK_03713853A2B7ACDC198858CAFBFF355026FEA0B3	CONSTRAINT
FK_ANTENNACAPABILITY_REALISED_BY_ANTENNAMODULE_bSide_AntennaModule	FK_5059CE8D2FEE5A1FAD9E06F4FAAFC148BAEA70E3	CONSTRAINT
REL_FK_deployed-as-cloudNativeSystemmmmmmmmmmmmmmmmmmmmmmmmmmmmmmmmmmmm	REL_FK_26958E3A529C4C8B68A29FDA906F8CD290F66078	COLUMN
id	id	COLUMN
gNBId	gNBId	COLUMN
REL_ID_MANAGEDELEMENT_REALISED_BY_CLOUDNATIVEAPPLICATION	REL_ID_MANAGEDELEMENT_REALISED_BY_CLOUDNATIVEAPPLICATION	COLUMN
PK_NRCellDU_id	PK_NRCellDU_id	CONSTRAINT
EUtranCell	EUtranCell	TABLE
PK_Site_id	PK_Site_id	CONSTRAINT
REL_FK_installed-at-site	REL_FK_installed-at-site	COLUMN
REL_FK_used-by-testEntityA	REL_FK_used-by-testEntityA	COLUMN
FK_AntennaCapability_REL_FK_used-by-lteSectorCarrier	FK_AntennaCapability_REL_FK_used-by-lteSectorCarrier	CONSTRAINT
aSide_AntennaCapability	aSide_AntennaCapability	COLUMN
nRTAC	nRTAC	COLUMN
earfcndl	earfcndl	COLUMN
FK_NodeCluster_REL_FK_located-at-cloudSite	FK_NodeCluster_REL_FK_located-at-cloudSite	CONSTRAINT
aSide_GNBDUFunction	aSide_GNBDUFunction	COLUMN
Namespace	Namespace	TABLE
FK_AntennaModule_REL_FK_installed-at-site	FK_AntennaModule_REL_FK_installed-at-site	CONSTRAINT
earfcnul	earfcnul	COLUMN
PK_TestEntityB_id	PK_TestEntityB_id	CONSTRAINT
FK_TESTENTITYA_GROUPS_TESTENTITYB_aSide_TestEntityA	FK_TESTENTITYA_GROUPS_TESTENTITYB_aSide_TestEntityA	CONSTRAINT
fdnnnnnnnnnnnnnnnnnnnnnnnnnnnnnnnnnnnnnnnnnnnnnnnnnnnnnnnnnnnnnn	3786A6CA64C9422F9E7FC35B7B039F345BBDDA65	COLUMN
UNIQUE_ManagedElementtttttttttttttttttttttttttttttttttttttttttttttttttt_REL_ID_MANAGEDELEMENTTTTTTTTTTT_DEPLOYED_AS_CLOUDNATIVESYSTEMMMMMMMMMMM	UNIQUE_9A721779BB5547778B9258ACD73261B9AABFF302	CONSTRAINT
REL_FK_deployed-on-namespaceeeeeeeeeeeeeeeeeeeeeeeeeeeeeeeeeeeeeeeeeeee	REL_FK_8C98B70070BBD11F90F192DDA3ECF6302390E956	COLUMN
FK_NRSectorCarrier_REL_FK_provided-by-gnbduFunction	FK_NRSectorCarrier_REL_FK_provided-by-gnbduFunction	CONSTRAINT
PK_GNBCUUPFUNCTION_REALISED_BY_CLOUDNATIVEAPPLICATION_id	PK_GNBCUUPFUNCTION_REALISED_BY_CLOUDNATIVEAPPLICATION_id	CONSTRAINT
cmId	cmId	COLUMN
aSide_TestEntityA	aSide_TestEntityA	COLUMN
type	type	COLUMN
nCI	nCI	COLUMN
ANTENNACAPABILITY_REALISED_BY_ANTENNAMODULE	ANTENNACAPABILITY_REALISED_BY_ANTENNAMODULE	TABLE
REL_ID_TESTENTITYA_USES_TESTENTITYB	REL_ID_TESTENTITYA_USES_TESTENTITYB	COLUMN
NRCellDUUUUUUUUUUUUUUUUUUUUUUUUUUUUUUUUUUUUUUUUUUUUUUUUUUUUUUUUU	50AC08AB775076E74FC4891954F1D99D3D293ACC	TABLE
REL_ID_MANAGEDELEMENTTTTTTTTTTT_DEPLOYED_AS_CLOUDNATIVESYSTEMMMMMMMMMMM	REL_ID_B7945BFD83380F3E12CF99F2B0F838F364027F92	COLUMN
REL_ID_PHYSICALNETWORKAPPLIANCE_INSTALLED_AT_SITE	REL_ID_PHYSICALNETWORKAPPLIANCE_INSTALLED_AT_SITE	COLUMN
REL_ID_MANAGEDELEMENT_MANAGES_GNBCUUPFUNCTION	REL_ID_MANAGEDELEMENT_MANAGES_GNBCUUPFUNCTION	COLUMN
FK_NRCellDU_REL_FK_grouped-by-sector	FK_NRCellDU_REL_FK_grouped-by-sector	CONSTRAINT
FK_CloudNativeApplication_REL_FK_realised-managedElement	FK_CloudNativeApplication_REL_FK_realised-managedElement	CONSTRAINT
TESTENTITYA_GROUPS_TESTENTITYB	TESTENTITYA_GROUPS_TESTENTITYB	TABLE
PK_GNBDUFunctionnnnnnnnnnnnnnnnnnnnnnnnnnnnnnnnnnnnnnnnnnnnnnnnnnnn_id	PK_079D5D67E043B09F9C7CD4F6EA1DB12688D43F69	CONSTRAINT
UNIQUE_LTESectorCarrier_REL_ID_ENODEBFUNCTION_PROVIDES_LTESECTORCARRIER	UNIQUE_B9770D6C26DDA0173DB9690F6E3B42C111AF26E9	CONSTRAINT
duplexType	duplexType	COLUMN
AntennaModule	AntennaModule	TABLE
LTESectorCarrier	LTESectorCarrier	TABLE
REL_ID_ANTENNAMODULE_INSTALLED_AT_SITE	REL_ID_ANTENNAMODULE_INSTALLED_AT_SITE	COLUMN
FK_LTESectorCarrier_REL_FK_used-antennaCapability	FK_LTESectorCarrier_REL_FK_used-antennaCapability	CONSTRAINT
REL_FK_managed-by-managedElement	REL_FK_managed-by-managedElement	COLUMN
UNIQUE_NRCellDUUUUUUUUUUUUUUUUUUUUUUUUUUUUUUUUUUUUUUUUUUUUUUUUUUUUUUUUU_REL_ID_GNBDUFUNCTIONNNNNNNNNNNNNNUUU_PROVIDES_NRCELLDUUUUUUUUUUUUUUUUUU	UNIQUE_4E6028C8AF5DB6D082B612C5CBB5B32A943C0AAD	CONSTRAINT
fdn	fdn	COLUMN
dUpLMNId	dUpLMNId	COLUMN
UNIQUE_GNBDUFunctionnnnnnnnnnnnnnnnnnnnnnnnnnnnnnnnnnnnnnnnnnnnnnnnnnnn_REL_ID_MANAGEDELEMENTTTTTTTTTTTTTTT_MANAGES_GNBDUFUNCTIONNNNNNNNNNNNNNN	UNIQUE_176E72F1225D7EEFC222D87B6EC4D66DD968BD13	CONSTRAINT
REL_ID_GNBDUFUNCTION_PROVIDES_NRSECTORCARRIER	REL_ID_GNBDUFUNCTION_PROVIDES_NRSECTORCARRIER	COLUMN
REL_ID_SECTOR_GROUPS_EUTRANCELL	REL_ID_SECTOR_GROUPS_EUTRANCELL	COLUMN
Site	Site	TABLE
REL_ID_SECTOR_GROUPS_NRCELLDU	REL_ID_SECTOR_GROUPS_NRCELLDU	COLUMN
UNIQUE_NRCellDU_REL_ID_SECTOR_GROUPS_NRCELLDU	UNIQUE_NRCellDU_REL_ID_SECTOR_GROUPS_NRCELLDU	CONSTRAINT
arfcnUL	arfcnUL	COLUMN
PK_GNBDUFunction_id	PK_GNBDUFunction_id	CONSTRAINT
Namespaceeeeeeeeeeeeeeeeeeeeeeeeeeeeeeeeeeeeeeeeeeeeeeeeeeeeeeee	78682DB1FFA2533BA45F8E4FAA5596E1A98479FC	TABLE
FK_ENodeBFunction_REL_FK_realised-by-physicalNetworkAppliance	FK_ENodeBFunction_REL_FK_realised-by-physicalNetworkAppliance	CONSTRAINT
FK_GNBCUCPFunction_REL_FK_managed-by-managedElement	FK_GNBCUCPFunction_REL_FK_managed-by-managedElement	CONSTRAINT
REL_ID_ENODEBFUNCTION_PROVIDES_EUTRANCELL	REL_ID_ENODEBFUNCTION_PROVIDES_EUTRANCELL	COLUMN
nRFqBands	nRFqBands	COLUMN
CloudNativeSystemmmmmmmmmmmmmmmmmmmmmmmmmmmmmmmmmmmmmmmmmmmmmmmm	003B7CAE0FA8C3C54BE1BAD8BB9A50985A2EA03F	TABLE
tac	tac	COLUMN
arfcnDL	arfcnDL	COLUMN
REL_ID_NAMESPACE_DEPLOYED_ON_NODECLUSTER	REL_ID_NAMESPACE_DEPLOYED_ON_NODECLUSTER	COLUMN
bSide_CloudNativeApplication	bSide_CloudNativeApplication	COLUMN
PK_CloudSite_id	PK_CloudSite_id	CONSTRAINT
CloudNativeApplicationnnnnnnnnnnnnnnnnnnnnnnnnnnnnnnnnnnnnnnnnnn	25978231183BE3B9ADD7DBE6C77F5E59696CDE5F	TABLE
earfcn	earfcn	COLUMN
GNBDUFUNCTIONNNNNNNNN_REALISED_BY_CLOUDNATIVEAPPLICATIONNNNNNNNN	AC201B3A42917A9A983A1E3683B67C38C50630FC	TABLE
REL_ID_CLOUDNATIVEAPPLICATIONNNNNNNNNNN_DEPLOYED_ON_NAMESPACEEEEEEEEEEE	REL_ID_AFBF10D23507AD3B6408947D2A9AF8465BA7B08C	COLUMN
sectorId	sectorId	COLUMN
FK_CloudNativeApplicationnnnnnnnnnnnnnnnnnnnnnnnnnnnnnnnnnnnnnnnnnn_REL_FK_realised-managedElementttttttttttttttttttttttttttttttttttttttttt	FK_899FCB466B0BBCC040E945A3E746F5DE53CCCB29	CONSTRAINT
REL_ID_NODECLUSTER_LOCATED_AT_CLOUDSITE	REL_ID_NODECLUSTER_LOCATED_AT_CLOUDSITE	COLUMN
TESTENTITYA_PROVIDES_TESTENTITYB	TESTENTITYA_PROVIDES_TESTENTITYB	TABLE
REL_ID_MANAGEDELEMENT_DEPLOYED_AS_CLOUDNATIVESYSTEM	REL_ID_MANAGEDELEMENT_DEPLOYED_AS_CLOUDNATIVESYSTEM	COLUMN
GNBCUUPFunction	GNBCUUPFunction	TABLE
REL_FK_realised-managedElement	REL_FK_realised-managedElement	COLUMN
UNIQUE_AntennaModule_REL_ID_SECTOR_GROUPS_ANTENNAMODULE	UNIQUE_AntennaModule_REL_ID_SECTOR_GROUPS_ANTENNAMODULE	CONSTRAINT
UNIQUE_NRSectorCarrier_REL_ID_NRCELLDU_USES_NRSECTORCARRIER	UNIQUE_NRSectorCarrier_REL_ID_NRCELLDU_USES_NRSECTORCARRIER	CONSTRAINT
bSide_TestEntityB	bSide_TestEntityB	COLUMN
REL_ID_MANAGEDELEMENT_MANAGES_GNBCUCPFUNCTION	REL_ID_MANAGEDELEMENT_MANAGES_GNBCUCPFUNCTION	COLUMN
totalTilt	totalTilt	COLUMN
FK_ManagedElementtttttttttttttttttttttttttttttttttttttttttttttttttt_REL_FK_deployed-as-cloudNativeSystemmmmmmmmmmmmmmmmmmmmmmmmmmmmmmmmmmmm	FK_9C091709D40D51DEE4DC87A44695F6EBA2E965DE	CONSTRAINT
gNBIdLength	gNBIdLength	COLUMN
UNIQUE_ENodeBFunction_REL_ID_MANAGEDELEMENT_MANAGES_ENODEBFUNCTION	UNIQUE_F33037EE8037D0606D15FFB45EE8A27FD6DE30EE	CONSTRAINT
FK_NRCellDU_REL_FK_provided-by-gnbduFunction	FK_NRCellDU_REL_FK_provided-by-gnbduFunction	CONSTRAINT
UNIQUE_GNBCUCPFunction_REL_ID_MANAGEDELEMENT_MANAGES_GNBCUCPFUNCTION	UNIQUE_249F73FF1F4316A56DEF4424FA43C2064FFBE4DD	CONSTRAINT
FK_TESTENTITYA_GROUPS_TESTENTITYB_bSide_TestEntityB	FK_TESTENTITYA_GROUPS_TESTENTITYB_bSide_TestEntityB	CONSTRAINT
cellLocalIdddddddddddddddddddddddddddddddddddddddddddddddddddddd	020335B0F627C169E24167748C38FE756FB34AE2	COLUMN
REL_FK_deployed-managedElement	REL_FK_deployed-managedElement	COLUMN
FK_CloudNativeApplication_REL_FK_comprised-by-cloudNativeSystem	FK_CloudNativeApplication_REL_FK_comprised-by-cloudNativeSystem	CONSTRAINT
pLMNId	pLMNId	COLUMN
PK_GNBDUFUNCTION_REALISED_BY_CLOUDNATIVEAPPLICATION_id	PK_GNBDUFUNCTION_REALISED_BY_CLOUDNATIVEAPPLICATION_id	CONSTRAINT
UNIQUE_CloudNativeApplication_REL_ID_MANAGEDELEMENT_REALISED_BY_CLOUDNATIVEAPPLICATION	UNIQUE_DAB3C12479849DA6C222B812C2A8CD1535D0C186	CONSTRAINT
essScLocalId	essScLocalId	COLUMN
REL_FK_provided-by-gnbduFunction	REL_FK_provided-by-gnbduFunction	COLUMN
UNIQUE_LTESectorCarrier_REL_ID_LTESECTORCARRIER_USES_ANTENNACAPABILITY	UNIQUE_5D5FEB6B4B09D5D42A589753C684994CD0B96E88	CONSTRAINT
sectorCarrierType	sectorCarrierType	COLUMN
UNIQUE_PhysicalNetworkAppliance_REL_ID_PHYSICALNETWORKAPPLIANCE_INSTALLED_AT_SITE	UNIQUE_A9110A77514C472452AC80053A8010FBAF481AD0	CONSTRAINT
GNBDUFunction	GNBDUFunction	TABLE
mechanicalAntennaTilt	mechanicalAntennaTilt	COLUMN
UNIQUE_CloudNativeApplication_REL_ID_CLOUDNATIVESYSTEM_COMPRISES_CLOUDNATIVEAPPLICATION	UNIQUE_F2774BC0806E925ADA0B1CAA50B5A41DFB7BF79A	CONSTRAINT
UNIQUE_NRCellCU_REL_ID_GNBCUCPFUNCTION_PROVIDES_NRCELLCU	UNIQUE_NRCellCU_REL_ID_GNBCUCPFUNCTION_PROVIDES_NRCELLCU	CONSTRAINT
plmnId	plmnId	COLUMN
PK_TestEntityA_id	PK_TestEntityA_id	CONSTRAINT
FK_CloudNativeApplication_REL_FK_deployed-on-namespace	FK_CloudNativeApplication_REL_FK_deployed-on-namespace	CONSTRAINT
gNBDUId	gNBDUId	COLUMN
CD_sourceIds	CD_sourceIds	COLUMN
PK_TESTENTITYA_GROUPS_TESTENTITYB_id	PK_TESTENTITYA_GROUPS_TESTENTITYB_id	CONSTRAINT
REL_ID_SECTOR_GROUPS_ANTENNAMODULE	REL_ID_SECTOR_GROUPS_ANTENNAMODULE	COLUMN
AntennaModuleeeeeeeeeeeeeeeeeeeeeeeeeeeeeeeeeeeeeeeeeeeeeeeeeeee	B69D3E92CA22CE61B921AE61BD3CF031791CF714	TABLE
ANTENNAMODULEEEEEEEEEEEE_REALISED_BY_ANTENNAMODULEEEEEEEEEEEEEEE	B9B76FD20FF23B2A41C82CB5EDF6FA25B6AC2BC6	TABLE
PK_AntennaModuleeeeeeeeeeeeeeeeeeeeeeeeeeeeeeeeeeeeeeeeeeeeeeeeeeee_id	PK_2673E8FB17E57FD56D5E897DA13412B9165B90AA	CONSTRAINT
PK_ANTENNAMODULEEEEEEEEEEEE_REALISED_BY_ANTENNAMODULEEEEEEEEEEEEEEE_id	PK_E3722EAF721B41FACDCF065D2017267CE2C90BED	CONSTRAINT
FK_ANTENNAMODULEEEEEEEEEEEE_REALISED_BY_ANTENNAMODULEEEEEEEEEEEEEEE_aSide_AntennaModuleeeeeeeeeeeeeeeeeeeeeeeeeeeeeeeeeeeeeeeeeeeeeeeeeeee	FK_00AE9B9921E38ACFEE934695787FA8794817A6ED	CONSTRAINT
FK_ANTENNAMODULEEEEEEEEEEEE_REALISED_BY_ANTENNAMODULEEEEEEEEEEEEEEE_bSide_AntennaModuleeeeeeeeeeeeeeeeeeeeeeeeeeeeeeeeeeeeeeeeeeeeeeeeeeee	FK_68EED3C83D2C93559F7A61E7D05B4363CDF1DB8F	CONSTRAINT
ANTENNAMODULEEEEEEEEEEEE_DEPLOYED_ON_ANTENNAMODULEEEEEEEEEEEEEEE	C35AE10CFF62DEDC5E3FC3C40E47373B10800818	TABLE
PK_ANTENNAMODULEEEEEEEEEEEE_DEPLOYED_ON_ANTENNAMODULEEEEEEEEEEEEEEE_id	PK_F03D1DD176CD75707BD6217EF652705007C0F272	CONSTRAINT
FK_ANTENNAMODULEEEEEEEEEEEE_DEPLOYED_ON_ANTENNAMODULEEEEEEEEEEEEEEE_aSide_AntennaModuleeeeeeeeeeeeeeeeeeeeeeeeeeeeeeeeeeeeeeeeeeeeeeeeeeee	FK_E19DA712FB443E0212578638DF62281CFD6BFA7A	CONSTRAINT
FK_ANTENNAMODULEEEEEEEEEEEE_DEPLOYED_ON_ANTENNAMODULEEEEEEEEEEEEEEE_bSide_AntennaModuleeeeeeeeeeeeeeeeeeeeeeeeeeeeeeeeeeeeeeeeeeeeeeeeeeee	FK_7772B14325D2340707AF687BF0F70F32914F935D	CONSTRAINT
aSide_AntennaModuleeeeeeeeeeeeeeeeeeeeeeeeeeeeeeeeeeeeeeeeeeeeeeeeeeee	aSide_2A2D3374BF907674FA1905478E30ACB8882DC03C	COLUMN
bSide_AntennaModuleeeeeeeeeeeeeeeeeeeeeeeeeeeeeeeeeeeeeeeeeeeeeeeeeeee	bSide_EE6DD4A2CFD743779BBCBFC18FC296EF6D72EB1E	COLUMN
REL_CD_sourceIds_MANAGEDELEMENTTTTTTTTTTT_DEPLOYED_AS_CLOUDNATIVESYSTEMMMMMMMMMMM	REL_CD_B7945BFD83380F3E12CF99F2B0F838F364027F92	COLUMN
REL_CD_sourceIds_MANAGEDELEMENTTTTTTTTTTTTTTT_MANAGES_GNBDUFUNCTIONNNNNNNNNNNNNNN	REL_CD_45E8E8693B1B8928376EAA8995D08AA7B1E483BD	COLUMN
REL_CD_sourceIds_MANAGEDELEMENTTTTTTTTT_REALISED_BY_CLOUDNATIVEAPPLICATIONNNNNNNN	REL_CD_CEAD4CCE5250E7D3C64801C8FDDC21F1D87BEC0C	COLUMN
REL_CD_sourceIds_GNBDUFUNCTIONNNNNNNNNNNNNNUUU_PROVIDES_NRCELLDUUUUUUUUUUUUUUUUUU	REL_CD_040FC8B06B420BA5708AF4798102D1E65FB4DC61	COLUMN
REL_CD_sourceIds_SECTOR_GROUPS_ANTENNAMODULE	REL_CD_sourceIds_SECTOR_GROUPS_ANTENNAMODULE	COLUMN
REL_CD_sourceIds_ANTENNAMODULE_INSTALLED_AT_SITE	REL_CD_sourceIds_ANTENNAMODULE_INSTALLED_AT_SITE	COLUMN
REL_CD_sourceIds_MANAGEDELEMENT_MANAGES_GNBCUCPFUNCTION	REL_CD_sourceIds_MANAGEDELEMENT_MANAGES_GNBCUCPFUNCTION	COLUMN
REL_CD_sourceIds_ENODEBFUNCTION_REALISED_BY_PHYSICALNETWORKAPPLIANCE	REL_CD_556274C475BA56EE4DEFB691F9037C869223A124	COLUMN
REL_CD_sourceIds_SECTOR_GROUPS_EUTRANCELL	REL_CD_sourceIds_SECTOR_GROUPS_EUTRANCELL	COLUMN
REL_CD_sourceIds_ENODEBFUNCTION_PROVIDES_EUTRANCELL	REL_CD_sourceIds_ENODEBFUNCTION_PROVIDES_EUTRANCELL	COLUMN
REL_CD_sourceIds_MANAGEDELEMENT_MANAGES_GNBCUUPFUNCTION	REL_CD_sourceIds_MANAGEDELEMENT_MANAGES_GNBCUUPFUNCTION	COLUMN
REL_CD_sourceIds_ENODEBFUNCTION_PROVIDES_LTESECTORCARRIER	REL_CD_sourceIds_ENODEBFUNCTION_PROVIDES_LTESECTORCARRIER	COLUMN
REL_CD_sourceIds_LTESECTORCARRIER_USES_ANTENNACAPABILITY	REL_CD_sourceIds_LTESECTORCARRIER_USES_ANTENNACAPABILITY	COLUMN
REL_CD_sourceIds_EUTRANCELL_USES_LTESECTORCARRIER	REL_CD_sourceIds_EUTRANCELL_USES_LTESECTORCARRIER	COLUMN
REL_CD_sourceIds_MANAGEDELEMENT_DEPLOYED_AS_CLOUDNATIVESYSTEM	REL_CD_sourceIds_MANAGEDELEMENT_DEPLOYED_AS_CLOUDNATIVESYSTEM	COLUMN
REL_CD_sourceIds_GNBCUCPFUNCTION_PROVIDES_NRCELLCU	REL_CD_sourceIds_GNBCUCPFUNCTION_PROVIDES_NRCELLCU	COLUMN
REL_CD_sourceIds_SECTOR_GROUPS_NRCELLDU	REL_CD_sourceIds_SECTOR_GROUPS_NRCELLDU	COLUMN
REL_CD_sourceIds_GNBDUFUNCTION_PROVIDES_NRCELLDU	REL_CD_sourceIds_GNBDUFUNCTION_PROVIDES_NRCELLDU	COLUMN
REL_CD_sourceIds_NRCELLDU_USES_NRSECTORCARRIER	REL_CD_sourceIds_NRCELLDU_USES_NRSECTORCARRIER	COLUMN
REL_CD_sourceIds_GNBDUFUNCTION_PROVIDES_NRSECTORCARRIER	REL_CD_sourceIds_GNBDUFUNCTION_PROVIDES_NRSECTORCARRIER	COLUMN
REL_CD_sourceIds_NRSECTORCARRIER_USES_ANTENNACAPABILITY	REL_CD_sourceIds_NRSECTORCARRIER_USES_ANTENNACAPABILITY	COLUMN
REL_CD_sourceIds_NAMESPACE_DEPLOYED_ON_NODECLUSTER	REL_CD_sourceIds_NAMESPACE_DEPLOYED_ON_NODECLUSTER	COLUMN
REL_CD_sourceIds_NODECLUSTER_LOCATED_AT_CLOUDSITE	REL_CD_sourceIds_NODECLUSTER_LOCATED_AT_CLOUDSITE	COLUMN
REL_CD_sourceIds_PHYSICALNETWORKAPPLIANCE_INSTALLED_AT_SITE	REL_CD_sourceIds_PHYSICALNETWORKAPPLIANCE_INSTALLED_AT_SITE	COLUMN
REL_CD_sourceIds_MANAGEDELEMENT_MANAGES_ENODEBFUNCTION	REL_CD_sourceIds_MANAGEDELEMENT_MANAGES_ENODEBFUNCTION	COLUMN
REL_CD_sourceIds_MANAGEDELEMENT_REALISED_BY_CLOUDNATIVEAPPLICATION	REL_CD_8F561B5FB3CF928F2C4046CE1A7C37A8FE06B9A7	COLUMN
REL_CD_sourceIds_CLOUDNATIVESYSTEM_COMPRISES_CLOUDNATIVEAPPLICATION	REL_CD_39262797D0119611B8459ECF46754A074711E485	COLUMN
REL_CD_sourceIds_CLOUDNATIVEAPPLICATION_DEPLOYED_ON_NAMESPACE	REL_CD_sourceIds_CLOUDNATIVEAPPLICATION_DEPLOYED_ON_NAMESPACE	COLUMN
REL_CD_sourceIds_CLOUDNATIVEAPPLICATIONNNNNNNNNNN_DEPLOYED_ON_NAMESPACEEEEEEEEEEE	REL_CD_F7E43E0D0F76D6EFED9AB684B84A69E177F591D2	COLUMN
REL_CD_sourceIds_MANAGEDELEMENT_MANAGES_GNBDUFUNCTION	REL_CD_sourceIds_MANAGEDELEMENT_MANAGES_GNBDUFUNCTION	COLUMN
REL_CD_sourceIds_TESTENTITYA_USES_TESTENTITYB	REL_CD_sourceIds_TESTENTITYA_USES_TESTENTITYB	COLUMN
\.

COPY ties_model.module_reference("name", "namespace", "domain", "includedModules", "revision", "content", "ownerAppId", "status") FROM stdin;
o-ran-smo-teiv-common-yang-extensions	urn:o-ran:smo-teiv-common-yang-extensions	\N	[]	2024-05-02	bW9kdWxlIG8tcmFuLXNtby10ZWl2LWNvbW1vbi15YW5nLWV4dGVuc2lvbnMgewoKICB5YW5nLXZlcnNpb24gMS4xOwogIG5hbWVzcGFjZSAidXJuOm8tcmFuOnNtby10ZWl2LWNvbW1vbi15YW5nLWV4dGVuc2lvbnMiOwogIHByZWZpeCBvci10ZWl2LXlleHQ7CgogIG9yZ2FuaXphdGlvbiAiRXJpY3Nzb24gQUIiOwogIGNvbnRhY3QgIkVyaWNzc29uIGZpcnN0IGxpbmUgc3VwcG9ydCB2aWEgZW1haWwiOwogIGRlc2NyaXB0aW9uCiAgIlRvcG9sb2d5IGFuZCBJbnZlbnRvcnkgWUFORyBleHRlbnNpb25zIG1vZGVsLgoKICBDb3B5cmlnaHQgKGMpIDIwMjMgRXJpY3Nzb24gQUIuIEFsbCByaWdodHMgcmVzZXJ2ZWQuCgogIFRoaXMgbW9kZWwgY29udGFpbnMgZXh0ZW5zaW9ucyB0byB0aGUgWUFORyBsYW5ndWFnZSB0aGF0IHRvcG9sb2d5IGFuZAogIGludmVudG9yeSBtb2RlbHMgd2lsbCB1c2UgdG8gZGVmaW5lIGFuZCBhbm5vdGF0ZSB0eXBlcyBhbmQgcmVsYXRpb25zaGlwcy4iOwoKICByZXZpc2lvbiAiMjAyNC0wNS0wMiIgewogICAgZGVzY3JpcHRpb24gIkluaXRpYWwgcmV2aXNpb24uIjsKICAgIG9yLXRlaXYteWV4dDpsYWJlbCAwLjMuMDsKICB9CgogIGV4dGVuc2lvbiBiaURpcmVjdGlvbmFsVG9wb2xvZ3lSZWxhdGlvbnNoaXAgewoKICAgIGRlc2NyaXB0aW9uCiAgICAgICJEZWZpbmVzIGEgYmktZGlyZWN0aW9uYWwgcmVsYXRpb25zaGlwIGluIHRoZSB0b3BvbG9neS4KCiAgICAgICBBIGJpLWRpcmVjdGlvbmFsLWFzc29jaWF0aW9uIChCREEpIGlzIGEgcmVsYXRpb25zaGlwIGNvbXByaXNpbmcgb2YgYW4KICAgICAgIEEtc2lkZSBhbmQgYSBCLXNpZGUuIFRoZSBBLXNpZGUgaXMgY29uc2lkZXJlZCB0aGUgb3JpZ2luYXRpbmcgc2lkZSBvZgogICAgICAgdGhlIHJlbGF0aW9uc2hpcDsgdGhlIEItc2lkZSBpcyBjb25zaWRlcmVkIHRoZSB0ZXJtaW5hdGluZyBzaWRlIG9mIHRoZQogICAgICAgcmVsYXRpb25zaGlwLiBUaGUgb3JkZXIgb2YgQS1zaWRlIGFuZCBCLXNpZGUgaXMgb2YgaW1wb3J0YW5jZSBhbmQgTVVTVAogICAgICAgTk9UIGJlIGNoYW5nZWQgb25jZSBkZWZpbmVkLgoKICAgICAgIEJvdGggQS1zaWRlIGFuZCBCLXNpZGUgYXJlIGRlZmluZWQgb24gYSB0eXBlLCBhbmQgYXJlIGdpdmVuIGEgcm9sZS4gQQogICAgICAgdHlwZSBtYXkgaGF2ZSBtdWx0aXBsZSBvcmlnaW5hdGluZyBhbmQvb3IgdGVybWluYXRpbmcgc2lkZXMgb2YgYQogICAgICAgcmVsYXRpb25zaGlwLCBhbGwgZGlzdGluZ3Vpc2hlZCBieSByb2xlIG5hbWUuCgogICAgICAgVGhlIHN0YXRlbWVudCBNVVNUIG9ubHkgYmUgYSBzdWJzdGF0ZW1lbnQgb2YgdGhlICdtb2R1bGUnIHN0YXRlbWVudC4KICAgICAgIE11bHRpcGxlICdiaS1kaXJlY3Rpb25hbC10b3BvbG9neS1yZWxhdGlvbnNoaXAnIHN0YXRlbWVudHMgYXJlIGFsbG93ZWQKICAgICAgIHBlciBwYXJlbnQgc3RhdGVtZW50LgoKICAgICAgIFN1YnN0YXRlbWVudHMgdG8gdGhlICdiaS1kaXJlY3Rpb25hbC10b3BvbG9neS1yZWxhdGlvbnNoaXAnIGRlZmluZSB0aGUKICAgICAgIEEtc2lkZSBhbmQgdGhlIEItc2lkZSwgcmVzcGVjdGl2ZWx5LCBhbmQgb3B0aW9uYWxseSBwcm9wZXJ0aWVzIG9mIHRoZQogICAgICAgcmVsYXRpb25zaGlwLiBEYXRhIG5vZGVzIG9mIHR5cGVzICdsZWFmJyBhbmQgJ2xlYWYtbGlzdCcgYXJlIHVzZWQgZm9yCiAgICAgICB0aGlzIHB1cnBvc2UuIE9uZSBvZiB0aGUgZGF0YSBub2RlcyBNVVNUIGJlIGFubm90YXRlZCB3aXRoIHRoZSAnYS1zaWRlJwogICAgICAgZXh0ZW5zaW9uOyBhbm90aGVyIGRhdGEgbm9kZSBNVVNUIGJlIGFubm90YXRlZCB3aXRoIHRoZSAnYi1zaWRlJwogICAgICAgZXh0ZW5zaW9uLiBPdGhlciBkYXRhIG5vZGVzIGRlZmluZSBwcm9wZXJ0aWVzIG9mIHRoZSByZWxhdGlvbnNoaXAuCgogICAgICAgVGhlIGFyZ3VtZW50IGlzIHRoZSBuYW1lIG9mIHRoZSByZWxhdGlvbnNoaXAuIFRoZSByZWxhdGlvbnNoaXAgbmFtZSBpcwogICAgICAgc2NvcGVkIHRvIHRoZSBuYW1lc3BhY2Ugb2YgdGhlIGRlY2xhcmluZyBtb2R1bGUgYW5kIE1VU1QgYmUgdW5pcXVlCiAgICAgICB3aXRoaW4gdGhlIHNjb3BlLiI7CgogICAgYXJndW1lbnQgcmVsYXRpb25zaGlwTmFtZTsKICB9CgogIGV4dGVuc2lvbiBhU2lkZSB7CiAgICBkZXNjcmlwdGlvbgogICAgICAiRGVmaW5lcyB0aGUgQS1zaWRlIG9mIGEgcmVsYXRpb25zaGlwLgoKICAgICAgIFRoZSBzdGF0ZW1lbnQgTVVTVCBvbmx5IGJlIGEgc3Vic3RhdGVtZW50IG9mIGEgJ2xlYWYnIG9yICdsZWFmLWxpc3QnCiAgICAgICBzdGF0ZW1lbnQsIHdoaWNoIGl0c2VsZiBtdXN0IGJlIGEgc3Vic3RhdGVtZW50IG9mIHRoZQogICAgICAgJ3VuaS1kaXJlY3Rpb25hbC10b3BvbG9neS1yZWxhdGlvbnNoaXAnIHN0YXRlbWVudC4KCiAgICAgICBUaGUgZGF0YSB0eXBlIG9mIHRoZSBwYXJlbnQgJ2xlYWYnIG9yICdsZWFmLWxpc3QnIE1VU1QgYmUKICAgICAgICdpbnN0YW5jZS1pZGVudGlmaWVyJy4gQ29uc3RyYWludHMgTUFZIGJlIHVzZWQgYXMgcGFydCBvZiB0aGUgcGFyZW50CiAgICAgICAnbGVhZicgb3IgJ2xlYWYtbGlzdCcgdG8gZW5mb3JjZSBjYXJkaW5hbGl0eS4KCiAgICAgICBUaGUgaWRlbnRpZmllciBvZiB0aGUgcGFyZW50ICdsZWFmJyBvciAnbGVhZi1saXN0JyBpcyB1c2VkIGFzIG5hbWUgb2YKICAgICAgIHRoZSByb2xlIG9mIHRoZSBBLXNpZGUgb2YgdGhlIHJlbGF0aW9uc2hpcC4gVGhlIG5hbWUgb2YgdGhlIHJvbGUgaXMKICAgICAgIHNjb3BlZCB0byB0aGUgdHlwZSBvbiB3aGljaCB0aGUgQS1zaWRlIGlzIGRlZmluZWQgYW5kIE1VU1QgYmUgdW5pcXVlCiAgICAgICB3aXRoaW4gdGhlIHNjb3BlLgoKICAgICAgIFdoaWxlIHRoZSBwYXJlbnQgJ2xlYWYnIG9yICdsZWFmLWxpc3QnIGRvZXMgbm90IHJlc3VsdCBpbiBhIHByb3BlcnR5IG9mCiAgICAgICB0aGUgcmVsYXRpb25zaGlwLCBpdCBpcyBSRUNPTU1FTkRFRCB0byBhdm9pZCB1c2luZyB0aGUgbmFtZSBvZiBhbgogICAgICAgZXhpc3RpbmcgdHlwZSBwcm9wZXJ0eSBhcyByb2xlIG5hbWUgdG8gYXZvaWQgcG90ZW50aWFsIGFtYmlndWl0aWVzCiAgICAgICBiZXR3ZWVuIHByb3BlcnRpZXMgb2YgYSB0eXBlLCBhbmQgcm9sZXMgb2YgYSByZWxhdGlvbnNoaXAgb24gdGhlIHR5cGUuCgogICAgICAgVGhlIGFyZ3VtZW50IGlzIHRoZSBuYW1lIG9mIHRoZSB0eXBlIG9uIHdoaWNoIHRoZSBBLXNpZGUgcmVzaWRlcy4gSWYgdGhlCiAgICAgICB0eXBlIGlzIGRlY2xhcmVkIGluIGFub3RoZXIgbW9kdWxlLCB0aGUgdHlwZSBtdXN0IGJlIHByZWZpeGVkLCBhbmQgYQogICAgICAgY29ycmVzcG9uZGluZyAnaW1wb3J0JyBzdGF0ZW1lbnQgYmUgdXNlZCB0byBkZWNsYXJlIHRoZSBwcmVmaXguIjsKCiAgICBhcmd1bWVudCBhU2lkZVR5cGU7CiAgfQoKICBleHRlbnNpb24gYlNpZGUgewogICAgZGVzY3JpcHRpb24gIkRlZmluZXMgdGhlIEItc2lkZSBvZiBhIHJlbGF0aW9uc2hpcC4KCiAgICAgICBUaGUgc3RhdGVtZW50IE1VU1Qgb25seSBiZSBhIHN1YnN0YXRlbWVudCBvZiBhICdsZWFmJyBvciAnbGVhZi1saXN0JwogICAgICAgc3RhdGVtZW50LCB3aGljaCBpdHNlbGYgbXVzdCBiZSBhIHN1YnN0YXRlbWVudCBvZiB0aGUKICAgICAgICd1bmktZGlyZWN0aW9uYWwtdG9wb2xvZ3ktcmVsYXRpb25zaGlwJyBzdGF0ZW1lbnQuCgogICAgICAgVGhlIGRhdGEgdHlwZSBvZiB0aGUgcGFyZW50ICdsZWFmJyBvciAnbGVhZi1saXN0JyBNVVNUIGJlCiAgICAgICAnaW5zdGFuY2UtaWRlbnRpZmllcicuIENvbnN0cmFpbnRzIE1BWSBiZSB1c2VkIGFzIHBhcnQgb2YgdGhlIHBhcmVudAogICAgICAgJ2xlYWYnIG9yICdsZWFmLWxpc3QnIHRvIGVuZm9yY2UgY2FyZGluYWxpdHkuCgogICAgICAgVGhlIGlkZW50aWZpZXIgb2YgdGhlIHBhcmVudCAnbGVhZicgb3IgJ2xlYWYtbGlzdCcgaXMgdXNlZCBhcyBuYW1lIG9mCiAgICAgICB0aGUgcm9sZSBvZiB0aGUgQi1zaWRlIG9mIHRoZSByZWxhdGlvbnNoaXAuIFRoZSBuYW1lIG9mIHRoZSByb2xlIGlzCiAgICAgICBzY29wZWQgdG8gdGhlIHR5cGUgb24gd2hpY2ggdGhlIEItc2lkZSBpcyBkZWZpbmVkIGFuZCBNVVNUIGJlIHVuaXF1ZQogICAgICAgd2l0aGluIHRoZSBzY29wZS4KCiAgICAgICBXaGlsZSB0aGUgcGFyZW50ICdsZWFmJyBvciAnbGVhZi1saXN0JyBkb2VzIG5vdCByZXN1bHQgaW4gYSBwcm9wZXJ0eSBvZgogICAgICAgdGhlIHJlbGF0aW9uc2hpcCwgaXQgaXMgUkVDT01NRU5ERUQgdG8gYXZvaWQgdXNpbmcgdGhlIG5hbWUgb2YgYW4KICAgICAgIGV4aXN0aW5nIHR5cGUgcHJvcGVydHkgYXMgcm9sZSBuYW1lIHRvIGF2b2lkIHBvdGVudGlhbCBhbWJpZ3VpdGllcwogICAgICAgYmV0d2VlbiBwcm9wZXJ0aWVzIG9mIGEgdHlwZSwgYW5kIHJvbGVzIG9mIGEgcmVsYXRpb25zaGlwIG9uIHRoZSB0eXBlLgoKICAgICAgIFRoZSBhcmd1bWVudCBpcyB0aGUgbmFtZSBvZiB0aGUgdHlwZSBvbiB3aGljaCB0aGUgQi1zaWRlIHJlc2lkZXMuIElmIHRoZQogICAgICAgdHlwZSBpcyBkZWNsYXJlZCBpbiBhbm90aGVyIG1vZHVsZSwgdGhlIHR5cGUgbXVzdCBiZSBwcmVmaXhlZCwgYW5kIGEKICAgICAgIGNvcnJlc3BvbmRpbmcgJ2ltcG9ydCcgc3RhdGVtZW50IGJlIHVzZWQgdG8gZGVjbGFyZSB0aGUgcHJlZml4LiI7CgogICAgYXJndW1lbnQgYlNpZGVUeXBlOwogIH0KCiAgZXh0ZW5zaW9uIGRvbWFpbiB7CiAgICBkZXNjcmlwdGlvbiAiS2V5d29yZCB1c2VkIHRvIGNhcnJ5IGRvbWFpbiBpbmZvcm1hdGlvbi4iOwogICAgYXJndW1lbnQgZG9tYWluTmFtZTsKICB9CgogIGV4dGVuc2lvbiBsYWJlbCB7CiAgICBkZXNjcmlwdGlvbiAiVGhlIGxhYmVsIGNhbiBiZSB1c2VkIHRvIGdpdmUgbW9kdWxlcyBhbmQgc3VibW9kdWxlcyBhIHNlbWFudGljIHZlcnNpb24sIGluIGFkZGl0aW9uIHRvIHRoZWlyIHJldmlzaW9uLgoKICAgICAgVGhlIGZvcm1hdCBvZiB0aGUgbGFiZWwgaXMg4oCYeC55LnrigJkg4oCTIGV4cHJlc3NlZCBhcyBwYXR0ZXJuLCBpdCBpcyBbMC05XStcXC5bMC05XStcXC5bMC05XSsKCiAgICAgIFRoZSBzdGF0ZW1lbnQgTVVTVCBvbmx5IGJlIGEgc3Vic3RhdGVtZW50IG9mIHRoZSByZXZpc2lvbiBzdGF0ZW1lbnQuICBaZXJvIG9yIG9uZSByZXZpc2lvbiBsYWJlbCBzdGF0ZW1lbnRzCiAgICAgIHBlciBwYXJlbnQgc3RhdGVtZW50IGFyZSBhbGxvd2VkLgoKICAgICAgUmV2aXNpb24gbGFiZWxzIE1VU1QgYmUgdW5pcXVlIGFtb25nc3QgYWxsIHJldmlzaW9ucyBvZiBhIG1vZHVsZSBvciBzdWJtb2R1bGUuIjsKICAgICAgYXJndW1lbnQgc2VtdmVyc2lvbjsKICB9Cn0=	BUILT_IN_MODULE	IN_USAGE
o-ran-smo-teiv-oam-to-cloud	urn:o-ran:smo-teiv-oam-to-cloud	OAM_TO_CLOUD	["o-ran-smo-teiv-oam", "o-ran-smo-teiv-cloud"]	2024-05-02	bW9kdWxlIG8tcmFuLXNtby10ZWl2LW9hbS10by1jbG91ZCB7CiAgICB5YW5nLXZlcnNpb24gMS4xOwogICAgbmFtZXNwYWNlICJ1cm46by1yYW46c21vLXRlaXYtb2FtLXRvLWNsb3VkIjsKICAgIHByZWZpeCBvci10ZWl2LW9hbXRvY2xvdWQ7CgogICAgaW1wb3J0IG8tcmFuLXNtby10ZWl2LWNvbW1vbi15YW5nLXR5cGVzIHtwcmVmaXggb3ItdGVpdi10eXBlczsgfQoKICAgIGltcG9ydCBvLXJhbi1zbW8tdGVpdi1jb21tb24teWFuZy1leHRlbnNpb25zIHtwcmVmaXggb3ItdGVpdi15ZXh0OyB9CgogICAgaW1wb3J0IG8tcmFuLXNtby10ZWl2LW9hbSB7cHJlZml4IG9yLXRlaXYtb2FtOyB9CgogICAgaW1wb3J0IG8tcmFuLXNtby10ZWl2LWNsb3VkIHtwcmVmaXggb3ItdGVpdi1jbG91ZDsgfQoKICAgIG9yZ2FuaXphdGlvbiAiRXJpY3Nzb24gQUIiOwogICAgY29udGFjdCAiRXJpY3Nzb24gZmlyc3QgbGluZSBzdXBwb3J0IHZpYSBlbWFpbCI7CiAgICBkZXNjcmlwdGlvbgogICAgIlJBTiBPJk0gdG8gQ2xvdWQgdG9wb2xvZ3kgbW9kZWwuCgogICAgQ29weXJpZ2h0IChjKSAyMDIzIEVyaWNzc29uIEFCLiBBbGwgcmlnaHRzIHJlc2VydmVkLgoKICAgIFRoaXMgbW9kZWwgY29udGFpbnMgdGhlIFJBTiBPJk0gdG8gQ2xvdWQgdG9wb2xvZ3kgcmVsYXRpb25zIjsKCiAgICByZXZpc2lvbiAiMjAyNC0wNS0wMiIgewogICAgICAgIGRlc2NyaXB0aW9uICJJbml0aWFsIHJldmlzaW9uLiI7CiAgICAgICAgb3ItdGVpdi15ZXh0OmxhYmVsIDAuMy4wOwogICAgfQoKICAgIG9yLXRlaXYteWV4dDpkb21haW4gT0FNX1RPX0NMT1VEOwoKICAgIG9yLXRlaXYteWV4dDpiaURpcmVjdGlvbmFsVG9wb2xvZ3lSZWxhdGlvbnNoaXAgTUFOQUdFREVMRU1FTlRfREVQTE9ZRURfQVNfQ0xPVURJRklFRE5GIHsgIC8vIDAuLjEgdG8gMQoKICAgICAgICB1c2VzIG9yLXRlaXYtdHlwZXM6VG9wX0dycF9UeXBlOwogICAgICAgIGtleSBpZDsKCiAgICAgICAgbGVhZiBkZXBsb3llZC1hcy1jbG91ZGlmaWVkTkYgewogICAgICAgICAgICBkZXNjcmlwdGlvbiAiTWFuYWdlZCBFbGVtZW50IGRlcGxveWVkIGFzIENsb3VkaWZpZWQgTkYuIjsKICAgICAgICAgICAgb3ItdGVpdi15ZXh0OmFTaWRlIG9yLXRlaXYtb2FtOk1hbmFnZWRFbGVtZW50OwogICAgICAgICAgICB0eXBlIGluc3RhbmNlLWlkZW50aWZpZXI7CiAgICAgICAgfQoKICAgICAgICBsZWFmIGRlcGxveWVkLW1hbmFnZWRFbGVtZW50IHsKICAgICAgICAgICAgZGVzY3JpcHRpb24gIkNsb3VkaWZpZWQgTkYgZGVwbG95cyBNYW5hZ2VkIEVsZW1lbnQuIjsKICAgICAgICAgICAgb3ItdGVpdi15ZXh0OmJTaWRlIG9yLXRlaXYtY2xvdWQ6Q2xvdWRpZmllZE5GOwogICAgICAgICAgICB0eXBlIGluc3RhbmNlLWlkZW50aWZpZXI7CiAgICAgICAgICAgIG1hbmRhdG9yeSB0cnVlOwogICAgICAgIH0KICAgIH0KCiAgICBvci10ZWl2LXlleHQ6YmlEaXJlY3Rpb25hbFRvcG9sb2d5UmVsYXRpb25zaGlwIE5GREVQTE9ZTUVOVF9TRVJWRVNfTUFOQUdFREVMRU1FTlQgeyAvLyAxLi5uIHRvIDEKCiAgICAgICAgdXNlcyBvci10ZWl2LXR5cGVzOlRvcF9HcnBfVHlwZTsKICAgICAgICBrZXkgaWQ7CgogICAgICAgIGxlYWYgc2VydmljZWQtbWFuYWdlZEVsZW1lbnQgewogICAgICAgICAgICBkZXNjcmlwdGlvbiAiTWFuYWdlZCBFbGVtZW50IHNlcnZpY2VkIGJ5IHRoaXMgTkYgRGVwbG95bWVudC4iOwogICAgICAgICAgICBvci10ZWl2LXlleHQ6YVNpZGUgb3ItdGVpdi1jbG91ZDpORkRlcGxveW1lbnQ7CiAgICAgICAgICAgIHR5cGUgaW5zdGFuY2UtaWRlbnRpZmllcjsKICAgICAgICAgICAgbWFuZGF0b3J5IHRydWU7CiAgICAgICAgfQoKICAgICAgICBsZWFmLWxpc3Qgc2VydmluZy1uRkRlcGxveW1lbnQgewogICAgICAgICAgICBkZXNjcmlwdGlvbiAiTkYgRGVwbG95bWVudCB0aGF0IHNlcnZlcyB0aGlzIE1hbmFnZWQgRWxlbWVudC4iOwogICAgICAgICAgICBvci10ZWl2LXlleHQ6YlNpZGUgb3ItdGVpdi1vYW06TWFuYWdlZEVsZW1lbnQ7CiAgICAgICAgICAgIHR5cGUgaW5zdGFuY2UtaWRlbnRpZmllcjsKICAgICAgICAgICAgbWluLWVsZW1lbnRzIDE7CiAgICAgICAgfQogICAgfQp9	BUILT_IN_MODULE	IN_USAGE
o-ran-smo-teiv-common-yang-types	urn:o-ran:smo-teiv-common-yang-types	\N	[]	2024-05-02	bW9kdWxlIG8tcmFuLXNtby10ZWl2LWNvbW1vbi15YW5nLXR5cGVzIHsKCiAgeWFuZy12ZXJzaW9uIDEuMTsKICBuYW1lc3BhY2UgInVybjpvLXJhbjpzbW8tdGVpdi1jb21tb24teWFuZy10eXBlcyI7CiAgcHJlZml4IG9yLXRlaXYtdHlwZXM7CgogIGltcG9ydCBvLXJhbi1zbW8tdGVpdi1jb21tb24teWFuZy1leHRlbnNpb25zIHtwcmVmaXggb3ItdGVpdi15ZXh0OyB9CgogIGltcG9ydCBfM2dwcC1jb21tb24teWFuZy10eXBlcyB7IHByZWZpeCB0eXBlczNncHA7IH0KCiAgb3JnYW5pemF0aW9uICJFcmljc3NvbiBBQiI7CiAgY29udGFjdCAiRXJpY3Nzb24gZmlyc3QgbGluZSBzdXBwb3J0IHZpYSBlbWFpbCI7CiAgZGVzY3JpcHRpb24KICAiVG9wb2xvZ3kgYW5kIEludmVudG9yeSBjb21tb24gdHlwZXMgbW9kZWwuCgogIENvcHlyaWdodCAoYykgMjAyMyBFcmljc3NvbiBBQi4gQWxsIHJpZ2h0cyByZXNlcnZlZC4KCiAgVGhpcyBtb2RlbCBjb250YWlucyByZS11c2FibGUgZGF0YSB0eXBlcyB0aGF0IHRvcG9sb2d5IGFuZCBpbnZlbnRvcnkgbW9kZWxzCiAgd2lsbCBmcmVxdWVudGx5IHVzZSBhcyBwYXJ0IG9mIHR5cGVzIGFuZCByZWxhdGlvbnNoaXBzLiI7CgogIHJldmlzaW9uICIyMDI0LTA1LTAyIiB7CiAgICBkZXNjcmlwdGlvbiAiSW5pdGlhbCByZXZpc2lvbi4iOwogICAgb3ItdGVpdi15ZXh0OmxhYmVsIDAuMy4wOwogIH0KCiAgZ3JvdXBpbmcgVG9wX0dycF9UeXBlIHsKCiAgICBkZXNjcmlwdGlvbiAiR3JvdXBpbmcgY29udGFpbmluZyB0aGUga2V5IGF0dHJpYnV0ZSBjb21tb24gdG8gYWxsIHR5cGVzLiBBbGwgdHlwZXMKICAgICAgICAgICAgICAgIE1VU1QgdXNlIHRoaXMgZ3JvdXBpbmcuIjsKCiAgICBsZWFmIGlkIHsKICAgICAgdHlwZSBzdHJpbmc7CiAgICAgIGRlc2NyaXB0aW9uICJVbmlxdWUgaWRlbnRpZmllciBvZiB0b3BvbG9neSBlbnRpdGllcy4gUmVwcmVzZW50cyB0aGUgRW50aXR5IEluc3RhbmNlIElkZW50aWZpZXIuIjsKICAgIH0KICB9CgogIGdyb3VwaW5nIENNX0lEIHsKCiAgICBkZXNjcmlwdGlvbiAiR3JvdXBpbmcgY29udGFpbmluZyB0aGUga2V5IGF0dHJpYnV0ZXMgdG8gbWFrZQogICAgICAgICAgICAgICAgdXNlIG9mIENvbmZpZ3VyYXRpb24gTWFuYWdlbWVudCAoQ00pLiI7CgogICAgbGVhZiBjbUhhbmRsZSB7CiAgICAgIHR5cGUgc3RyaW5nOwogICAgICBkZXNjcmlwdGlvbiAiVW5pcXVlIGlkZW50aWZpZXIgZm9yIG5ldHdvcmsgZW50aXRpZXMgaW4gQ00uIjsKICAgIH0KCiAgICBsZWFmIHJlc291cmNlSWRlbnRpZmllciB7CiAgICAgIHR5cGUgc3RyaW5nOwogICAgICBkZXNjcmlwdGlvbiAiVGhlIHhwYXRoIGV4cHJlc3Npb24gaWRlbnRpZnlpbmcgdGhlIHJlc291cmNlIGluIHRoZSBOb2RlIG1vZGVsIHlhbmcgdHJlZS4iOwogICAgfQogIH0KCiAgdHlwZWRlZiBfM0dQUF9GRE5fVHlwZSB7CiAgICB0eXBlIHR5cGVzM2dwcDpEaXN0aW5ndWlzaGVkTmFtZTsKICB9CgogIGNvbnRhaW5lciBjb25zdW1lci1kYXRhIHsKICAgIGRlc2NyaXB0aW9uICJUaGlzIGNvbnRhaW5lciBkZWZpbmVzIHRoZSBjb25zdW1lci1kYXRhLiBDb25zdW1lci1kYXRhIG1heSBiZSBhdHRhY2hlZCB0byBUb3BvbG9neSBFbnRpdHkgb3IKICAgICAgICAgICAgICAgIFRvcG9sb2d5IFJlbGF0aW9uIGluc3RhbmNlLCBvdXRzaWRlIG9mIHRoZSBkZWNsYXJlZCBUb3BvbG9neSBFbnRpdHkgb3IgVG9wb2xvZ3kgUmVsYXRpb25zaGlwJ3MgYXR0cmlidXRlcy4KICAgICAgICAgICAgICAgIFRoaXMgY29udGFpbmVyIGNhbm5vdCBiZSBpbnN0YW50aWF0ZWQsIGFuZCBpdCBNVVNUIE5PVCBiZSBhdWdtZW50ZWQgb3IgZGV2aWF0ZWQgaW4gYW55IHdheSwgdW5sZXNzIHN0YXRlZAogICAgICAgICAgICAgICAgb3RoZXJ3aXNlLiI7CgogICAgY29udGFpbmVyIGRlY29yYXRvcnMgewogICAgICBkZXNjcmlwdGlvbiAiVGhpcyBjb250YWluZXIgc2VydmVzIGFzIGV4dGVuc2lvbiBwb2ludCBmb3IgYXBwbGljYXRpb25zIHdpc2hpbmcgdG8gZGVmaW5lIHRoZWlyIG93biBkZWNvcmF0b3JzLgogICAgICAgICAgICAgICAgICBUaGlzIGlzIGRvbmUgdmlhIGF1Z21lbnRhdGlvbnMuIFRoZXkgY2FuIG9ubHkgYmUgZGVmaW5lZCBpbiBuYW1lIHZhbHVlIHBhaXIuIjsKICAgIH0KCiAgICBsZWFmLWxpc3QgY2xhc3NpZmllcnMgewogICAgICBkZXNjcmlwdGlvbiAiQ29uc3VtZXIgZGVmaW5lZCB0YWdzIHRvIHRvcG9sb2d5IGVudGl0aWVzIGFuZCByZWxhdGlvbnNoaXBzLiI7CiAgICAgIHR5cGUgaWRlbnRpdHlyZWYgeyBiYXNlIGNsYXNzaWZpZXI7IH0KICAgIH0KCiAgICBsZWFmLWxpc3Qgc291cmNlSWRzIHsKICAgICAgZGVzY3JpcHRpb24gIkFuIG9yZGVyZWQgbGlzdCBvZiBpZGVudGl0aWVzIHRoYXQgcmVwcmVzZW50IHRoZSBzZXQgb2YgbmF0aXZlIHNvdXJjZSBpZGVudGlmaWVycyBmb3IgcGFydGljaXBhdGluZwogICAgICAgICAgICAgICAgICBlbnRpdGllcy4iOwogICAgICB0eXBlIHN0cmluZzsKICAgICAgb3JkZXJlZC1ieSB1c2VyOwogICAgfQoKICAgIGNvbnRhaW5lciBtZXRhZGF0YSB7CiAgICAgIGRlc2NyaXB0aW9uICJUaGlzIGNvbnRhaW5lciBzZXJ2ZXMgYXMgZXh0ZW5zaW9uIHBvaW50IHRvIGRlZmluZSBtZXRhZGF0YS4gVGhleSBjYW4gb25seSBiZSBkZWZpbmVkIGluIG5hbWUgdmFsdWUKICAgICAgICAgICAgICAgICAgcGFpci4iOwogICAgfQogIH0KCiAgaWRlbnRpdHkgY2xhc3NpZmllcnsKICAgIGRlc2NyaXB0aW9uICAiVGhlIGNsYXNzaWZpZXIgaXMgdXNlZCBhcyBhIGJhc2UgdG8gcHJvdmlkZSBhbGwgY2xhc3NpZmllcnMgd2l0aCBpZGVudGl0eS4gIjsKICB9Cn0=	BUILT_IN_MODULE	IN_USAGE
o-ran-smo-teiv-oam	urn:o-ran:smo-teiv-oam	OAM	[]	2024-05-02	bW9kdWxlIG8tcmFuLXNtby10ZWl2LW9hbSB7CiAgICB5YW5nLXZlcnNpb24gMS4xOwogICAgbmFtZXNwYWNlICJ1cm46by1yYW46c21vLXRlaXYtb2FtIjsKICAgIHByZWZpeCBvci10ZWl2LW9hbTsKCiAgICBpbXBvcnQgby1yYW4tc21vLXRlaXYtY29tbW9uLXlhbmctdHlwZXMge3ByZWZpeCBvci10ZWl2LXR5cGVzOyB9CgogICAgaW1wb3J0IG8tcmFuLXNtby10ZWl2LWNvbW1vbi15YW5nLWV4dGVuc2lvbnMge3ByZWZpeCBvci10ZWl2LXlleHQ7IH0KCiAgICBvcmdhbml6YXRpb24gIkVyaWNzc29uIEFCIjsKICAgIGNvbnRhY3QgIkVyaWNzc29uIGZpcnN0IGxpbmUgc3VwcG9ydCB2aWEgZW1haWwiOwogICAgZGVzY3JpcHRpb24KICAgICJSQU4gTyZNIHRvcG9sb2d5IG1vZGVsLgoKICAgIENvcHlyaWdodCAoYykgMjAyMyBFcmljc3NvbiBBQi4gQWxsIHJpZ2h0cyByZXNlcnZlZC4KCiAgICBUaGlzIG1vZGVsIGNvbnRhaW5zIHRoZSB0b3BvbG9neSBlbnRpdGllcyBhbmQgcmVsYXRpb25zIGluIHRoZQogICAgUkFOIE8mTSBkb21haW4sIHdoaWNoIGFyZSBpbnRlbmRlZCB0byByZXByZXNlbnQgbWFuYWdlbWVudCBzeXN0ZW1zCiAgICBhbmQgbWFuYWdlbWVudCBpbnRlcmZhY2VzLiI7CgogICAgcmV2aXNpb24gIjIwMjQtMDUtMDIiIHsKICAgICAgICBkZXNjcmlwdGlvbiAiSW5pdGlhbCByZXZpc2lvbi4iOwogICAgICAgIG9yLXRlaXYteWV4dDpsYWJlbCAwLjMuMDsKICAgIH0KCiAgICBvci10ZWl2LXlleHQ6ZG9tYWluIE9BTTsKCiAgICBsaXN0IE1hbmFnZWRFbGVtZW50IHsKICAgICAgICBkZXNjcmlwdGlvbiAiQSBNYW5hZ2VkIEVsZW1lbnQgKE1FKSBpcyBhIG5vZGUgaW50byBhIHRlbGVjb21tdW5pY2F0aW9uIG5ldHdvcmsKICAgICAgICAgICAgICAgICAgICBwcm92aWRpbmcgc3VwcG9ydCBhbmQvb3Igc2VydmljZSB0byBzdWJzY3JpYmVycy4gQW4gTUUgY29tbXVuaWNhdGVzCiAgICAgICAgICAgICAgICAgICAgd2l0aCBhIG1hbmFnZXIgYXBwbGljYXRpb24gKGRpcmVjdGx5IG9yIGluZGlyZWN0bHkpIG92ZXIgb25lIG9yIG1vcmUKICAgICAgICAgICAgICAgICAgICBpbnRlcmZhY2VzIGZvciB0aGUgcHVycG9zZSBvZiBiZWluZyBtb25pdG9yZWQgYW5kL29yIGNvbnRyb2xsZWQuIjsKCiAgICAgICAgdXNlcyBvci10ZWl2LXR5cGVzOlRvcF9HcnBfVHlwZTsKICAgICAgICBrZXkgaWQ7CgogICAgICAgIGNvbnRhaW5lciBhdHRyaWJ1dGVzIHsKICAgICAgICAgICAgbGVhZiBmZG4gewogICAgICAgICAgICAgICAgZGVzY3JpcHRpb24gIlRoaXMgRnVsbCBEaXN0aW5ndWlzaGVkIE5hbWUgKEZETikgaWRlbnRpZmllcwogICAgICAgICAgICAgICAgICAgICAgICAgICAgYW4gaW5zdGFuY2Ugb2YgdGhlIE1hbmFnZWRFbGVtZW50IE1PLiBJdCBjb250YWlucwogICAgICAgICAgICAgICAgICAgICAgICAgICAgdGhlIGZ1bGwgcGF0aCBmcm9tIHRoZSBTdWJuZXR3b3JrIHRvIHRoZQogICAgICAgICAgICAgICAgICAgICAgICAgICAgTWFuYWdlZEVsZW1lbnQuIjsKICAgICAgICAgICAgICAgIHR5cGUgb3ItdGVpdi10eXBlczpfM0dQUF9GRE5fVHlwZTsKICAgICAgICAgICAgfQoKICAgICAgICAgICAgY29udGFpbmVyIGNtSWQgewogICAgICAgICAgICAgICAgdXNlcyBvci10ZWl2LXR5cGVzOkNNX0lEOwogICAgICAgICAgICB9CiAgICAgICAgfQogICAgfQp9	BUILT_IN_MODULE	IN_USAGE
o-ran-smo-teiv-oam-to-ran	urn:o-ran:smo-teiv-oam-to-ran	OAM_TO_RAN	["o-ran-smo-teiv-oam", "o-ran-smo-teiv-ran"]	2024-05-02	bW9kdWxlIG8tcmFuLXNtby10ZWl2LW9hbS10by1yYW4gewogICAgeWFuZy12ZXJzaW9uIDEuMTsKICAgIG5hbWVzcGFjZSAidXJuOm8tcmFuOnNtby10ZWl2LW9hbS10by1yYW4iOwogICAgcHJlZml4IG9yLXRlaXYtb2FtdG9yYW47CgogICAgaW1wb3J0IG8tcmFuLXNtby10ZWl2LWNvbW1vbi15YW5nLXR5cGVzIHtwcmVmaXggb3ItdGVpdi10eXBlczsgfQoKICAgIGltcG9ydCBvLXJhbi1zbW8tdGVpdi1jb21tb24teWFuZy1leHRlbnNpb25zIHtwcmVmaXggb3ItdGVpdi15ZXh0OyB9CgogICAgaW1wb3J0IG8tcmFuLXNtby10ZWl2LW9hbSB7cHJlZml4IG9yLXRlaXYtb2FtOyB9CgogICAgaW1wb3J0IG8tcmFuLXNtby10ZWl2LXJhbiB7cHJlZml4IG9yLXRlaXYtcmFuOyB9CgogICAgb3JnYW5pemF0aW9uICJFcmljc3NvbiBBQiI7CiAgICBjb250YWN0ICJFcmljc3NvbiBmaXJzdCBsaW5lIHN1cHBvcnQgdmlhIGVtYWlsIjsKICAgIGRlc2NyaXB0aW9uCiAgICAiUkFOIE8mTSB0byBMb2dpY2FsIHRvcG9sb2d5IG1vZGVsLgoKICAgIENvcHlyaWdodCAoYykgMjAyMyBFcmljc3NvbiBBQi4gQWxsIHJpZ2h0cyByZXNlcnZlZC4KCiAgICBUaGlzIG1vZGVsIGNvbnRhaW5zIHRoZSBSQU4gTyZNIHRvIExvZ2ljYWwgdG9wb2xvZ3kgcmVsYXRpb25zIjsKCiAgICByZXZpc2lvbiAiMjAyNC0wNS0wMiIgewogICAgICAgIGRlc2NyaXB0aW9uICJJbml0aWFsIHJldmlzaW9uLiI7CiAgICAgICAgb3ItdGVpdi15ZXh0OmxhYmVsIDAuMy4wOwogICAgfQoKICAgIG9yLXRlaXYteWV4dDpkb21haW4gT0FNX1RPX1JBTjsKCiAgICBvci10ZWl2LXlleHQ6YmlEaXJlY3Rpb25hbFRvcG9sb2d5UmVsYXRpb25zaGlwIE1BTkFHRURFTEVNRU5UX01BTkFHRVNfRU5PREVCRlVOQ1RJT04geyAgIC8vIDEgdG8gMC4ubgoKICAgICAgICB1c2VzIG9yLXRlaXYtdHlwZXM6VG9wX0dycF9UeXBlOwogICAgICAgIGtleSBpZDsKCiAgICAgICAgbGVhZi1saXN0IG1hbmFnZWQtZW5vZGViRnVuY3Rpb24gewogICAgICAgICAgICBkZXNjcmlwdGlvbiAiTWFuYWdlZCBFbGVtZW50IG1hbmFnZXMgZU5vZGVCIEZ1bmN0aW9uLiI7CiAgICAgICAgICAgIG9yLXRlaXYteWV4dDphU2lkZSBvci10ZWl2LW9hbTpNYW5hZ2VkRWxlbWVudDsKICAgICAgICAgICAgdHlwZSBpbnN0YW5jZS1pZGVudGlmaWVyOwogICAgICAgIH0KCiAgICAgICAgbGVhZiBtYW5hZ2VkLWJ5LW1hbmFnZWRFbGVtZW50IHsKICAgICAgICAgICAgZGVzY3JpcHRpb24gImVOb2RlQiBGdW5jdGlvbiBtYW5hZ2VkIGJ5IE1hbmFnZWQgRWxlbWVudC4iOwogICAgICAgICAgICBvci10ZWl2LXlleHQ6YlNpZGUgb3ItdGVpdi1yYW46RU5vZGVCRnVuY3Rpb247CiAgICAgICAgICAgIHR5cGUgaW5zdGFuY2UtaWRlbnRpZmllcjsKICAgICAgICAgICAgbWFuZGF0b3J5IHRydWU7CiAgICAgICAgfQogICAgfQoKICAgIG9yLXRlaXYteWV4dDpiaURpcmVjdGlvbmFsVG9wb2xvZ3lSZWxhdGlvbnNoaXAgTUFOQUdFREVMRU1FTlRfTUFOQUdFU19HTkJEVUZVTkNUSU9OIHsgICAgLy8gMSB0byAwLi5uCgogICAgICAgIHVzZXMgb3ItdGVpdi10eXBlczpUb3BfR3JwX1R5cGU7CiAgICAgICAga2V5IGlkOwoKICAgICAgICBsZWFmLWxpc3QgbWFuYWdlZC1nbmJkdUZ1bmN0aW9uIHsKICAgICAgICAgICAgZGVzY3JpcHRpb24gIk1hbmFnZWQgRWxlbWVudCBtYW5hZ2VzIGdOb2RlQi1EVSBGdW5jdGlvbi4iOwogICAgICAgICAgICBvci10ZWl2LXlleHQ6YVNpZGUgb3ItdGVpdi1vYW06TWFuYWdlZEVsZW1lbnQ7CiAgICAgICAgICAgIHR5cGUgaW5zdGFuY2UtaWRlbnRpZmllcjsKICAgICAgICB9CgogICAgICAgIGxlYWYgbWFuYWdlZC1ieS1tYW5hZ2VkRWxlbWVudCB7CiAgICAgICAgICAgIGRlc2NyaXB0aW9uICJnTm9kZUItRFUgRnVuY3Rpb24gbWFuYWdlZCBieSBNYW5hZ2VkIEVsZW1lbnQuIjsKICAgICAgICAgICAgb3ItdGVpdi15ZXh0OmJTaWRlIG9yLXRlaXYtcmFuOkdOQkRVRnVuY3Rpb247CiAgICAgICAgICAgIHR5cGUgaW5zdGFuY2UtaWRlbnRpZmllcjsKICAgICAgICAgICAgbWFuZGF0b3J5IHRydWU7CiAgICAgICAgfQogICAgfQoKICAgIG9yLXRlaXYteWV4dDpiaURpcmVjdGlvbmFsVG9wb2xvZ3lSZWxhdGlvbnNoaXAgTUFOQUdFREVMRU1FTlRfTUFOQUdFU19HTkJDVUNQRlVOQ1RJT04geyAgICAvLyAxIHRvIDAuLm4KCiAgICAgICAgdXNlcyBvci10ZWl2LXR5cGVzOlRvcF9HcnBfVHlwZTsKICAgICAgICBrZXkgaWQ7CgogICAgICAgIGxlYWYtbGlzdCBtYW5hZ2VkLWduYmN1Y3BGdW5jdGlvbiB7CiAgICAgICAgICAgIGRlc2NyaXB0aW9uICJNYW5hZ2VkIEVsZW1lbnQgbWFuYWdlcyBnTm9kZUItQ1UtQ1AgRnVuY3Rpb24uIjsKICAgICAgICAgICAgb3ItdGVpdi15ZXh0OmFTaWRlIG9yLXRlaXYtb2FtOk1hbmFnZWRFbGVtZW50OwogICAgICAgICAgICB0eXBlIGluc3RhbmNlLWlkZW50aWZpZXI7CiAgICAgICAgfQoKICAgICAgICBsZWFmIG1hbmFnZWQtYnktbWFuYWdlZEVsZW1lbnQgewogICAgICAgICAgICBkZXNjcmlwdGlvbiAiZ05vZGVCLUNVLUNQIEZ1bmN0aW9uIG1hbmFnZWQgYnkgTWFuYWdlZCBFbGVtZW50LiI7CiAgICAgICAgICAgIG9yLXRlaXYteWV4dDpiU2lkZSBvci10ZWl2LXJhbjpHTkJDVUNQRnVuY3Rpb247CiAgICAgICAgICAgIHR5cGUgaW5zdGFuY2UtaWRlbnRpZmllcjsKICAgICAgICAgICAgbWFuZGF0b3J5IHRydWU7CiAgICAgICAgfQogICAgfQoKICAgIG9yLXRlaXYteWV4dDpiaURpcmVjdGlvbmFsVG9wb2xvZ3lSZWxhdGlvbnNoaXAgTUFOQUdFREVMRU1FTlRfTUFOQUdFU19HTkJDVVVQRlVOQ1RJT04geyAgICAvLyAxIHRvIDAuLm4KCiAgICAgICAgdXNlcyBvci10ZWl2LXR5cGVzOlRvcF9HcnBfVHlwZTsKICAgICAgICBrZXkgaWQ7CgogICAgICAgIGxlYWYtbGlzdCBtYW5hZ2VkLWduYmN1dXBGdW5jdGlvbiB7CiAgICAgICAgICAgIGRlc2NyaXB0aW9uICJNYW5hZ2VkIEVsZW1lbnQgbWFuYWdlcyBnTm9kZUItQ1UtVVAgRnVuY3Rpb24uIjsKICAgICAgICAgICAgb3ItdGVpdi15ZXh0OmFTaWRlIG9yLXRlaXYtb2FtOk1hbmFnZWRFbGVtZW50OwogICAgICAgICAgICB0eXBlIGluc3RhbmNlLWlkZW50aWZpZXI7CiAgICAgICAgfQoKICAgICAgICBsZWFmIG1hbmFnZWQtYnktbWFuYWdlZEVsZW1lbnQgewogICAgICAgICAgICBkZXNjcmlwdGlvbiAiZ05vZGVCLUNVLVVQIEZ1bmN0aW9uIG1hbmFnZWQgYnkgTWFuYWdlZCBFbGVtZW50LiI7CiAgICAgICAgICAgIG9yLXRlaXYteWV4dDpiU2lkZSBvci10ZWl2LXJhbjpHTkJDVVVQRnVuY3Rpb247CiAgICAgICAgICAgIHR5cGUgaW5zdGFuY2UtaWRlbnRpZmllcjsKICAgICAgICAgICAgbWFuZGF0b3J5IHRydWU7CiAgICAgICAgfQogICAgfQp9	BUILT_IN_MODULE	IN_USAGE
o-ran-smo-teiv-ran	urn:o-ran:smo-teiv-ran	RAN	[]	2024-05-02	bW9kdWxlIG8tcmFuLXNtby10ZWl2LXJhbiB7CiAgICB5YW5nLXZlcnNpb24gMS4xOwogICAgbmFtZXNwYWNlICJ1cm46by1yYW46c21vLXRlaXYtcmFuIjsKICAgIHByZWZpeCBvci10ZWl2LXJhbjsKCiAgICBpbXBvcnQgby1yYW4tc21vLXRlaXYtY29tbW9uLXlhbmctdHlwZXMge3ByZWZpeCBvci10ZWl2LXR5cGVzOyB9CgogICAgaW1wb3J0IG8tcmFuLXNtby10ZWl2LWNvbW1vbi15YW5nLWV4dGVuc2lvbnMge3ByZWZpeCBvci10ZWl2LXlleHQ7IH0KCiAgICBpbXBvcnQgXzNncHAtY29tbW9uLXlhbmctdHlwZXMgeyBwcmVmaXggdHlwZXMzZ3BwOyB9CgogICAgaW1wb3J0IGlldGYtZ2VvLWxvY2F0aW9uIHsKICAgICAgICBwcmVmaXggZ2VvOwogICAgICAgIHJlZmVyZW5jZSAiUkZDIDkxNzk6IEEgWUFORyBHcm91cGluZyBmb3IgR2VvZ3JhcGhpYyBMb2NhdGlvbnMiOwogICAgfQoKICAgIG9yZ2FuaXphdGlvbiAiRXJpY3Nzb24gQUIiOwogICAgY29udGFjdCAiRXJpY3Nzb24gZmlyc3QgbGluZSBzdXBwb3J0IHZpYSBlbWFpbCI7CiAgICBkZXNjcmlwdGlvbgogICAgIlJBTiBMb2dpY2FsIHRvcG9sb2d5IG1vZGVsLgoKICAgIENvcHlyaWdodCAoYykgMjAyMyBFcmljc3NvbiBBQi4gQWxsIHJpZ2h0cyByZXNlcnZlZC4KCiAgICBUaGlzIG1vZGVsIGNvbnRhaW5zIHRoZSB0b3BvbG9neSBlbnRpdGllcyBhbmQgcmVsYXRpb25zIGluIHRoZQogICAgUkFOIExvZ2ljYWwgZG9tYWluLCB3aGljaCByZXByZXNlbnRzIHRoZSBmdW5jdGlvbmFsIGNhcGFiaWxpdHkKICAgIG9mIHRoZSBkZXBsb3llZCBSQU4gdGhhdCBhcmUgcmVsZXZhbnQgdG8gckFwcHMgdXNlIGNhc2VzLiI7CgogICAgcmV2aXNpb24gIjIwMjQtMDUtMDIiIHsKICAgICAgICBkZXNjcmlwdGlvbiAiSW5pdGlhbCByZXZpc2lvbi4iOwogICAgICAgIG9yLXRlaXYteWV4dDpsYWJlbCAwLjMuMDsKICAgIH0KCiAgICBvci10ZWl2LXlleHQ6ZG9tYWluIFJBTjsKCiAgICBsaXN0IEdOQkRVRnVuY3Rpb24gewogICAgICAgIGRlc2NyaXB0aW9uICJnTm9kZUIgRGlzdHJpYnV0ZWQgVW5pdCAoZ05CLURVKS4KCiAgICAgICAgICAgICAgICAgICAgQSBnTkIgbWF5IGNvbnNpc3Qgb2YgYSBnTkItQ2VudHJhbGl6ZWQgVW5pdAogICAgICAgICAgICAgICAgICAgIChnTkItQ1UpIGFuZCBhIGdOQi1EVS4gVGhlIENVIHByb2Nlc3NlcyBub24tcmVhbAogICAgICAgICAgICAgICAgICAgIHRpbWUgcHJvdG9jb2xzIGFuZCBzZXJ2aWNlcywgYW5kIHRoZSBEVSBwcm9jZXNzZXMKICAgICAgICAgICAgICAgICAgICBQSFkgbGV2ZWwgcHJvdG9jb2wgYW5kIHJlYWwgdGltZSBzZXJ2aWNlcy4gVGhlCiAgICAgICAgICAgICAgICAgICAgZ05CLUNVIGFuZCB0aGUgZ05CLURVIHVuaXRzIGFyZSBjb25uZWN0ZWQgdmlhCiAgICAgICAgICAgICAgICAgICAgRjEgbG9naWNhbCBpbnRlcmZhY2UuCgogICAgICAgICAgICAgICAgICAgIFRoZSBmb2xsb3dpbmcgaXMgdHJ1ZSBmb3IgYSBnTkItRFU6CiAgICAgICAgICAgICAgICAgICAgSXMgY29ubmVjdGVkIHRvIHRoZSBnTkItQ1UtQ1AgdGhyb3VnaCB0aGUgRjEtQwogICAgICAgICAgICAgICAgICAgIGludGVyZmFjZS5JcyBjb25uZWN0ZWQgdG8gdGhlIGdOQi1DVS1VUCB0aHJvdWdoCiAgICAgICAgICAgICAgICAgICAgdGhlIEYxLVUgaW50ZXJmYWNlLiBPbmUgZ05CLURVIGlzIGNvbm5lY3RlZCB0byBvbmx5CiAgICAgICAgICAgICAgICAgICAgb25lIGdOQi1DVS1DUC4gT25lIGdOQi1EVSBjYW4gYmUgY29ubmVjdGVkIHRvCiAgICAgICAgICAgICAgICAgICAgbXVsdGlwbGUgZ05CLUNVLVVQcyB1bmRlciB0aGUgY29udHJvbCBvZiB0aGUgc2FtZQogICAgICAgICAgICAgICAgICAgIGdOQi1DVS1DUC4KICAgICAgICAgICAgICAgICAgICBOb3RlOiBBIGdOQiBtYXkgY29uc2lzdCBvZiBhIGdOQi1DVS1DUCwgbXVsdGlwbGUKICAgICAgICAgICAgICAgICAgICBnTkItQ1UtVVBzIGFuZCBtdWx0aXBsZSBnTkItRFVzLiBnTkItRFUgaXMgYSBjb25jcmV0ZQogICAgICAgICAgICAgICAgICAgIGNsYXNzIHRoYXQgZXh0ZW5kcyB0aGUgTkctUkFOIG5vZGUgb2JqZWN0LiBJbiBUb3BvbG9neSwgeW91CiAgICAgICAgICAgICAgICAgICAgY2FuIGNyZWF0ZSwgcmVhZCwgdXBkYXRlLCBhbmQgZGVsZXRlIHRoZSBnTkItRFUgb2JqZWN0LiI7CgogICAgICAgIHVzZXMgb3ItdGVpdi10eXBlczpUb3BfR3JwX1R5cGU7CiAgICAgICAga2V5IGlkOwoKICAgICAgICBjb250YWluZXIgYXR0cmlidXRlcyB7CiAgICAgICAgICAgIGxlYWYgZmRuIHsKICAgICAgICAgICAgICAgIGRlc2NyaXB0aW9uICJUaGlzIEZ1bGwgRGlzdGluZ3Vpc2hlZCBOYW1lIChGRE4pIGlkZW50aWZpZXMKICAgICAgICAgICAgICAgICAgICAgICAgICAgIGFuIGluc3RhbmNlIG9mIHRoZSBHTkJEVUZ1bmN0aW9uIE1PLiBJdCBjb250YWlucwogICAgICAgICAgICAgICAgICAgICAgICAgICAgdGhlIGZ1bGwgcGF0aCBmcm9tIHRoZSBTdWJuZXR3b3JrIHRvIHRoZQogICAgICAgICAgICAgICAgICAgICAgICAgICAgR05CRFVGdW5jdGlvbi4iOwogICAgICAgICAgICAgICAgdHlwZSBvci10ZWl2LXR5cGVzOl8zR1BQX0ZETl9UeXBlOwogICAgICAgICAgICB9CgogICAgICAgICAgICBjb250YWluZXIgZFVwTE1OSWQgewogICAgICAgICAgICAgICAgZGVzY3JpcHRpb24gIlBMTU4gaWRlbnRpZmllciB1c2VkIGFzIHBhcnQgb2YgUE0gRXZlbnRzIGRhdGEiOwogICAgICAgICAgICAgICAgdXNlcyB0eXBlczNncHA6UExNTklkOwogICAgICAgICAgICB9CgogICAgICAgICAgICBsZWFmIGdOQkRVSWQgewogICAgICAgICAgICAgICAgZGVzY3JpcHRpb24gIlVuaXF1ZSBpZGVudGlmaWVyIGZvciB0aGUgRFUgd2l0aGluIGEgZ05vZGVCIjsKICAgICAgICAgICAgICAgIHR5cGUgdWludDMyOwogICAgICAgICAgICB9CgogICAgICAgICAgICBsZWFmIGdOQklkIHsKICAgICAgICAgICAgICAgIGRlc2NyaXB0aW9uICJJZGVudGl0eSBvZiBnTm9kZUIgd2l0aGluIGEgUExNTiI7CiAgICAgICAgICAgICAgICB0eXBlIHVpbnQzMjsKICAgICAgICAgICAgfQoKICAgICAgICAgICAgbGVhZiBnTkJJZExlbmd0aCB7CiAgICAgICAgICAgICAgICBkZXNjcmlwdGlvbiAiTGVuZ3RoIG9mIGdOQklkIGJpdCBzdHJpbmcgcmVwcmVzZW50YXRpb24iOwogICAgICAgICAgICAgICAgdHlwZSB1aW50MzI7CiAgICAgICAgICAgIH0KCiAgICAgICAgICAgIGNvbnRhaW5lciBjbUlkIHsKICAgICAgICAgICAgICAgIHVzZXMgb3ItdGVpdi10eXBlczpDTV9JRDsKICAgICAgICAgICAgfQogICAgICAgIH0KICAgIH0KCiAgICBsaXN0IEdOQkNVQ1BGdW5jdGlvbiB7CiAgICAgICAgZGVzY3JpcHRpb24gImdOb2RlQiBDZW50cmFsaXplZCBVbml0IENvbnRyb2wgUGxhbmUgKGdOQi1DVS1DUCkKCiAgICAgICAgICAgICAgICAgICAgVGhpcyBpcyBhIGxvZ2ljYWwgbm9kZSBob3N0aW5nIHRoZSBSYWRpbyBSZXNvdXJjZQogICAgICAgICAgICAgICAgICAgIENvbnRyb2wgKFJSQykgYW5kIHRoZSBjb250cm9sIHBsYW5lIHBhcnQgb2YgdGhlCiAgICAgICAgICAgICAgICAgICAgUGFja2V0IERhdGEgQ29udmVyZ2VuY2UgUHJvdG9jb2wgKFBEQ1ApIG9mIHRoZQogICAgICAgICAgICAgICAgICAgIGdOb2RlQiBDZW50cmFsaXplZCBVbml0IChnTkItQ1UpIGZvciBhbiBFLVVUUkFOIGdOb2RlQgogICAgICAgICAgICAgICAgICAgIChlbi1nTkIpIG9yIGEgZ05vZGVCIChnTkIpLiBUaGUgZ05CLUNVLUNQIHRlcm1pbmF0ZXMKICAgICAgICAgICAgICAgICAgICB0aGUgRTEgaW50ZXJmYWNlIGNvbm5lY3RlZCB3aXRoIHRoZSBnTkItQ1UtVVAgYW5kIHRoZQogICAgICAgICAgICAgICAgICAgIEYxLUMgaW50ZXJmYWNlIGNvbm5lY3RlZCB3aXRoIHRoZSBnTm9kZUIKICAgICAgICAgICAgICAgICAgICBEaXN0cmlidXRlZCBVbml0IChnTkItRFUpLgoKICAgICAgICAgICAgICAgICAgICBUaGUgZm9sbG93aW5nIGlzIHRydWUgZm9yIGEgZ05CLUNVLUNQOgogICAgICAgICAgICAgICAgICAgIElzIGNvbm5lY3RlZCB0byB0aGUgZ05CLURVIHRocm91Z2ggdGhlIEYxLUMgaW50ZXJmYWNlLgogICAgICAgICAgICAgICAgICAgIElzIGNvbm5lY3RlZCB0byB0aGUgZ05CLUNVLVVQIHRocm91Z2ggdGhlIEUxIGludGVyZmFjZS4KICAgICAgICAgICAgICAgICAgICBPbmx5IG9uZSBnTkItQ1UtQ1AgaXMgY29ubmVjdGVkIHRvIG9uZSBnTkItRFUuCiAgICAgICAgICAgICAgICAgICAgT25seSBvbmUgZ05CLUNVLUNQIGlzIGNvbm5lY3RlZCB0byBvbmUgZ05CLUNVLVVQLgogICAgICAgICAgICAgICAgICAgIE9uZSBnTkItRFUgY2FuIGJlIGNvbm5lY3RlZCB0byBtdWx0aXBsZSBnTkItQ1UtVVBzCiAgICAgICAgICAgICAgICAgICAgdW5kZXIgdGhlIGNvbnRyb2wgb2YgdGhlIHNhbWUgZ05CLUNVLUNQLk9uZSBnTkItQ1UtVVAKICAgICAgICAgICAgICAgICAgICBjYW4gYmUgY29ubmVjdGVkIHRvIG11bHRpcGxlIERVcyB1bmRlciB0aGUgY29udHJvbCBvZgogICAgICAgICAgICAgICAgICAgIHRoZSBzYW1lIGdOQi1DVS1DUC4KICAgICAgICAgICAgICAgICAgICBOb3RlOiBBIGdOQiBtYXkgY29uc2lzdCBvZiBhIGdOQi1DVS1DUCwgbXVsdGlwbGUKICAgICAgICAgICAgICAgICAgICBnTkItQ1UtVVBzIGFuZCBtdWx0aXBsZSBnTkItRFVzLiBBIGdOQi1DVS1DUCBpcyBhCiAgICAgICAgICAgICAgICAgICAgY29uY3JldGUgY2xhc3MgdGhhdCBleHRlbmRzIHRoZSBORy1SQU4gbm9kZSBvYmplY3QuCiAgICAgICAgICAgICAgICAgICAgSW4gVG9wb2xvZ3ksIHlvdSBjYW4gY3JlYXRlLCByZWFkLCB1cGRhdGUsIGFuZCBkZWxldGUKICAgICAgICAgICAgICAgICAgICB0aGUgZ05CLUNVLUNQIG9iamVjdC4iOwoKICAgICAgICB1c2VzIG9yLXRlaXYtdHlwZXM6VG9wX0dycF9UeXBlOwogICAgICAgIGtleSBpZDsKCiAgICAgICAgY29udGFpbmVyIGF0dHJpYnV0ZXMgewogICAgICAgICAgICBsZWFmIGZkbiB7CiAgICAgICAgICAgICAgICBkZXNjcmlwdGlvbiAiVGhpcyBGdWxsIERpc3Rpbmd1aXNoZWQgTmFtZSAoRkROKSBpZGVudGlmaWVzCiAgICAgICAgICAgICAgICAgICAgICAgICAgICBhbiBpbnN0YW5jZSBvZiB0aGUgR05CQ1VDUEZ1bmN0aW9uIE1PLiBJdCBjb250YWlucwogICAgICAgICAgICAgICAgICAgICAgICAgICAgdGhlIGZ1bGwgcGF0aCBmcm9tIHRoZSBTdWJuZXR3b3JrIHRvIHRoZQogICAgICAgICAgICAgICAgICAgICAgICAgICAgR05CQ1VDUEZ1bmN0aW9uLiI7CiAgICAgICAgICAgICAgICB0eXBlIG9yLXRlaXYtdHlwZXM6XzNHUFBfRkROX1R5cGU7CiAgICAgICAgICAgIH0KCiAgICAgICAgICAgIGxlYWYgZ05CQ1VOYW1lIHsKICAgICAgICAgICAgICAgIGRlc2NyaXB0aW9uICJOYW1lIG9mIGdOb2RlQi1DVSI7CiAgICAgICAgICAgICAgICB0eXBlIHN0cmluZzsKICAgICAgICAgICAgfQoKICAgICAgICAgICAgbGVhZiBnTkJJZCB7CiAgICAgICAgICAgICAgICBkZXNjcmlwdGlvbiAiSWRlbnRpdHkgb2YgZ05vZGVCIHdpdGhpbiBhIFBMTU4iOwogICAgICAgICAgICAgICAgdHlwZSB1aW50MzI7CiAgICAgICAgICAgIH0KCiAgICAgICAgICAgIGxlYWYgZ05CSWRMZW5ndGggewogICAgICAgICAgICAgICAgZGVzY3JpcHRpb24gIkxlbmd0aCBvZiBnTkJJZCBiaXQgc3RyaW5nIHJlcHJlc2VudGF0aW9uIjsKICAgICAgICAgICAgICAgIHR5cGUgdWludDMyOwogICAgICAgICAgICB9CgogICAgICAgICAgICBjb250YWluZXIgcExNTklkIHsKICAgICAgICAgICAgICAgIGRlc2NyaXB0aW9uICJQTE1OIGlkZW50aWZpZXIgdG8gYmUgdXNlZCBhcyBwYXJ0CiAgICAgICAgICAgICAgICAgICAgICAgICAgICBvZiBnbG9iYWwgUkFOIG5vZGUgaWRlbnRpdHkiOwogICAgICAgICAgICAgICAgdXNlcyB0eXBlczNncHA6UExNTklkOwogICAgICAgICAgICB9CgogICAgICAgICAgICBjb250YWluZXIgY21JZCB7CiAgICAgICAgICAgICAgICB1c2VzIG9yLXRlaXYtdHlwZXM6Q01fSUQ7CiAgICAgICAgICAgIH0KICAgICAgICB9CiAgICB9CgogICAgbGlzdCBHTkJDVVVQRnVuY3Rpb24gewogICAgICAgIGRlc2NyaXB0aW9uICJnTm9kZUIgQ2VudHJhbGl6ZWQgVW5pdCBVc2VyIFBsYW5lIChnTkItQ1UtVVApCgogICAgICAgICAgICAgICAgICAgIEEgZ05CLUNVLVVQIGlzIGEgbG9naWNhbCBub2RlIGhvc3RpbmcgdGhlIFVzZXIKICAgICAgICAgICAgICAgICAgICBQbGFuZSBwYXJ0IG9mIHRoZSBQYWNrZXQgRGF0YSBDb252ZXJnZW5jZSwKICAgICAgICAgICAgICAgICAgICBQcm90b2NvbCAoUERDUCkgb2YgdGhlIGdOb2RlQiBDZW50cmFsaXplZCBVbml0CiAgICAgICAgICAgICAgICAgICAgKGdOQi1DVSkgZm9yIGFuIEUtVVRSQU4gZ05vZGVCIChlbi1nTkIpLCBhbmQgdGhlCiAgICAgICAgICAgICAgICAgICAgVXNlciBQbGFuZSBwYXJ0IG9mIHRoZSBQRENQIHByb3RvY29sIGFuZCB0aGUKICAgICAgICAgICAgICAgICAgICBTZXJ2aWNlIERhdGEgQWRhcHRhdGlvbiBQcm90b2NvbCAoU0RBUCkgb2YgdGhlCiAgICAgICAgICAgICAgICAgICAgZ05CLUNVIGZvciBhIGdOb2RlQiAoZ05CKS4gVGhlIGdOQi1DVS1VUCB0ZXJtaW5hdGVzCiAgICAgICAgICAgICAgICAgICAgdGhlIEUxIGludGVyZmFjZSBjb25uZWN0ZWQgd2l0aCB0aGUgZ05CLUNVLUNQIGFuZAogICAgICAgICAgICAgICAgICAgIHRoZSBGMS1VIGludGVyZmFjZSBjb25uZWN0ZWQgd2l0aCB0aGUgZ05vZGVCCiAgICAgICAgICAgICAgICAgICAgRGlzdHJpYnV0ZWQgVW5pdCAoZ05CLURVKS4KCiAgICAgICAgICAgICAgICAgICAgVGhlIGZvbGxvd2luZyBpcyB0cnVlIGZvciBhIGdOQi1DVS1VUDoKICAgICAgICAgICAgICAgICAgICBJcyBjb25uZWN0ZWQgdG8gdGhlIGdOQi1EVSB0aHJvdWdoIHRoZQogICAgICAgICAgICAgICAgICAgIEYxLVUgaW50ZXJmYWNlLiBJcyBjb25uZWN0ZWQgdG8gdGhlIGdOQi1DVS1DUCB0aHJvdWdoCiAgICAgICAgICAgICAgICAgICAgdGhlIEUxIGludGVyZmFjZS4gT25lIGdOQi1DVS1VUCBpcyBjb25uZWN0ZWQgdG8gb25seSBvbmUKICAgICAgICAgICAgICAgICAgICBnTkItQ1UtQ1AuIE9uZSBnTkItRFUgY2FuIGJlIGNvbm5lY3RlZCB0byBtdWx0aXBsZQogICAgICAgICAgICAgICAgICAgIGdOQi1DVS1VUHMgdW5kZXIgdGhlIGNvbnRyb2wgb2YgdGhlIHNhbWUgZ05CLUNVLUNQLiBPbmUKICAgICAgICAgICAgICAgICAgICBnTkItQ1UtVVAgY2FuIGJlIGNvbm5lY3RlZCB0byBtdWx0aXBsZSBEVXMgdW5kZXIgdGhlCiAgICAgICAgICAgICAgICAgICAgY29udHJvbCBvZiB0aGUgc2FtZSBnTkItQ1UtQ1AuCiAgICAgICAgICAgICAgICAgICAgTm90ZTogQSBnTkIgbWF5IGNvbnNpc3Qgb2YgYSBnTkItQ1UtQ1AsIG11bHRpcGxlIGdOQi1DVS1VUHMKICAgICAgICAgICAgICAgICAgICBhbmQgbXVsdGlwbGUgZ05CLURVcy4gQSBnTkItQ1UtVVAgaXMgYSBjb25jcmV0ZSBjbGFzcyB0aGF0CiAgICAgICAgICAgICAgICAgICAgZXh0ZW5kcyB0aGUgTkctUkFOIG5vZGUgb2JqZWN0LiBJbiBUb3BvbG9neSwgeW91IGNhbgogICAgICAgICAgICAgICAgICAgIGNyZWF0ZSwgcmVhZCwgdXBkYXRlLCBhbmQgZGVsZXRlIHRoZSBnTkItQ1UtVVAgb2JqZWN0LiI7CgogICAgICAgIHVzZXMgb3ItdGVpdi10eXBlczpUb3BfR3JwX1R5cGU7CiAgICAgICAga2V5IGlkOwoKICAgICAgICBjb250YWluZXIgYXR0cmlidXRlcyB7CiAgICAgICAgICAgIGxlYWYgZmRuIHsKICAgICAgICAgICAgICAgIGRlc2NyaXB0aW9uICJUaGlzIEZ1bGwgRGlzdGluZ3Vpc2hlZCBOYW1lIChGRE4pIGlkZW50aWZpZXMKICAgICAgICAgICAgICAgICAgICAgICAgICAgIGFuIGluc3RhbmNlIG9mIHRoZSBHTkJDVVVQRnVuY3Rpb24gTU8uIEl0IGNvbnRhaW5zCiAgICAgICAgICAgICAgICAgICAgICAgICAgICB0aGUgZnVsbCBwYXRoIGZyb20gdGhlIFN1Ym5ldHdvcmsgdG8gdGhlCiAgICAgICAgICAgICAgICAgICAgICAgICAgICBHTkJDVVVQRnVuY3Rpb24uIjsKICAgICAgICAgICAgICAgIHR5cGUgb3ItdGVpdi10eXBlczpfM0dQUF9GRE5fVHlwZTsKICAgICAgICAgICAgfQoKICAgICAgICAgICAgbGVhZiBnTkJJZCB7CiAgICAgICAgICAgICAgICBkZXNjcmlwdGlvbiAiSWRlbnRpdHkgb2YgZ05vZGVCIHdpdGhpbiBhIFBMTU4iOwogICAgICAgICAgICAgICAgdHlwZSB1aW50MzI7CiAgICAgICAgICAgIH0KCiAgICAgICAgICAgIGxlYWYgZ05CSWRMZW5ndGggewogICAgICAgICAgICAgICAgZGVzY3JpcHRpb24gIkxlbmd0aCBvZiBnTkJJZCBiaXQgc3RyaW5nIHJlcHJlc2VudGF0aW9uIjsKICAgICAgICAgICAgICAgIHR5cGUgdWludDMyOwogICAgICAgICAgICB9CgogICAgICAgICAgICBjb250YWluZXIgY21JZCB7CiAgICAgICAgICAgICAgICB1c2VzIG9yLXRlaXYtdHlwZXM6Q01fSUQ7CiAgICAgICAgICAgIH0KICAgICAgICB9CiAgICB9CgogICAgbGlzdCBOUkNlbGxDVSB7CiAgICAgICAgZGVzY3JpcHRpb24gIlJlcHJlc2VudHMgYW4gTlIgQ2VsbCBpbiBnTm9kZUItQ1UuCgogICAgICAgICAgICAgICAgICAgIDVHIE5SIGlzIGEgbmV3IHJhZGlvIGFjY2VzcyB0ZWNobm9sb2d5IChSQVQpCiAgICAgICAgICAgICAgICAgICAgZGV2ZWxvcGVkIGJ5IDNHUFAgZm9yIHRoZSA1RyAoZmlmdGggZ2VuZXJhdGlvbikKICAgICAgICAgICAgICAgICAgICBtb2JpbGUgbmV0d29yay4gSXQgaXMgZGVzaWduZWQgdG8gYmUgdGhlIGdsb2JhbAogICAgICAgICAgICAgICAgICAgIHN0YW5kYXJkIGZvciB0aGUgYWlyIGludGVyZmFjZSBvZiA1RyBuZXR3b3Jrcy4KCiAgICAgICAgICAgICAgICAgICAgNUcgTlIgaGFzIHN5bmNocm9uaXphdGlvbiBzaWduYWwgdGhhdCBpcyBrbm93biBhcwogICAgICAgICAgICAgICAgICAgIFByaW1hcnkgU3luY2hyb25pemF0aW9uIHNpZ25hbCAoUFNTKSBhbmQgU2Vjb25kYXJ5CiAgICAgICAgICAgICAgICAgICAgU3luY2hyb25pemF0aW9uIHNpZ25hbCAoU1NTKS4gVGhlc2Ugc2lnbmFscyBhcmUKICAgICAgICAgICAgICAgICAgICBzcGVjaWZpYyB0byBOUiBwaHlzaWNhbCBsYXllciBhbmQgcHJvdmlkZSB0aGUKICAgICAgICAgICAgICAgICAgICBmb2xsb3dpbmcgaW5mb3JtYXRpb24gcmVxdWlyZWQgYnkgVUUgZm9yIGRvd25saW5rCiAgICAgICAgICAgICAgICAgICAgc3luY2hyb25pemF0aW9uOiBQU1MgcHJvdmlkZXMgUmFkaW8gRnJhbWUgQm91bmRhcnkKICAgICAgICAgICAgICAgICAgICAoUG9zaXRpb24gb2YgMXN0IFN5bWJvbCBpbiBhIFJhZGlvIGZyYW1lKSBTU1MgcHJvdmlkZXMKICAgICAgICAgICAgICAgICAgICBTdWJmcmFtZSBCb3VuZGFyeSAoUG9zaXRpb24gb2YgMXN0IFN5bWJvbCBpbiBhIFN1YmZyYW1lKQogICAgICAgICAgICAgICAgICAgIFBoeXNpY2FsIExheWVyIENlbGwgSUQgKFBDSSkgaW5mb3JtYXRpb24gdXNpbmcgYm90aAogICAgICAgICAgICAgICAgICAgIFBTUyBhbmQgU1NTLiI7CgogICAgICAgIHVzZXMgb3ItdGVpdi10eXBlczpUb3BfR3JwX1R5cGU7CiAgICAgICAga2V5IGlkOwoKICAgICAgICBjb250YWluZXIgYXR0cmlidXRlcyB7CiAgICAgICAgICAgIGxlYWYgZmRuIHsKICAgICAgICAgICAgICAgIGRlc2NyaXB0aW9uICJUaGlzIEZ1bGwgRGlzdGluZ3Vpc2hlZCBOYW1lIChGRE4pIGlkZW50aWZpZXMKICAgICAgICAgICAgICAgICAgICAgICAgICAgIGFuIGluc3RhbmNlIG9mIHRoZSBOUkNlbGxDVSBNTy4gSXQgY29udGFpbnMKICAgICAgICAgICAgICAgICAgICAgICAgICAgIHRoZSBmdWxsIHBhdGggZnJvbSB0aGUgU3VibmV0d29yayB0byB0aGUKICAgICAgICAgICAgICAgICAgICAgICAgICAgIE5SQ2VsbENVLiI7CiAgICAgICAgICAgICAgICB0eXBlIG9yLXRlaXYtdHlwZXM6XzNHUFBfRkROX1R5cGU7CiAgICAgICAgICAgIH0KCiAgICAgICAgICAgIGxlYWYgY2VsbExvY2FsSWQgewogICAgICAgICAgICAgICAgZGVzY3JpcHRpb24gIlVzZWQgdG9nZXRoZXIgd2l0aCBnTm9kZUIgaWRlbnRpZmllciB0bwogICAgICAgICAgICAgICAgICAgICAgICAgICAgaWRlbnRpZnkgTlIgY2VsbCBpbiBQTE1OLiBVc2VkIHRvZ2V0aGVyCiAgICAgICAgICAgICAgICAgICAgICAgICAgICB3aXRoIGdOQklkIHRvIGZvcm0gTkNJLiI7CiAgICAgICAgICAgICAgICB0eXBlIHVpbnQzMjsKICAgICAgICAgICAgfQoKICAgICAgICAgICAgY29udGFpbmVyIHBsbW5JZCB7CiAgICAgICAgICAgICAgICBkZXNjcmlwdGlvbiAiUExNTiBJRCBmb3IgTlIgQ0dJLiBJZiBlbXB0eSwKICAgICAgICAgICAgICAgICAgICAgICAgICAgIEdOQkNVQ1BGdW5jdGlvbjo6cExNTklkIGlzIHVzZWQKICAgICAgICAgICAgICAgICAgICAgICAgICAgIGZvciBQTE1OIElEIGluIE5SIENHSSI7CiAgICAgICAgICAgICAgICB1c2VzIHR5cGVzM2dwcDpQTE1OSWQ7CiAgICAgICAgICAgIH0KCiAgICAgICAgICAgIGxlYWYgbkNJIHsKICAgICAgICAgICAgICAgIGRlc2NyaXB0aW9uICJOUiBDZWxsIElkZW50aXR5IjsKICAgICAgICAgICAgICAgIHR5cGUgdWludDMyOwogICAgICAgICAgICB9CgogICAgICAgICAgICBsZWFmIG5SVEFDIHsKICAgICAgICAgICAgICAgIGRlc2NyaXB0aW9uICJOUiBUcmFja2luZyBBcmVhIENvZGUgKFRBQykiOwogICAgICAgICAgICAgICAgdHlwZSB1aW50MzI7CiAgICAgICAgICAgIH0KCiAgICAgICAgICAgIGNvbnRhaW5lciBjbUlkIHsKICAgICAgICAgICAgICAgIHVzZXMgb3ItdGVpdi10eXBlczpDTV9JRDsKICAgICAgICAgICAgfQogICAgICAgIH0KICAgIH0KCiAgICBsaXN0IE5SQ2VsbERVIHsKICAgICAgICBkZXNjcmlwdGlvbiAiUmVwcmVzZW50cyBhbiBOUiBDZWxsIGluIGdOb2RlQi1EVS4KCiAgICAgICAgICAgICAgICAgICAgNUcgTlIgaXMgYSBuZXcgcmFkaW8gYWNjZXNzIHRlY2hub2xvZ3kgKFJBVCkKICAgICAgICAgICAgICAgICAgICBkZXZlbG9wZWQgYnkgM0dQUCBmb3IgdGhlIDVHIChmaWZ0aCBnZW5lcmF0aW9uKQogICAgICAgICAgICAgICAgICAgIG1vYmlsZSBuZXR3b3JrLiBJdCBpcyBkZXNpZ25lZCB0byBiZSB0aGUgZ2xvYmFsCiAgICAgICAgICAgICAgICAgICAgc3RhbmRhcmQgZm9yIHRoZSBhaXIgaW50ZXJmYWNlIG9mIDVHIG5ldHdvcmtzLgoKICAgICAgICAgICAgICAgICAgICA1RyBOUiBoYXMgc3luY2hyb25pemF0aW9uIHNpZ25hbCB0aGF0IGlzIGtub3duIGFzCiAgICAgICAgICAgICAgICAgICAgUHJpbWFyeSBTeW5jaHJvbml6YXRpb24gc2lnbmFsIChQU1MpIGFuZCBTZWNvbmRhcnkKICAgICAgICAgICAgICAgICAgICBTeW5jaHJvbml6YXRpb24gc2lnbmFsIChTU1MpLiBUaGVzZSBzaWduYWxzIGFyZQogICAgICAgICAgICAgICAgICAgIHNwZWNpZmljIHRvIE5SIHBoeXNpY2FsIGxheWVyIGFuZCBwcm92aWRlIHRoZQogICAgICAgICAgICAgICAgICAgIGZvbGxvd2luZyBpbmZvcm1hdGlvbiByZXF1aXJlZCBieSBVRSBmb3IgZG93bmxpbmsKICAgICAgICAgICAgICAgICAgICBzeW5jaHJvbml6YXRpb246IFBTUyBwcm92aWRlcyBSYWRpbyBGcmFtZSBCb3VuZGFyeQogICAgICAgICAgICAgICAgICAgIChQb3NpdGlvbiBvZiAxc3QgU3ltYm9sIGluIGEgUmFkaW8gZnJhbWUpIFNTUyBwcm92aWRlcwogICAgICAgICAgICAgICAgICAgIFN1YmZyYW1lIEJvdW5kYXJ5IChQb3NpdGlvbiBvZiAxc3QgU3ltYm9sIGluIGEgU3ViZnJhbWUpCiAgICAgICAgICAgICAgICAgICAgUGh5c2ljYWwgTGF5ZXIgQ2VsbCBJRCAoUENJKSBpbmZvcm1hdGlvbiB1c2luZyBib3RoCiAgICAgICAgICAgICAgICAgICAgUFNTIGFuZCBTU1MuIjsKCiAgICAgICAgdXNlcyBvci10ZWl2LXR5cGVzOlRvcF9HcnBfVHlwZTsKICAgICAgICBrZXkgaWQ7CgogICAgICAgIGNvbnRhaW5lciBhdHRyaWJ1dGVzIHsKICAgICAgICAgICAgbGVhZiBmZG4gewogICAgICAgICAgICAgICAgZGVzY3JpcHRpb24gIlRoaXMgRnVsbCBEaXN0aW5ndWlzaGVkIE5hbWUgKEZETikgaWRlbnRpZmllcwogICAgICAgICAgICAgICAgICAgICAgICAgICAgYW4gaW5zdGFuY2Ugb2YgdGhlIE5SQ2VsbERVIE1PLiBJdCBjb250YWlucwogICAgICAgICAgICAgICAgICAgICAgICAgICAgdGhlIGZ1bGwgcGF0aCBmcm9tIHRoZSBTdWJuZXR3b3JrIHRvIHRoZQogICAgICAgICAgICAgICAgICAgICAgICAgICAgTlJDZWxsRFUuIjsKICAgICAgICAgICAgICAgIHR5cGUgb3ItdGVpdi10eXBlczpfM0dQUF9GRE5fVHlwZTsKICAgICAgICAgICAgfQoKICAgICAgICAgICAgbGVhZiBjZWxsTG9jYWxJZCB7CiAgICAgICAgICAgICAgICBkZXNjcmlwdGlvbiAiVXNlZCB0b2dldGhlciB3aXRoIGdOb2RlQiBpZGVudGlmaWVyIHRvIGlkZW50aWZ5IE5SCiAgICAgICAgICAgICAgICAgICAgICAgICAgICAgY2VsbCBpbiBQTE1OLiBVc2VkIHRvZ2V0aGVyIHdpdGggZ05CSWQgdG8gZm9ybSBOQ0kuIjsKICAgICAgICAgICAgICAgIHR5cGUgdWludDMyOwogICAgICAgICAgICB9CgogICAgICAgICAgICBsZWFmIG5DSSB7CiAgICAgICAgICAgICAgICBkZXNjcmlwdGlvbiAiTlIgQ2VsbCBJZGVudGl0eS4iOwogICAgICAgICAgICAgICAgdHlwZSB1aW50MzI7CiAgICAgICAgICAgIH0KCiAgICAgICAgICAgIGxlYWYgblJQQ0kgewogICAgICAgICAgICAgICAgZGVzY3JpcHRpb24gIlRoZSBQaHlzaWNhbCBDZWxsIElkZW50aXR5IChQQ0kpIG9mIHRoZSBOUiBjZWxsLiI7CiAgICAgICAgICAgICAgICB0eXBlIHVpbnQzMjsKICAgICAgICAgICAgfQoKICAgICAgICAgICAgbGVhZiBuUlRBQyB7CiAgICAgICAgICAgICAgICBkZXNjcmlwdGlvbiAiTlIgVHJhY2tpbmcgQXJlYSBDb2RlIChUQUMpLiI7CiAgICAgICAgICAgICAgICB0eXBlIHVpbnQzMjsKICAgICAgICAgICAgfQoKICAgICAgICAgICAgY29udGFpbmVyIGNtSWQgewogICAgICAgICAgICAgICAgdXNlcyBvci10ZWl2LXR5cGVzOkNNX0lEOwogICAgICAgICAgICB9CiAgICAgICAgfQogICAgfQoKICAgIGxpc3QgRU5vZGVCRnVuY3Rpb24gewogICAgICAgIGRlc2NyaXB0aW9uICJBbiBFdm9sdmVkIE5vZGUgQiAoZU5vZGVCKSBpcyB0aGUgb25seSBtYW5kYXRvcnkKICAgICAgICAgICAgICAgICAgICBub2RlIGluIHRoZSByYWRpbyBhY2Nlc3MgbmV0d29yayAoUkFOKSBvZiBMb25nLVRlcm0KICAgICAgICAgICAgICAgICAgICBFdm9sdXRpb24gKExURSkuIFRoZSBlTm9kZUIgaXMgYSBjb21wbGV4IGJhc2UKICAgICAgICAgICAgICAgICAgICBzdGF0aW9uIHRoYXQgaGFuZGxlcyByYWRpbyBjb21tdW5pY2F0aW9ucwogICAgICAgICAgICAgICAgICAgIGluIHRoZSBjZWxsIGFuZCBjYXJyaWVzIG91dCByYWRpbyByZXNvdXJjZQogICAgICAgICAgICAgICAgICAgIG1hbmFnZW1lbnQgYW5kIGhhbmRvdmVyIGRlY2lzaW9ucy4gVW5saWtlIDIvM0cKICAgICAgICAgICAgICAgICAgICB3aXJlbGVzcyBSQU4sIHRoZXJlIGlzIG5vIGNlbnRyYWxpemVkIHJhZGlvIG5ldHdvcmsKICAgICAgICAgICAgICAgICAgICBjb250cm9sbGVyIGluIExURS4gSXQgaXMgdGhlIGhhcmR3YXJlIHRoYXQgaXMgY29ubmVjdGVkCiAgICAgICAgICAgICAgICAgICAgdG8gdGhlIG1vYmlsZSBwaG9uZSBuZXR3b3JrIHRoYXQgY29tbXVuaWNhdGVzCiAgICAgICAgICAgICAgICAgICAgZGlyZWN0bHkgd2l0aCBtb2JpbGUgaGFuZHNldHMgKFVzZXIgRXF1aXBtZW50KSwgbGlrZSBhIGJhc2UKICAgICAgICAgICAgICAgICAgICB0cmFuc2NlaXZlciBzdGF0aW9uIChCVFMpIGluIEdTTSBuZXR3b3Jrcy4gVGhpcyBzaW1wbGlmaWVzCiAgICAgICAgICAgICAgICAgICAgdGhlIGFyY2hpdGVjdHVyZSBhbmQgYWxsb3dzIGxvd2VyIHJlc3BvbnNlIHRpbWVzLiI7CgogICAgICAgIHVzZXMgb3ItdGVpdi10eXBlczpUb3BfR3JwX1R5cGU7CiAgICAgICAga2V5IGlkOwoKICAgICAgICBjb250YWluZXIgYXR0cmlidXRlcyB7CiAgICAgICAgICAgIGxlYWYgZmRuIHsKICAgICAgICAgICAgICAgIGRlc2NyaXB0aW9uICJUaGlzIEZ1bGwgRGlzdGluZ3Vpc2hlZCBOYW1lIChGRE4pIGlkZW50aWZpZXMKICAgICAgICAgICAgICAgICAgICAgICAgICAgIGFuIGluc3RhbmNlIG9mIHRoZSBFTm9kZUJGdW5jdGlvbiBNTy4gSXQgY29udGFpbnMKICAgICAgICAgICAgICAgICAgICAgICAgICAgIHRoZSBmdWxsIHBhdGggZnJvbSB0aGUgU3VibmV0d29yayB0byB0aGUKICAgICAgICAgICAgICAgICAgICAgICAgICAgIEVOb2RlQkZ1bmN0aW9uLiI7CiAgICAgICAgICAgICAgICB0eXBlIG9yLXRlaXYtdHlwZXM6XzNHUFBfRkROX1R5cGU7CiAgICAgICAgICAgIH0KCiAgICAgICAgICAgIGxlYWYgZU5CSWQgewogICAgICAgICAgICAgICAgZGVzY3JpcHRpb24gIlRoZSBFTm9kZUIgSUQgdGhhdCBmb3JtcyBwYXJ0IG9mCiAgICAgICAgICAgICAgICAgICAgICAgICAgICB0aGUgQ2VsbCBHbG9iYWwgSWRlbnRpdHksIGFuZCBpcwogICAgICAgICAgICAgICAgICAgICAgICAgICAgYWxzbyB1c2VkIHRvIGlkZW50aWZ5IHRoZSBub2RlIG92ZXIKICAgICAgICAgICAgICAgICAgICAgICAgICAgIHRoZSBTMSBpbnRlcmZhY2UiOwogICAgICAgICAgICAgICAgdHlwZSB1aW50MzI7CiAgICAgICAgICAgIH0KCiAgICAgICAgICAgIGNvbnRhaW5lciBlTm9kZUJQbG1uSWQgewogICAgICAgICAgICAgICAgZGVzY3JpcHRpb24gIlRoZSBFTm9kZUIgUHVibGljIExhbmQgTW9iaWxlIE5ldHdvcmsKICAgICAgICAgICAgICAgICAgICAgICAgICAgIChQTE1OKSBJRCB0aGF0IGZvcm1zIHBhcnQgb2YgdGhlIEVOb2RlQgogICAgICAgICAgICAgICAgICAgICAgICAgICAgR2xvYmFsIElEIHVzZWQgdG8gaWRlbnRpZnkgdGhlIG5vZGUgb3ZlcgogICAgICAgICAgICAgICAgICAgICAgICAgICAgdGhlIFMxIGludGVyZmFjZS4gTm90ZTogVGhlIHZhbHVlIChNQ0M9MDAxLCBNTkM9MDEpCiAgICAgICAgICAgICAgICAgICAgICAgICAgICBpbmRpY2F0ZXMgdGhhdCB0aGUgUExNTiBpcyBub3QgaW5pdGlhdGVkLgogICAgICAgICAgICAgICAgICAgICAgICAgICAgVGhlIHZhbHVlIGNhbiBub3QgYmUgdXNlZCBhcyBhIHZhbGlkIFBMTU4gSWRlbnRpdHkuIjsKCiAgICAgICAgICAgICAgICBsZWFmIG1jYyB7CiAgICAgICAgICAgICAgICAgICAgZGVzY3JpcHRpb24gIlRoZSBNQ0MgcGFydCBvZiBhIFBMTU4gaWRlbnRpdHkKICAgICAgICAgICAgICAgICAgICAgICAgICAgICAgICB1c2VkIGluIHRoZSByYWRpbyBuZXR3b3JrLiI7CiAgICAgICAgICAgICAgICAgICAgdHlwZSBpbnQzMiB7CiAgICAgICAgICAgICAgICAgICAgICAgIHJhbmdlIDAuLjk5OTsKICAgICAgICAgICAgICAgICAgICB9CiAgICAgICAgICAgICAgICB9CiAgICAgICAgICAgICAgICBsZWFmIG1uYyB7CiAgICAgICAgICAgICAgICAgICAgZGVzY3JpcHRpb24gIlRoZSBNTkMgcGFydCBvZiBhIFBMTU4gaWRlbnRpdHkKICAgICAgICAgICAgICAgICAgICAgICAgICAgICAgICB1c2VkIGluIHRoZSByYWRpbyBuZXR3b3JrLiI7CiAgICAgICAgICAgICAgICAgICAgdHlwZSBpbnQzMiB7CiAgICAgICAgICAgICAgICAgICAgICAgIHJhbmdlIDAuLjk5OTsKICAgICAgICAgICAgICAgICAgICB9CiAgICAgICAgICAgICAgICB9CiAgICAgICAgICAgICAgICBsZWFmIG1uY0xlbmd0aCB7CiAgICAgICAgICAgICAgICAgICAgZGVzY3JpcHRpb24gIlRoZSBsZW5ndGggb2YgdGhlIE1OQyBwYXJ0IG9mIGEKICAgICAgICAgICAgICAgICAgICAgICAgICAgICAgICBQTE1OIGlkZW50aXR5IHVzZWQgaW4gdGhlIHJhZGlvIG5ldHdvcmsuIjsKICAgICAgICAgICAgICAgICAgICB0eXBlIGludDMyIHsKICAgICAgICAgICAgICAgICAgICAgICAgcmFuZ2UgMi4uMzsKICAgICAgICAgICAgICAgICAgICB9CiAgICAgICAgICAgICAgICB9CiAgICAgICAgICAgIH0KCiAgICAgICAgICAgIGNvbnRhaW5lciBjbUlkIHsKICAgICAgICAgICAgICAgIHVzZXMgb3ItdGVpdi10eXBlczpDTV9JRDsKICAgICAgICAgICAgfQogICAgICAgIH0KICAgIH0KCiAgICBsaXN0IEVVdHJhbkNlbGwgewogICAgICAgIGRlc2NyaXB0aW9uICJSZXByZXNlbnRzIGFuIEZERCBvciBUREQgRVV0cmFuQ2VsbCBhbmQKICAgICAgICAgICAgICAgICAgICBjb250YWlucyBwYXJhbWV0ZXJzIG5lZWRlZCBieSB0aGUgY2VsbC4KICAgICAgICAgICAgICAgICAgICBJdCBhbHNvIGNvbnRhaW5zIHBhcmFtZXRlcnMgZm9yIHRoZQogICAgICAgICAgICAgICAgICAgIG1hbmRhdG9yeSBjb21tb24gY2hhbm5lbHMuIEFuIEVVVFJBTiBzdGFuZHMKICAgICAgICAgICAgICAgICAgICBmb3IgRXZvbHZlZCBVbml2ZXJzYWwgTW9iaWxlIFRlbGVjb21tdW5pY2F0aW9ucwogICAgICAgICAgICAgICAgICAgIFN5c3RlbSAoVU1UUykgVGVycmVzdHJpYWwgUmFkaW8gQWNjZXNzIE5ldHdvcmsKICAgICAgICAgICAgICAgICAgICB3aGljaCBjb250YWlucyBhbiBlTm9kZUIuIFRoZSBlTm9kZUIgY29uY3JldGUKICAgICAgICAgICAgICAgICAgICBjbGFzcyBpcyBleHRlbmRlZCBmcm9tIHRoZSBFVVRSQU4gTm9kZSBhYnN0cmFjdCBjbGFzcy4iOwoKICAgICAgICB1c2VzIG9yLXRlaXYtdHlwZXM6VG9wX0dycF9UeXBlOwogICAgICAgIGtleSBpZDsKCiAgICAgICAgY29udGFpbmVyIGF0dHJpYnV0ZXMgewogICAgICAgICAgICBsZWFmIGZkbiB7CiAgICAgICAgICAgICAgICBkZXNjcmlwdGlvbiAiVGhpcyBGdWxsIERpc3Rpbmd1aXNoZWQgTmFtZSAoRkROKSBpZGVudGlmaWVzCiAgICAgICAgICAgICAgICAgICAgICAgICAgICBhbiBpbnN0YW5jZSBvZiBlaXRoZXIgdGhlIEVVdHJhbkNlbGxGREQgTU8gb3IKICAgICAgICAgICAgICAgICAgICAgICAgICAgIHRoZSBFVXRyYW5DZWxsVEREIE1PLiBJdCBjb250YWlucyB0aGUgZnVsbAogICAgICAgICAgICAgICAgICAgICAgICAgICAgcGF0aCBmcm9tIHRoZSBTdWJuZXR3b3JrIHRvIHRoZSBFVXRyYW5DZWxsRkREIG9yCiAgICAgICAgICAgICAgICAgICAgICAgICAgICBFVXRyYW5DZWxsVERELiI7CiAgICAgICAgICAgICAgICB0eXBlIG9yLXRlaXYtdHlwZXM6XzNHUFBfRkROX1R5cGU7CiAgICAgICAgICAgIH0KCiAgICAgICAgICAgIGxlYWYgY2VsbElkewogICAgICAgICAgICAgICAgZGVzY3JpcHRpb24gIlJCUyBpbnRlcm5hbCBJRCBhdHRyaWJ1dGUgZm9yIEVVdHJhbkNlbGwuCiAgICAgICAgICAgICAgICAgICAgICAgICAgICBNdXN0IGJlIHVuaXF1ZSBpbiB0aGUgUkJTLiBUb2dldGhlciB3aXRoIHRoZQogICAgICAgICAgICAgICAgICAgICAgICAgICAgTm9kZSBJRCBhbmQgUHVibGljIExhbmQgTW9iaWxlIE5ldHdvcmsgKFBMTU4pCiAgICAgICAgICAgICAgICAgICAgICAgICAgICB0aGlzIGlzIGEgdW5pdmVyc2FsbHkgdW5pcXVlIGNlbGwgSUQiOwogICAgICAgICAgICAgICAgdHlwZSB1aW50MzI7CiAgICAgICAgICAgIH0KCiAgICAgICAgICAgIGxlYWYgZWFyZmNuZGwgewogICAgICAgICAgICAgICAgZGVzY3JpcHRpb24gIlRoZSBjaGFubmVsIG51bWJlciBmb3IgdGhlIGNlbnRyYWwgZG93bmxpbmsgZnJlcXVlbmN5LiI7CiAgICAgICAgICAgICAgICB0eXBlIHVpbnQzMjsKICAgICAgICAgICAgfQoKICAgICAgICAgICAgbGVhZiBlYXJmY251bCB7CiAgICAgICAgICAgICAgICBkZXNjcmlwdGlvbiAiQ2hhbm5lbCBudW1iZXIgZm9yIHRoZSBjZW50cmFsIHVwbGluayBmcmVxdWVuY3kiOwogICAgICAgICAgICAgICAgdHlwZSB1aW50MzI7CiAgICAgICAgICAgIH0KCiAgICAgICAgICAgIGxlYWYgZGxDaGFubmVsQmFuZHdpZHRoIHsKICAgICAgICAgICAgICAgIGRlc2NyaXB0aW9uICJUaGUgZG93bmxpbmsgY2hhbm5lbCBiYW5kd2lkdGggaW4gdGhlIEZERCBjZWxsLiI7CiAgICAgICAgICAgICAgICB0eXBlIHVpbnQzMjsKICAgICAgICAgICAgfQoKICAgICAgICAgICAgbGVhZiBlYXJmY24gewogICAgICAgICAgICAgICAgZGVzY3JpcHRpb24gIlRoZSBFLVVUUkEgQWJzb2x1dGUgUmFkaW8gRnJlcXVlbmN5IENoYW5uZWwKICAgICAgICAgICAgICAgICAgICAgICAgICAgIE51bWJlciAoRUFSRkNOKSBmb3IgdGhlIFRERCBjZWxsIjsKICAgICAgICAgICAgICAgIHR5cGUgdWludDMyOwogICAgICAgICAgICB9CgogICAgICAgICAgICBsZWFmIGNoYW5uZWxCYW5kd2lkdGggewogICAgICAgICAgICAgICAgZGVzY3JpcHRpb24gIlRoZSBjaGFubmVsIGJhbmR3aWR0aCBpbiB0aGUgVEREIGNlbGwuIjsKICAgICAgICAgICAgICAgIHR5cGUgdWludDMyOwogICAgICAgICAgICB9CgogICAgICAgICAgICBsZWFmIHRhYyB7CiAgICAgICAgICAgICAgICBkZXNjcmlwdGlvbiAiVHJhY2tpbmcgQXJlYSBDb2RlIGZvciB0aGUgRVV0cmFuIENlbGwiOwogICAgICAgICAgICAgICAgdHlwZSB1aW50MzI7CiAgICAgICAgICAgIH0KCiAgICAgICAgICAgIGxlYWYgZHVwbGV4VHlwZSB7CiAgICAgICAgICAgICAgICBkZXNjcmlwdGlvbiAiSW5kaWNhdG9yIG9mIEVVdHJhbkNlbGwgdHlwZSwgRkREIG9yIFRERCI7CiAgICAgICAgICAgICAgICB0eXBlIGVudW1lcmF0aW9uIHsKICAgICAgICAgICAgICAgICAgICBlbnVtIGZkZCB7CiAgICAgICAgICAgICAgICAgICAgICAgIHZhbHVlIDA7CiAgICAgICAgICAgICAgICAgICAgICAgIGRlc2NyaXB0aW9uICJGREQiOwogICAgICAgICAgICAgICAgICAgIH0KICAgICAgICAgICAgICAgICAgICBlbnVtIHRkZCB7CiAgICAgICAgICAgICAgICAgICAgICAgIHZhbHVlIDE7CiAgICAgICAgICAgICAgICAgICAgICAgIGRlc2NyaXB0aW9uICJUREQiOwogICAgICAgICAgICAgICAgICAgIH0KICAgICAgICAgICAgICAgIH0KICAgICAgICAgICAgfQoKICAgICAgICAgICAgY29udGFpbmVyIGNtSWQgewogICAgICAgICAgICAgICAgdXNlcyBvci10ZWl2LXR5cGVzOkNNX0lEOwogICAgICAgICAgICB9CiAgICAgICAgfQogICAgfQoKICAgIGxpc3QgTlJTZWN0b3JDYXJyaWVyIHsKICAgICAgICBkZXNjcmlwdGlvbiAiVGhlIE5SIFNlY3RvciBDYXJyaWVyIG9iamVjdCBwcm92aWRlcwogICAgICAgICAgICAgICAgICAgIHRoZSBhdHRyaWJ1dGVzIGZvciBkZWZpbmluZyB0aGUgbG9naWNhbAogICAgICAgICAgICAgICAgICAgIGNoYXJhY3RlcmlzdGljcyBvZiBhIGNhcnJpZXIgKGNlbGwpIGluIGEKICAgICAgICAgICAgICAgICAgICBzZWN0b3IuIEEgc2VjdG9yIGlzIGEgY292ZXJhZ2UgYXJlYSBhc3NvY2lhdGVkCiAgICAgICAgICAgICAgICAgICAgd2l0aCBhIGJhc2Ugc3RhdGlvbiBoYXZpbmcgaXRzIG93biBhbnRlbm5hcywKICAgICAgICAgICAgICAgICAgICByYWRpbyBwb3J0cywgYW5kIGNvbnRyb2wgY2hhbm5lbHMuIFRoZSBjb25jZXB0CiAgICAgICAgICAgICAgICAgICAgb2Ygc2VjdG9ycyB3YXMgZGV2ZWxvcGVkIHRvIGltcHJvdmUgY28tY2hhbm5lbAogICAgICAgICAgICAgICAgICAgIGludGVyZmVyZW5jZSBpbiBjZWxsdWxhciBzeXN0ZW1zLCBhbmQgbW9zdCB3aXJlbGVzcwogICAgICAgICAgICAgICAgICAgIHN5c3RlbXMgdXNlIHRocmVlIHNlY3RvciBjZWxscy4iOwoKICAgICAgICB1c2VzIG9yLXRlaXYtdHlwZXM6VG9wX0dycF9UeXBlOwogICAgICAgIGtleSBpZDsKCiAgICAgICAgY29udGFpbmVyIGF0dHJpYnV0ZXMgewogICAgICAgICAgICBsZWFmIGZkbiB7CiAgICAgICAgICAgICAgICBkZXNjcmlwdGlvbiAiVGhpcyBGdWxsIERpc3Rpbmd1aXNoZWQgTmFtZSAoRkROKSBpZGVudGlmaWVzCiAgICAgICAgICAgICAgICAgICAgICAgICAgICBhbiBpbnN0YW5jZSBvZiB0aGUgTlJTZWN0b3JDYXJyaWVyIE1PLiBJdCBjb250YWlucwogICAgICAgICAgICAgICAgICAgICAgICAgICAgdGhlIGZ1bGwgcGF0aCBmcm9tIHRoZSBTdWJuZXR3b3JrIHRvIHRoZQogICAgICAgICAgICAgICAgICAgICAgICAgICAgTlJTZWN0b3JDYXJyaWVyLiI7CiAgICAgICAgICAgICAgICB0eXBlIG9yLXRlaXYtdHlwZXM6XzNHUFBfRkROX1R5cGU7CiAgICAgICAgICAgIH0KCiAgICAgICAgICAgIGxlYWYgYXJmY25ETCB7CiAgICAgICAgICAgICAgICBkZXNjcmlwdGlvbiAiTlIgQWJzb2x1dGUgUmFkaW8gRnJlcXVlbmN5IENoYW5uZWwKICAgICAgICAgICAgICAgICAgICAgICAgICAgIE51bWJlciAoTlItQVJGQ04pIGZvciBkb3dubGluayI7CiAgICAgICAgICAgICAgICB0eXBlIHVpbnQzMjsKICAgICAgICAgICAgfQoKICAgICAgICAgICAgbGVhZiBhcmZjblVMIHsKICAgICAgICAgICAgICAgIGRlc2NyaXB0aW9uICJOUiBBYnNvbHV0ZSBSYWRpbyBmcmVxdWVuY3kgQ2hhbm5lbCBOdW1iZXIKICAgICAgICAgICAgICAgICAgICAgICAgICAgIChOUi1BUkZDTikgZm9yIHVwbGluay4iOwogICAgICAgICAgICAgICAgdHlwZSB1aW50MzI7CiAgICAgICAgICAgIH0KCiAgICAgICAgICAgIGxlYWYgZnJlcXVlbmN5REwgewogICAgICAgICAgICAgICAgZGVzY3JpcHRpb24gIlJGIFJlZmVyZW5jZSBGcmVxdWVuY3kgb2YgZG93bmxpbmsgY2hhbm5lbCI7CiAgICAgICAgICAgICAgICB0eXBlIHVpbnQzMjsKICAgICAgICAgICAgfQoKICAgICAgICAgICAgbGVhZiBmcmVxdWVuY3lVTCB7CiAgICAgICAgICAgICAgICBkZXNjcmlwdGlvbiAiUkYgUmVmZXJlbmNlIEZyZXF1ZW5jeSBvZiB1cGxpbmsgY2hhbm5lbCI7CiAgICAgICAgICAgICAgICB0eXBlIHVpbnQzMjsKICAgICAgICAgICAgfQoKICAgICAgICAgICAgbGVhZiBiU0NoYW5uZWxCd0RMIHsKICAgICAgICAgICAgICAgIGRlc2NyaXB0aW9uICJCUyBDaGFubmVsIGJhbmR3aWR0aCBpbiBNSHogZm9yIGRvd25saW5rLiI7CiAgICAgICAgICAgICAgICB0eXBlIHVpbnQzMjsKICAgICAgICAgICAgfQoKICAgICAgICAgICAgY29udGFpbmVyIGNtSWQgewogICAgICAgICAgICAgICAgdXNlcyBvci10ZWl2LXR5cGVzOkNNX0lEOwogICAgICAgICAgICB9CiAgICAgICAgfQogICAgfQoKICAgIGxpc3QgTFRFU2VjdG9yQ2FycmllciB7CiAgICAgICAgZGVzY3JpcHRpb24gIlRoZSBMVEUgU2VjdG9yIENhcnJpZXIgb2JqZWN0IHByb3ZpZGVzIHRoZQogICAgICAgICAgICAgICAgICAgIGF0dHJpYnV0ZXMgZm9yIGRlZmluaW5nIHRoZSBsb2dpY2FsIGNoYXJhY3RlcmlzdGljcwogICAgICAgICAgICAgICAgICAgIG9mIGEgY2FycmllciAoY2VsbCkgaW4gYSBzZWN0b3IuIEEgc2VjdG9yIGlzIGEgY292ZXJhZ2UKICAgICAgICAgICAgICAgICAgICBhcmVhIGFzc29jaWF0ZWQgd2l0aCBhIGJhc2Ugc3RhdGlvbiBoYXZpbmcKICAgICAgICAgICAgICAgICAgICBpdHMgb3duIGFudGVubmFzLCByYWRpbyBwb3J0cywgYW5kIGNvbnRyb2wgY2hhbm5lbHMuCiAgICAgICAgICAgICAgICAgICAgVGhlIGNvbmNlcHQgb2Ygc2VjdG9ycyB3YXMgZGV2ZWxvcGVkIHRvIGltcHJvdmUgY28tY2hhbm5lbAogICAgICAgICAgICAgICAgICAgIGludGVyZmVyZW5jZSBpbiBjZWxsdWxhciBzeXN0ZW1zLCBhbmQgbW9zdCB3aXJlbGVzcyBzeXN0ZW1zCiAgICAgICAgICAgICAgICAgICAgdXNlIHRocmVlIHNlY3RvciBjZWxscy4iOwoKICAgICAgICB1c2VzIG9yLXRlaXYtdHlwZXM6VG9wX0dycF9UeXBlOwogICAgICAgIGtleSBpZDsKCiAgICAgICAgY29udGFpbmVyIGF0dHJpYnV0ZXMgewogICAgICAgICAgICBsZWFmIGZkbiB7CiAgICAgICAgICAgICAgICBkZXNjcmlwdGlvbiAiVGhpcyBGdWxsIERpc3Rpbmd1aXNoZWQgTmFtZSAoRkROKSBpZGVudGlmaWVzCiAgICAgICAgICAgICAgICAgICAgICAgICAgICBhbiBpbnN0YW5jZSBvZiB0aGUgU2VjdG9yQ2FycmllciBNTy4gSXQgY29udGFpbnMKICAgICAgICAgICAgICAgICAgICAgICAgICAgIHRoZSBmdWxsIHBhdGggZnJvbSB0aGUgU3VibmV0d29yayB0byB0aGUKICAgICAgICAgICAgICAgICAgICAgICAgICAgIFNlY3RvckNhcnJpZXIuIjsKICAgICAgICAgICAgICAgIHR5cGUgb3ItdGVpdi10eXBlczpfM0dQUF9GRE5fVHlwZTsKICAgICAgICAgICAgfQoKICAgICAgICAgICAgbGVhZiBzZWN0b3JDYXJyaWVyVHlwZSB7CiAgICAgICAgICAgICAgICBkZXNjcmlwdGlvbiAiSW5kaWNhdGVzIHdoZXRoZXIgb3Igbm90IHRoZSBzZWN0b3IgY2FycmllcgogICAgICAgICAgICAgICAgICAgICAgICAgICAgbW9kZWxsZWQgYnkgTU8gU2VjdG9yQ2FycmllciBpcyBhIGRpZ2l0YWwgc2VjdG9yLiI7CiAgICAgICAgICAgICAgICB0eXBlIGVudW1lcmF0aW9uIHsKICAgICAgICAgICAgICAgICAgICBlbnVtIG5vcm1hbF9zZWN0b3IgewogICAgICAgICAgICAgICAgICAgICAgICB2YWx1ZSAwOwogICAgICAgICAgICAgICAgICAgICAgICBkZXNjcmlwdGlvbiAiTm90IGEgZGlnaXRhbCBzZWN0b3IiOwogICAgICAgICAgICAgICAgICAgIH0KICAgICAgICAgICAgICAgICAgICBlbnVtIGxlZnRfZGlnaXRhbF9zZWN0b3IgewogICAgICAgICAgICAgICAgICAgICAgICB2YWx1ZSAxOwogICAgICAgICAgICAgICAgICAgICAgICBkZXNjcmlwdGlvbiAiTGVmdCBkaWdpdGFsIHNlY3RvciBmb3IgMkRTIjsKICAgICAgICAgICAgICAgICAgICB9CiAgICAgICAgICAgICAgICAgICAgZW51bSByaWdodF9kaWdpdGFsX3NlY3RvciB7CiAgICAgICAgICAgICAgICAgICAgICAgIHZhbHVlIDI7CiAgICAgICAgICAgICAgICAgICAgICAgIGRlc2NyaXB0aW9uICJSaWdodCBkaWdpdGFsIHNlY3RvciBmb3IgMkRTIjsKICAgICAgICAgICAgICAgICAgICB9CiAgICAgICAgICAgICAgICAgICAgZW51bSBsZWZ0X2RpZ2l0YWxfc2VjdG9yXzNkcyB7CiAgICAgICAgICAgICAgICAgICAgICAgIHZhbHVlIDM7CiAgICAgICAgICAgICAgICAgICAgICAgIGRlc2NyaXB0aW9uICJMZWZ0IGRpZ2l0YWwgc2VjdG9yIGZvciAzRFMiOwogICAgICAgICAgICAgICAgICAgIH0KICAgICAgICAgICAgICAgICAgICBlbnVtIHJpZ2h0X2RpZ2l0YWxfc2VjdG9yXzNkcyB7CiAgICAgICAgICAgICAgICAgICAgICAgIHZhbHVlIDQ7CiAgICAgICAgICAgICAgICAgICAgICAgIGRlc2NyaXB0aW9uICJSaWdodCBkaWdpdGFsIHNlY3RvciBmb3IgM0RTIjsKICAgICAgICAgICAgICAgICAgICB9CiAgICAgICAgICAgICAgICAgICAgZW51bSBtaWRkbGVfZGlnaXRhbF9zZWN0b3IgewogICAgICAgICAgICAgICAgICAgICAgICB2YWx1ZSA1OwogICAgICAgICAgICAgICAgICAgICAgICBkZXNjcmlwdGlvbiAiTWlkZGxlIGRpZ2l0YWwgc2VjdG9yIGZvciAzRFMiOwogICAgICAgICAgICAgICAgICAgIH0KICAgICAgICAgICAgICAgIH0KICAgICAgICAgICAgfQoKICAgICAgICAgICAgY29udGFpbmVyIGNtSWQgewogICAgICAgICAgICAgICAgdXNlcyBvci10ZWl2LXR5cGVzOkNNX0lEOwogICAgICAgICAgICB9CiAgICAgICAgfQogICAgfQoKICAgIGxpc3QgQW50ZW5uYUNhcGFiaWxpdHkgewogICAgICAgIGRlc2NyaXB0aW9uICJUaGlzIE1PIHNlcnZlcyBhcyBhIG1hcHBpbmcgYmV0d2VlbiB0aGUgY2VsbAogICAgICAgICAgICAgICAgICAgIGFuZCB0aGUgUkJTIGVxdWlwbWVudCB1c2VkIHRvIHByb3ZpZGUgY292ZXJhZ2UKICAgICAgICAgICAgICAgICAgICBpbiBhIGNlcnRhaW4gZ2VvZ3JhcGhpY2FsIGFyZWEuIFRoZSBNTyBhbHNvCiAgICAgICAgICAgICAgICAgICAgY29udHJvbHMgdGhlIG1heGltdW0gb3V0cHV0IHBvd2VyIG9mIHRoZSBzZWN0b3IuIjsKCiAgICAgICAgdXNlcyBvci10ZWl2LXR5cGVzOlRvcF9HcnBfVHlwZTsKICAgICAgICBrZXkgaWQ7CgogICAgICAgIGNvbnRhaW5lciBhdHRyaWJ1dGVzIHsKICAgICAgICAgICAgbGVhZiBmZG4gewogICAgICAgICAgICAgICAgZGVzY3JpcHRpb24gIlRoaXMgRnVsbCBEaXN0aW5ndWlzaGVkIE5hbWUgKEZETikgaWRlbnRpZmllcwogICAgICAgICAgICAgICAgICAgICAgICAgICAgYW4gaW5zdGFuY2Ugb2YgdGhlIFNlY3RvckVxdWlwbWVudEZ1bmN0aW9uIE1PLgogICAgICAgICAgICAgICAgICAgICAgICAgICAgSXQgY29udGFpbnMgdGhlIGZ1bGwgcGF0aCBmcm9tIHRoZSBTdWJuZXR3b3JrCiAgICAgICAgICAgICAgICAgICAgICAgICAgICB0byB0aGUgU2VjdG9yRXF1aXBtZW50RnVuY3Rpb24uIjsKICAgICAgICAgICAgICAgIHR5cGUgb3ItdGVpdi10eXBlczpfM0dQUF9GRE5fVHlwZTsKICAgICAgICAgICAgfQoKICAgICAgICAgICAgbGVhZi1saXN0IGVVdHJhbkZxQmFuZHMgewogICAgICAgICAgICAgICAgZGVzY3JpcHRpb24gIkxpc3Qgb2YgTFRFIGZyZXF1ZW5jeSBiYW5kcwogICAgICAgICAgICAgICAgICAgICAgICAgICAgdGhhdCBhc3NvY2lhdGVkIGhhcmR3YXJlIHN1cHBvcnRzIjsKICAgICAgICAgICAgICAgIHR5cGUgc3RyaW5nOwogICAgICAgICAgICB9CgogICAgICAgICAgICBsZWFmLWxpc3QgZ2VyYW5GcUJhbmRzIHsKICAgICAgICAgICAgICAgIGRlc2NyaXB0aW9uICJMaXN0IG9mIEdFUkFOIGZyZXF1ZW5jeSBiYW5kcwogICAgICAgICAgICAgICAgICAgICAgICAgICAgdGhhdCBhc3NvY2lhdGVkIGhhcmR3YXJlIHN1cHBvcnRzIjsKICAgICAgICAgICAgICAgIHR5cGUgc3RyaW5nOwogICAgICAgICAgICB9CgogICAgICAgICAgICBsZWFmLWxpc3QgblJGcUJhbmRzIHsKICAgICAgICAgICAgICAgIGRlc2NyaXB0aW9uICJMaXN0IG9mIE5SIGZyZXF1ZW5jeSBiYW5kcwogICAgICAgICAgICAgICAgICAgICAgICAgICAgYXNzb2NpYXRlZCBoYXJkd2FyZSBzdXBwb3J0cyI7CiAgICAgICAgICAgICAgICB0eXBlIHN0cmluZzsKICAgICAgICAgICAgfQoKICAgICAgICAgICAgY29udGFpbmVyIGNtSWQgewogICAgICAgICAgICAgICAgdXNlcyBvci10ZWl2LXR5cGVzOkNNX0lEOwogICAgICAgICAgICB9CiAgICAgICAgfQogICAgfQoKICAgIGxpc3QgU2VjdG9yIHsKICAgICAgICBkZXNjcmlwdGlvbiAiQSBncm91cCBvZiBjby1sb2NhdGVkIENlbGxzIHRoYXQKICAgICAgICAgICAgICAgICAgICBoYXZlIGEgc2hhcmVkIGNvdmVyYWdlIGFyZWEuIjsKCiAgICAgICAgdXNlcyBvci10ZWl2LXR5cGVzOlRvcF9HcnBfVHlwZTsKICAgICAgICBrZXkgaWQ7CgogICAgICAgIGNvbnRhaW5lciBhdHRyaWJ1dGVzIHsKICAgICAgICAgICAgbGVhZiBzZWN0b3JJZCB7CiAgICAgICAgICAgICAgICBkZXNjcmlwdGlvbiAiVW5pdmVyc2FsbHkgdW5pcXVlIElEIGdlbmVyYXRlZCBieSB0aGUKICAgICAgICAgICAgICAgICAgICAgICAgICAgIHNlY3RvcidzIGRpc2NvdmVyeSBtZWNoYW5pc20uIjsKICAgICAgICAgICAgICAgIHR5cGUgdWludDY0OwogICAgICAgICAgICB9CgogICAgICAgICAgICB1c2VzIGdlbzpnZW8tbG9jYXRpb247CgogICAgICAgICAgICBsZWFmIGF6aW11dGggewogICAgICAgICAgICAgICAgZGVzY3JpcHRpb24gIkF2ZXJhZ2UgdmFsdWUgb2YgdGhlIGF6aW11dGhzIG9mIHRoZSBjZWxscwogICAgICAgICAgICAgICAgICAgICAgICAgICAgY29tcHJpc2luZyB0aGUgc2VjdG9yLCBkZXRlcm1pbmVkIGR1cmluZwogICAgICAgICAgICAgICAgICAgICAgICAgICAgc2VjdG9yIGRpc2NvdmVyeS4iOwogICAgICAgICAgICAgICAgdHlwZSBkZWNpbWFsNjR7CiAgICAgICAgICAgICAgICAgICAgZnJhY3Rpb24tZGlnaXRzIDY7CiAgICAgICAgICAgICAgICB9CiAgICAgICAgICAgICAgICB1bml0cyAiZGVncmVlcyI7CiAgICAgICAgICAgIH0KICAgICAgICB9CiAgICB9CgoKICAgIG9yLXRlaXYteWV4dDpiaURpcmVjdGlvbmFsVG9wb2xvZ3lSZWxhdGlvbnNoaXAgRU5PREVCRlVOQ1RJT05fUFJPVklERVNfRVVUUkFOQ0VMTCB7IC8vIDEgdG8gMC4ubgoKICAgICAgICB1c2VzIG9yLXRlaXYtdHlwZXM6VG9wX0dycF9UeXBlOwogICAgICAgIGtleSBpZDsKCiAgICAgICAgbGVhZi1saXN0IHByb3ZpZGVkLWV1VHJhbkNlbGwgewogICAgICAgICAgICBkZXNjcmlwdGlvbiAiZU5vZGVCIEZ1bmN0aW9uIHByb3ZpZGVzIEVVVFJBTiBDZWxsLiI7CiAgICAgICAgICAgIG9yLXRlaXYteWV4dDphU2lkZSBFTm9kZUJGdW5jdGlvbjsKICAgICAgICAgICAgdHlwZSBpbnN0YW5jZS1pZGVudGlmaWVyOwogICAgICAgIH0KCiAgICAgICAgbGVhZiBwcm92aWRlZC1ieS1lbm9kZWJGdW5jdGlvbiB7CiAgICAgICAgICAgIGRlc2NyaXB0aW9uICJFVVRSQU4gQ2VsbCBwcm92aWRlZCBieSBlTm9kZUIgRnVuY3Rpb24uIjsKICAgICAgICAgICAgb3ItdGVpdi15ZXh0OmJTaWRlIEVVdHJhbkNlbGw7CiAgICAgICAgICAgIHR5cGUgaW5zdGFuY2UtaWRlbnRpZmllcjsKICAgICAgICAgICAgbWFuZGF0b3J5IHRydWU7CiAgICAgICAgfQogICAgfQoKICAgIG9yLXRlaXYteWV4dDpiaURpcmVjdGlvbmFsVG9wb2xvZ3lSZWxhdGlvbnNoaXAgRU5PREVCRlVOQ1RJT05fUFJPVklERVNfTFRFU0VDVE9SQ0FSUklFUiB7IC8vIDEgdG8gMC4ubgoKICAgICAgICB1c2VzIG9yLXRlaXYtdHlwZXM6VG9wX0dycF9UeXBlOwogICAgICAgIGtleSBpZDsKCiAgICAgICAgbGVhZi1saXN0IHByb3ZpZGVkLWx0ZVNlY3RvckNhcnJpZXIgewogICAgICAgICAgICBkZXNjcmlwdGlvbiAiZU5vZGVCIEZ1bmN0aW9uIHByb3ZpZGVzIExURSBTZWN0b3IgQ2Fycmllci4iOwogICAgICAgICAgICBvci10ZWl2LXlleHQ6YVNpZGUgRU5vZGVCRnVuY3Rpb247CiAgICAgICAgICAgIHR5cGUgaW5zdGFuY2UtaWRlbnRpZmllcjsKICAgICAgICB9CgogICAgICAgIGxlYWYgcHJvdmlkZWQtYnktZW5vZGViRnVuY3Rpb24gewogICAgICAgICAgICBkZXNjcmlwdGlvbiAiTFRFIFNlY3RvciBDYXJyaWVyIHByb3ZpZGVkIGJ5IGVOb2RlQiBGdW5jdGlvbi4iOwogICAgICAgICAgICBvci10ZWl2LXlleHQ6YlNpZGUgTFRFU2VjdG9yQ2FycmllcjsKICAgICAgICAgICAgdHlwZSBpbnN0YW5jZS1pZGVudGlmaWVyOwogICAgICAgICAgICBtYW5kYXRvcnkgdHJ1ZTsKICAgICAgICB9CiAgICB9CgogICAgb3ItdGVpdi15ZXh0OmJpRGlyZWN0aW9uYWxUb3BvbG9neVJlbGF0aW9uc2hpcCBHTkJEVUZVTkNUSU9OX1BST1ZJREVTX05SQ0VMTERVIHsgLy8gMSB0byAwLi5uCgogICAgICAgIHVzZXMgb3ItdGVpdi10eXBlczpUb3BfR3JwX1R5cGU7CiAgICAgICAga2V5IGlkOwoKICAgICAgICBsZWFmLWxpc3QgcHJvdmlkZWQtbnJDZWxsRHUgewogICAgICAgICAgICBkZXNjcmlwdGlvbiAiZ05vZGVCLURVIEZ1bmN0aW9uIHByb3ZpZGVzIE5SIENlbGwtRFUuIjsKICAgICAgICAgICAgb3ItdGVpdi15ZXh0OmFTaWRlIEdOQkRVRnVuY3Rpb247CiAgICAgICAgICAgIHR5cGUgaW5zdGFuY2UtaWRlbnRpZmllcjsKICAgICAgICB9CgogICAgICAgIGxlYWYgcHJvdmlkZWQtYnktZ25iZHVGdW5jdGlvbiB7CiAgICAgICAgICAgIGRlc2NyaXB0aW9uICJOUiBDZWxsLURVIHByb3ZpZGVkIGJ5IGdOb2RlQi1EVSBGdW5jdGlvbi4iOwogICAgICAgICAgICBvci10ZWl2LXlleHQ6YlNpZGUgTlJDZWxsRFU7CiAgICAgICAgICAgIHR5cGUgaW5zdGFuY2UtaWRlbnRpZmllcjsKICAgICAgICAgICAgbWFuZGF0b3J5IHRydWU7CiAgICAgICAgfQogICAgfQoKICAgIG9yLXRlaXYteWV4dDpiaURpcmVjdGlvbmFsVG9wb2xvZ3lSZWxhdGlvbnNoaXAgR05CRFVGVU5DVElPTl9QUk9WSURFU19OUlNFQ1RPUkNBUlJJRVIgeyAvLyAxIHRvIDAuLm4KCiAgICAgICAgdXNlcyBvci10ZWl2LXR5cGVzOlRvcF9HcnBfVHlwZTsKICAgICAgICBrZXkgaWQ7CgogICAgICAgIGxlYWYtbGlzdCBwcm92aWRlZC1uclNlY3RvckNhcnJpZXIgewogICAgICAgICAgICBkZXNjcmlwdGlvbiAiZ05vZGVCLURVIEZ1bmN0aW9uIHByb3ZpZGVzIE5SIFNlY3RvciBDYXJyaWVyLiI7CiAgICAgICAgICAgIG9yLXRlaXYteWV4dDphU2lkZSBHTkJEVUZ1bmN0aW9uOwogICAgICAgICAgICB0eXBlIGluc3RhbmNlLWlkZW50aWZpZXI7CiAgICAgICAgfQoKICAgICAgICBsZWFmIHByb3ZpZGVkLWJ5LWduYmR1RnVuY3Rpb24gewogICAgICAgICAgICBkZXNjcmlwdGlvbiAiTlIgU2VjdG9yIENhcnJpZXIgcHJvdmlkZWQgYnkgZ05vZGVCLURVIEZ1bmN0aW9uLiI7CiAgICAgICAgICAgIG9yLXRlaXYteWV4dDpiU2lkZSBOUlNlY3RvckNhcnJpZXI7CiAgICAgICAgICAgIHR5cGUgaW5zdGFuY2UtaWRlbnRpZmllcjsKICAgICAgICAgICAgbWFuZGF0b3J5IHRydWU7CiAgICAgICAgfQogICAgfQoKICAgIG9yLXRlaXYteWV4dDpiaURpcmVjdGlvbmFsVG9wb2xvZ3lSZWxhdGlvbnNoaXAgR05CQ1VDUEZVTkNUSU9OX1BST1ZJREVTX05SQ0VMTENVIHsgLy8gMSB0byAwLi5uCgogICAgICAgIHVzZXMgb3ItdGVpdi10eXBlczpUb3BfR3JwX1R5cGU7CiAgICAgICAga2V5IGlkOwoKICAgICAgICBsZWFmLWxpc3QgcHJvdmlkZWQtbnJDZWxsQ3UgewogICAgICAgICAgICBkZXNjcmlwdGlvbiAiZ05vZGVCLUNVQ1AgRnVuY3Rpb24gcHJvdmlkZXMgTlIgQ2VsbC1DVS4iOwogICAgICAgICAgICBvci10ZWl2LXlleHQ6YVNpZGUgR05CQ1VDUEZ1bmN0aW9uOwogICAgICAgICAgICB0eXBlIGluc3RhbmNlLWlkZW50aWZpZXI7CiAgICAgICAgfQoKICAgICAgICBsZWFmIHByb3ZpZGVkLWJ5LWduYmN1Y3BGdW5jdGlvbiB7CiAgICAgICAgICAgIGRlc2NyaXB0aW9uICJOUiBDZWxsLUNVIHByb3ZpZGVkIGJ5IGdOb2RlQi1DVUNQIEZ1bmN0aW9uLiI7CiAgICAgICAgICAgIG9yLXRlaXYteWV4dDpiU2lkZSBOUkNlbGxDVTsKICAgICAgICAgICAgdHlwZSBpbnN0YW5jZS1pZGVudGlmaWVyOwogICAgICAgICAgICBtYW5kYXRvcnkgdHJ1ZTsKICAgICAgICB9CiAgICB9CgogICAgb3ItdGVpdi15ZXh0OmJpRGlyZWN0aW9uYWxUb3BvbG9neVJlbGF0aW9uc2hpcCBFVVRSQU5DRUxMX1VTRVNfTFRFU0VDVE9SQ0FSUklFUiB7IC8vIDAuLjEgdG8gMC4ubgoKICAgICAgICB1c2VzIG9yLXRlaXYtdHlwZXM6VG9wX0dycF9UeXBlOwogICAgICAgIGtleSBpZDsKCiAgICAgICAgbGVhZi1saXN0IHVzZWQtbHRlU2VjdG9yQ2FycmllciB7CiAgICAgICAgICAgIGRlc2NyaXB0aW9uICJFVVRSQU4gQ2VsbCB1c2VzIExURSBTZWN0b3IgQ2Fycmllci4iOwogICAgICAgICAgICBvci10ZWl2LXlleHQ6YVNpZGUgRVV0cmFuQ2VsbDsKICAgICAgICAgICAgdHlwZSBpbnN0YW5jZS1pZGVudGlmaWVyOwogICAgICAgIH0KCiAgICAgICAgbGVhZiB1c2VkLWJ5LWV1VHJhbkNlbGwgewogICAgICAgICAgICBkZXNjcmlwdGlvbiAiTFRFIFNlY3RvciBDYXJyaWVyIHVzZWQgYnkgRVVUUkFOIENlbGwuIjsKICAgICAgICAgICAgb3ItdGVpdi15ZXh0OmJTaWRlIExURVNlY3RvckNhcnJpZXI7CiAgICAgICAgICAgIHR5cGUgaW5zdGFuY2UtaWRlbnRpZmllcjsKICAgICAgICB9CiAgICB9CgogICAgb3ItdGVpdi15ZXh0OmJpRGlyZWN0aW9uYWxUb3BvbG9neVJlbGF0aW9uc2hpcCBMVEVTRUNUT1JDQVJSSUVSX1VTRVNfQU5URU5OQUNBUEFCSUxJVFkgeyAvLyAwLi5uIHRvIDAuLjEKCiAgICAgICAgdXNlcyBvci10ZWl2LXR5cGVzOlRvcF9HcnBfVHlwZTsKICAgICAgICBrZXkgaWQ7CgogICAgICAgIGxlYWYgdXNlZC1hbnRlbm5hQ2FwYWJpbGl0eSB7CiAgICAgICAgICAgIGRlc2NyaXB0aW9uICJMVEUgU2VjdG9yIENhcnJpZXIgdXNlcyBBbnRlbm5hIENhcGFiaWxpdHkuIjsKICAgICAgICAgICAgb3ItdGVpdi15ZXh0OmFTaWRlIExURVNlY3RvckNhcnJpZXI7CiAgICAgICAgICAgIHR5cGUgaW5zdGFuY2UtaWRlbnRpZmllcjsKICAgICAgICB9CgogICAgICAgIGxlYWYtbGlzdCB1c2VkLWJ5LWx0ZVNlY3RvckNhcnJpZXIgewogICAgICAgICAgICBkZXNjcmlwdGlvbiAiQW50ZW5uYSBDYXBhYmlsaXR5IHVzZWQgYnkgTFRFIFNlY3RvciBDYXJyaWVyLiI7CiAgICAgICAgICAgIG9yLXRlaXYteWV4dDpiU2lkZSBBbnRlbm5hQ2FwYWJpbGl0eTsKICAgICAgICAgICAgdHlwZSBpbnN0YW5jZS1pZGVudGlmaWVyOwogICAgICAgIH0KICAgIH0KCiAgICBvci10ZWl2LXlleHQ6YmlEaXJlY3Rpb25hbFRvcG9sb2d5UmVsYXRpb25zaGlwIE5SQ0VMTERVX1VTRVNfTlJTRUNUT1JDQVJSSUVSIHsgLy8gMC4uMSB0byAwLi5uCgogICAgICAgIHVzZXMgb3ItdGVpdi10eXBlczpUb3BfR3JwX1R5cGU7CiAgICAgICAga2V5IGlkOwoKICAgICAgICBsZWFmLWxpc3QgdXNlZC1uclNlY3RvckNhcnJpZXIgewogICAgICAgICAgICBkZXNjcmlwdGlvbiAiTlIgQ2VsbC1EVSB1c2VzIE5SIFNlY3RvciBDYXJyaWVyLiI7CiAgICAgICAgICAgIG9yLXRlaXYteWV4dDphU2lkZSBOUkNlbGxEVTsKICAgICAgICAgICAgdHlwZSBpbnN0YW5jZS1pZGVudGlmaWVyOwogICAgICAgIH0KCiAgICAgICAgbGVhZiB1c2VkLWJ5LW5yQ2VsbER1IHsKICAgICAgICAgICAgZGVzY3JpcHRpb24gIk5SIFNlY3RvciBDYXJyaWVyIHVzZWQgYnkgTlIgQ2VsbC1EVS4iOwogICAgICAgICAgICBvci10ZWl2LXlleHQ6YlNpZGUgTlJTZWN0b3JDYXJyaWVyOwogICAgICAgICAgICB0eXBlIGluc3RhbmNlLWlkZW50aWZpZXI7CiAgICAgICAgfQogICAgfQoKICAgIG9yLXRlaXYteWV4dDpiaURpcmVjdGlvbmFsVG9wb2xvZ3lSZWxhdGlvbnNoaXAgTlJTRUNUT1JDQVJSSUVSX1VTRVNfQU5URU5OQUNBUEFCSUxJVFkgeyAvLyAwLi5uIHRvIDAuLjEKCiAgICAgICAgdXNlcyBvci10ZWl2LXR5cGVzOlRvcF9HcnBfVHlwZTsKICAgICAgICBrZXkgaWQ7CgogICAgICAgIGxlYWYgdXNlZC1hbnRlbm5hQ2FwYWJpbGl0eSB7CiAgICAgICAgICAgIGRlc2NyaXB0aW9uICJOUiBTZWN0b3IgQ2FycmllciB1c2VzIEFudGVubmEgQ2FwYWJpbGl0eS4iOwogICAgICAgICAgICBvci10ZWl2LXlleHQ6YVNpZGUgTlJTZWN0b3JDYXJyaWVyOwogICAgICAgICAgICB0eXBlIGluc3RhbmNlLWlkZW50aWZpZXI7CiAgICAgICAgfQoKICAgICAgICBsZWFmLWxpc3QgdXNlZC1ieS1uclNlY3RvckNhcnJpZXIgewogICAgICAgICAgICBkZXNjcmlwdGlvbiAiQW50ZW5uYSBDYXBhYmlsaXR5IHVzZWQgYnkgTlIgU2VjdG9yIENhcnJpZXIuIjsKICAgICAgICAgICAgb3ItdGVpdi15ZXh0OmJTaWRlIEFudGVubmFDYXBhYmlsaXR5OwogICAgICAgICAgICB0eXBlIGluc3RhbmNlLWlkZW50aWZpZXI7CiAgICAgICAgfQogICAgfQoKICAgIG9yLXRlaXYteWV4dDpiaURpcmVjdGlvbmFsVG9wb2xvZ3lSZWxhdGlvbnNoaXAgU0VDVE9SX0dST1VQU19OUkNFTExEVSB7IC8vIDAuLjEgdG8gMC4ubgoKICAgICAgICB1c2VzIG9yLXRlaXYtdHlwZXM6VG9wX0dycF9UeXBlOwogICAgICAgIGtleSBpZDsKCiAgICAgICAgbGVhZi1saXN0IGdyb3VwZWQtbnJDZWxsRHUgewogICAgICAgICAgICBkZXNjcmlwdGlvbiAiU2VjdG9yIGdyb3VwcyBOUiBDZWxsLURVLiI7CiAgICAgICAgICAgIG9yLXRlaXYteWV4dDphU2lkZSBTZWN0b3I7CiAgICAgICAgICAgIHR5cGUgaW5zdGFuY2UtaWRlbnRpZmllcjsKICAgICAgICB9CgogICAgICAgIGxlYWYgZ3JvdXBlZC1ieS1zZWN0b3IgewogICAgICAgICAgICBkZXNjcmlwdGlvbiAiTlIgQ2VsbC1EVSBncm91cGVkIGJ5IFNlY3Rvci4iOwogICAgICAgICAgICBvci10ZWl2LXlleHQ6YlNpZGUgTlJDZWxsRFU7CiAgICAgICAgICAgIHR5cGUgaW5zdGFuY2UtaWRlbnRpZmllcjsKICAgICAgICB9CiAgICB9CgogICAgb3ItdGVpdi15ZXh0OmJpRGlyZWN0aW9uYWxUb3BvbG9neVJlbGF0aW9uc2hpcCBTRUNUT1JfR1JPVVBTX0VVVFJBTkNFTEwgeyAvLyAwLi4xIHRvIDAuLm4KCiAgICAgICAgdXNlcyBvci10ZWl2LXR5cGVzOlRvcF9HcnBfVHlwZTsKICAgICAgICBrZXkgaWQ7CgogICAgICAgIGxlYWYtbGlzdCBncm91cGVkLWV1VHJhbkNlbGwgewogICAgICAgICAgICBkZXNjcmlwdGlvbiAiU2VjdG9yIGdyb3VwcyBFVVRSQU4gQ2VsbC4iOwogICAgICAgICAgICBvci10ZWl2LXlleHQ6YVNpZGUgU2VjdG9yOwogICAgICAgICAgICB0eXBlIGluc3RhbmNlLWlkZW50aWZpZXI7CiAgICAgICAgfQoKICAgICAgICBsZWFmIGdyb3VwZWQtYnktc2VjdG9yIHsKICAgICAgICAgICAgZGVzY3JpcHRpb24gIkVVVFJBTiBDZWxsIGdyb3VwZWQgYnkgU2VjdG9yLiI7CiAgICAgICAgICAgIG9yLXRlaXYteWV4dDpiU2lkZSBFVXRyYW5DZWxsOwogICAgICAgICAgICB0eXBlIGluc3RhbmNlLWlkZW50aWZpZXI7CiAgICAgICAgfQogICAgfQp9	BUILT_IN_MODULE	IN_USAGE
o-ran-smo-teiv-equipment	urn:o-ran:smo-teiv-equipment	EQUIPMENT	[]	2024-05-02	bW9kdWxlIG8tcmFuLXNtby10ZWl2LWVxdWlwbWVudCB7CiAgICB5YW5nLXZlcnNpb24gMS4xOwogICAgbmFtZXNwYWNlICJ1cm46by1yYW46c21vLXRlaXYtZXF1aXBtZW50IjsKICAgIHByZWZpeCBvci10ZWl2LWVxdWlwOwoKICAgIGltcG9ydCBvLXJhbi1zbW8tdGVpdi1jb21tb24teWFuZy10eXBlcyB7cHJlZml4IG9yLXRlaXYtdHlwZXM7IH0KCiAgICBpbXBvcnQgby1yYW4tc21vLXRlaXYtY29tbW9uLXlhbmctZXh0ZW5zaW9ucyB7cHJlZml4IG9yLXRlaXYteWV4dDsgfQoKICAgIGltcG9ydCBpZXRmLWdlby1sb2NhdGlvbiB7CiAgICAgICAgcHJlZml4IGdlbzsKICAgICAgICByZWZlcmVuY2UgIlJGQyA5MTc5OiBBIFlBTkcgR3JvdXBpbmcgZm9yIEdlb2dyYXBoaWMgTG9jYXRpb25zIjsKICAgIH0KCiAgICBvcmdhbml6YXRpb24gIkVyaWNzc29uIEFCIjsKICAgIGNvbnRhY3QgIkVyaWNzc29uIGZpcnN0IGxpbmUgc3VwcG9ydCB2aWEgZW1haWwiOwogICAgZGVzY3JpcHRpb24KICAgICJSQU4gRXF1aXBtZW50IHRvcG9sb2d5IG1vZGVsLgoKICAgIENvcHlyaWdodCAoYykgMjAyMyBFcmljc3NvbiBBQi4gQWxsIHJpZ2h0cyByZXNlcnZlZC4KCiAgICBUaGlzIG1vZGVsIGNvbnRhaW5zIHRoZSB0b3BvbG9neSBlbnRpdGllcyBhbmQgcmVsYXRpb25zIGluIHRoZQogICAgUkFOIEVxdWlwbWVudCBkb21haW4sIHdoaWNoIGlzIG1vZGVsbGVkIHRvIHVuZGVyc3RhbmQgdGhlIHBoeXNpY2FsCiAgICBsb2NhdGlvbiBvZiBlcXVpcG1lbnQgc3VjaCBhcyBhbnRlbm5hcyBhc3NvY2lhdGVkIHdpdGggYSBjZWxsL2NhcnJpZXIKICAgIGFuZCB0aGVpciByZWxldmFudCBwcm9wZXJ0aWVzIGUuZy4gdGlsdCwgbWF4IHBvd2VyIGV0Yy4iOwoKICAgIHJldmlzaW9uICIyMDI0LTA1LTAyIiB7CiAgICAgICAgZGVzY3JpcHRpb24gIkluaXRpYWwgcmV2aXNpb24uIjsKICAgICAgICBvci10ZWl2LXlleHQ6bGFiZWwgMC4zLjA7CiAgICB9CgogICAgb3ItdGVpdi15ZXh0OmRvbWFpbiBFUVVJUE1FTlQ7CgogICAgbGlzdCBBbnRlbm5hTW9kdWxlIHsKICAgICAgICBkZXNjcmlwdGlvbiAiQW4gQW50ZW5uYSBNb2R1bGUgcmVwcmVzZW50cyB0aGUKICAgICAgICAgICAgICAgICAgICBwaHlzaWNhbCBhc3BlY3Qgb2YgYW4gYW50ZW5uYS4iOwoKICAgICAgICB1c2VzIG9yLXRlaXYtdHlwZXM6VG9wX0dycF9UeXBlOwogICAgICAgIGtleSBpZDsKCiAgICAgICAgY29udGFpbmVyIGF0dHJpYnV0ZXMgewogICAgICAgICAgICBsZWFmIGZkbiB7CiAgICAgICAgICAgICAgICBkZXNjcmlwdGlvbiAiVGhpcyBGdWxsIERpc3Rpbmd1aXNoZWQgTmFtZSAoRkROKSBpZGVudGlmaWVzCiAgICAgICAgICAgICAgICAgICAgICAgICAgICBhbiBpbnN0YW5jZSBvZiB0aGUgQW50ZW5uYVN1YlVuaXQgTU8uIEl0IGNvbnRhaW5zCiAgICAgICAgICAgICAgICAgICAgICAgICAgICB0aGUgZnVsbCBwYXRoIGZyb20gdGhlIFN1Ym5ldHdvcmsgdG8gdGhlCiAgICAgICAgICAgICAgICAgICAgICAgICAgICBBbnRlbm5hU3ViVW5pdC4iOwogICAgICAgICAgICAgICAgdHlwZSBvci10ZWl2LXR5cGVzOl8zR1BQX0ZETl9UeXBlOwogICAgICAgICAgICB9CgogICAgICAgICAgICBsZWFmIGFudGVubmFNb2RlbE51bWJlciB7CiAgICAgICAgICAgICAgICBkZXNjcmlwdGlvbiAiVmVuZG9yLXNwZWNpZmljIGFudGVubmEgbW9kZWwKICAgICAgICAgICAgICAgICAgICAgICAgICAgIGlkZW50aWZpZXIuIFRoaXMgYXR0cmlidXRlIGlzIHBhcnQgb2YKICAgICAgICAgICAgICAgICAgICAgICAgICAgIEFJU0cgdjMgQURCIFN0YW5kYXJkIGFuZCBoYXMKICAgICAgICAgICAgICAgICAgICAgICAgICAgIG5vIG9wZXJhdGlvbmFsIGltcGFjdC4iOwogICAgICAgICAgICAgICAgdHlwZSBzdHJpbmc7CiAgICAgICAgICAgIH0KCiAgICAgICAgICAgIGxlYWYgbWVjaGFuaWNhbEFudGVubmFCZWFyaW5nIHsKICAgICAgICAgICAgICAgIGRlc2NyaXB0aW9uICJBbnRlbm5hIGJlYXJpbmcgb24gYW50ZW5uYSBzdWJ1bml0CiAgICAgICAgICAgICAgICAgICAgICAgICAgICB3aGVyZSBhbnRlbm5hIHVuaXQgaXMgaW5zdGFsbGVkLiI7CiAgICAgICAgICAgICAgICB0eXBlIHVpbnQzMjsKICAgICAgICAgICAgfQoKICAgICAgICAgICAgbGVhZiBtZWNoYW5pY2FsQW50ZW5uYVRpbHQgewogICAgICAgICAgICAgICAgZGVzY3JpcHRpb24gIlRoZSBmaXhlZCBhbnRlbm5hIHRpbHQgb2YgdGhlIGluc3RhbGxhdGlvbiwKICAgICAgICAgICAgICAgICAgICAgICAgICAgIGRlZmluZWQgYXMgdGhlIGluY2xpbmF0aW9uIG9mIHRoZSBhbnRlbm5hCiAgICAgICAgICAgICAgICAgICAgICAgICAgICBlbGVtZW50IHJlc3BlY3QgdG8gdGhlIHZlcnRpY2FsIHBsYW5lLgogICAgICAgICAgICAgICAgICAgICAgICAgICAgSXQgaXMgYSBzaWduZWQgdmFsdWUuIFBvc2l0aXZlIGluZGljYXRlcwogICAgICAgICAgICAgICAgICAgICAgICAgICAgZG93bnRpbHQsIGFuZCBuZWdhdGl2ZSBpbmRpY2F0ZXMgdXB0aWx0LiI7CiAgICAgICAgICAgICAgICB0eXBlIHVpbnQzMjsKICAgICAgICAgICAgfQoKICAgICAgICAgICAgbGVhZiBwb3NpdGlvbldpdGhpblNlY3RvciB7CiAgICAgICAgICAgICAgICBkZXNjcmlwdGlvbiAiQW50ZW5uYSB1bml0IHBvc2l0aW9uIHdpdGhpbiBzZWN0b3IuCiAgICAgICAgICAgICAgICAgICAgICAgICAgICBUaGlzIGF0dHJpYnV0ZSBpcyBwYXJ0IG9mIEFJU0cgdjMgQURCCiAgICAgICAgICAgICAgICAgICAgICAgICAgICBTdGFuZGFyZCBhbmQgaGFzIG5vIG9wZXJhdGlvbmFsIGltcGFjdC4iOwogICAgICAgICAgICAgICAgdHlwZSBzdHJpbmc7CiAgICAgICAgICAgIH0KCiAgICAgICAgICAgIGxlYWYgdG90YWxUaWx0IHsKICAgICAgICAgICAgICAgIGRlc2NyaXB0aW9uICJUb3RhbCBhbnRlbm5hIGVsZXZhdGlvbiBpbmNsdWRpbmcgdGhlCiAgICAgICAgICAgICAgICAgICAgICAgICAgICBpbnN0YWxsZWQgdGlsdCBhbmQgdGhlIHRpbHQgYXBwbGllZCBieQogICAgICAgICAgICAgICAgICAgICAgICAgICAgdGhlIFJlbW90ZSBFbGVjdHJpY2FsIFRpbHQgKFJFVCkuIjsKICAgICAgICAgICAgICAgIHR5cGUgdWludDMyOwogICAgICAgICAgICB9CgogICAgICAgICAgICBsZWFmIGVsZWN0cmljYWxBbnRlbm5hVGlsdCB7CiAgICAgICAgICAgICAgICBkZXNjcmlwdGlvbiAiRWxlY3RyaWNhbGx5LWNvbnRyb2xsZWQgdGlsdCBvZiBtYWluIGJlYW0gbWF4aW11bQogICAgICAgICAgICAgICAgICAgICAgICAgICAgd2l0aCByZXNwZWN0IHRvIGRpcmVjdGlvbiBvcnRob2dvbmFsIHRvIGFudGVubmEKICAgICAgICAgICAgICAgICAgICAgICAgICAgIGVsZW1lbnQgYXhpcyAoc2VlIDNHUFAgVFMgMjUuNDY2KS4gVmFsdWUgaXMgc2lnbmVkOwogICAgICAgICAgICAgICAgICAgICAgICAgICAgdGlsdCBkb3duIGlzIHBvc2l0aXZlLCB0aWx0IHVwIGlzIG5lZ2F0aXZlLiI7CiAgICAgICAgICAgICAgICB0eXBlIHVpbnQzMjsKICAgICAgICAgICAgfQoKICAgICAgICAgICAgbGVhZi1saXN0IGFudGVubmFCZWFtV2lkdGggewogICAgICAgICAgICAgICAgZGVzY3JpcHRpb24gIlRoZSBhbmd1bGFyIHNwYW4gb2YgdGhlIG1haW4gbG9iZSBvZiB0aGUgYW50ZW5uYSByYWRpYXRpb24KICAgICAgICAgICAgICAgICAgICAgICAgICAgICAgcGF0dGVybiBpbiB0aGUgaG9yaXpvbnRhbCBwbGFuZS4gTWVhc3VyZWQgaW4gZGVncmVlcy4iOwogICAgICAgICAgICAgICAgdHlwZSB1aW50MzI7CiAgICAgICAgICAgIH0KCiAgICAgICAgICAgIHVzZXMgZ2VvOmdlby1sb2NhdGlvbjsKCiAgICAgICAgICAgIGNvbnRhaW5lciBjbUlkIHsKICAgICAgICAgICAgICAgIHVzZXMgb3ItdGVpdi10eXBlczpDTV9JRDsKICAgICAgICAgICAgfQogICAgICAgIH0KICAgIH0KCiAgICBsaXN0IFNpdGUgewogICAgICAgIGRlc2NyaXB0aW9uICJBIHNpdGUgaXMgYSBwaHlzaWNhbCBsb2NhdGlvbiB3aGVyZSBhbiBBbnRlbm5hIG9yCiAgICAgICAgICAgICAgICAgICAgUGh5c2ljYWwgTkYgY2FuIGJlIGluc3RhbGxlZC4iOwoKICAgICAgICB1c2VzIG9yLXRlaXYtdHlwZXM6VG9wX0dycF9UeXBlOwogICAgICAgIGtleSBpZDsKCiAgICAgICAgY29udGFpbmVyIGF0dHJpYnV0ZXMgewogICAgICAgICAgICBsZWFmIG5hbWUgewogICAgICAgICAgICAgICAgZGVzY3JpcHRpb24gIk5hbWUgb2YgU2l0ZSI7CiAgICAgICAgICAgICAgICB0eXBlIHN0cmluZzsKICAgICAgICAgICAgfQoKICAgICAgICAgICAgdXNlcyBnZW86Z2VvLWxvY2F0aW9uOwoKICAgICAgICAgICAgY29udGFpbmVyIGNtSWQgewogICAgICAgICAgICAgICAgdXNlcyBvci10ZWl2LXR5cGVzOkNNX0lEOwogICAgICAgICAgICB9CiAgICAgICAgfQogICAgfQoKICAgIGxpc3QgUGh5c2ljYWxORiB7CiAgICAgICAgZGVzY3JpcHRpb24gIlJlcHJlc2VudHMgYSBQaHlzaWNhbCBORiwKICAgICAgICAgICAgICAgICAgICB3aGljaCBpcyB1c2VkIHRvIHJlYWxpc2UgTmV0d29yayBGdW5jdGlvbnMuIjsKCiAgICAgICAgdXNlcyBvci10ZWl2LXR5cGVzOlRvcF9HcnBfVHlwZTsKICAgICAgICBrZXkgaWQ7CgogICAgICAgIGNvbnRhaW5lciBhdHRyaWJ1dGVzIHsKICAgICAgICAgICAgbGVhZiBuYW1lIHsKICAgICAgICAgICAgICAgIGRlc2NyaXB0aW9uICJOYW1lIG9mIFBoeXNpY2FsIE5GLiI7CiAgICAgICAgICAgICAgICB0eXBlIHN0cmluZzsKICAgICAgICAgICAgfQoKICAgICAgICAgICAgbGVhZiB0eXBlIHsKICAgICAgICAgICAgICAgIGRlc2NyaXB0aW9uICJUeXBlIG9mIFBoeXNpY2FsIE5GLiI7CiAgICAgICAgICAgICAgICB0eXBlIHN0cmluZzsKICAgICAgICAgICAgfQoKICAgICAgICAgICAgdXNlcyBnZW86Z2VvLWxvY2F0aW9uOwoKICAgICAgICAgICAgY29udGFpbmVyIGNtSWQgewogICAgICAgICAgICAgICAgdXNlcyBvci10ZWl2LXR5cGVzOkNNX0lEOwogICAgICAgICAgICB9CiAgICAgICAgfQogICAgfQoKICAgIG9yLXRlaXYteWV4dDpiaURpcmVjdGlvbmFsVG9wb2xvZ3lSZWxhdGlvbnNoaXAgQU5URU5OQU1PRFVMRV9JTlNUQUxMRURfQVRfU0lURSB7IC8vIDAuLm4gdG8gMC4uMQoKICAgICAgICB1c2VzIG9yLXRlaXYtdHlwZXM6VG9wX0dycF9UeXBlOwogICAgICAgIGtleSBpZDsKCiAgICAgICAgbGVhZiBpbnN0YWxsZWQtYXQtc2l0ZSB7CiAgICAgICAgICAgIGRlc2NyaXB0aW9uICJBbnRlbm5hIE1vZHVsZSBpbnN0YWxsZWQgYXQgU2l0ZS4iOwogICAgICAgICAgICBvci10ZWl2LXlleHQ6YVNpZGUgQW50ZW5uYU1vZHVsZTsKICAgICAgICAgICAgdHlwZSBpbnN0YW5jZS1pZGVudGlmaWVyOwogICAgICAgIH0KCiAgICAgICAgbGVhZi1saXN0IGluc3RhbGxlZC1hbnRlbm5hTW9kdWxlIHsKICAgICAgICAgICAgZGVzY3JpcHRpb24gIlNpdGUgd2hlcmUgQW50ZW5uYSBNb2R1bGUgaXMgaW5zdGFsbGVkLiI7CiAgICAgICAgICAgIG9yLXRlaXYteWV4dDpiU2lkZSBTaXRlOwogICAgICAgICAgICB0eXBlIGluc3RhbmNlLWlkZW50aWZpZXI7CiAgICAgICAgfQogICAgfQoKICAgIG9yLXRlaXYteWV4dDpiaURpcmVjdGlvbmFsVG9wb2xvZ3lSZWxhdGlvbnNoaXAgUEhZU0lDQUxORl9JTlNUQUxMRURfQVRfU0lURSB7IC8vIDEuLm4gdG8gMC4uMQoKICAgICAgICB1c2VzIG9yLXRlaXYtdHlwZXM6VG9wX0dycF9UeXBlOwogICAgICAgIGtleSBpZDsKCiAgICAgICAgbGVhZiBpbnN0YWxsZWQtYXQtc2l0ZSB7CiAgICAgICAgICAgIGRlc2NyaXB0aW9uICJQaHlzaWNhbCBORiBpbnN0YWxsZWQgYXQgU2l0ZS4iOwogICAgICAgICAgICBvci10ZWl2LXlleHQ6YVNpZGUgUGh5c2ljYWxORjsKICAgICAgICAgICAgdHlwZSBpbnN0YW5jZS1pZGVudGlmaWVyOwogICAgICAgIH0KCiAgICAgICAgbGVhZi1saXN0IGluc3RhbGxlZC1waHlzaWNhbE5GIHsKICAgICAgICAgICAgZGVzY3JpcHRpb24gIlNpdGUgd2hlcmUgUGh5c2ljYWwgTkYgaXMgaW5zdGFsbGVkLiI7CiAgICAgICAgICAgIG9yLXRlaXYteWV4dDpiU2lkZSBTaXRlOwogICAgICAgICAgICB0eXBlIGluc3RhbmNlLWlkZW50aWZpZXI7CiAgICAgICAgICAgIG1pbi1lbGVtZW50cyAxOwogICAgICAgIH0KICAgIH0KfQ==	BUILT_IN_MODULE	IN_USAGE
o-ran-smo-teiv-cloud-to-ran	urn:o-ran:smo-teiv-cloud-to-ran	CLOUD_TO_RAN	["o-ran-smo-teiv-cloud", "o-ran-smo-teiv-ran"]	2024-05-02	bW9kdWxlIG8tcmFuLXNtby10ZWl2LWNsb3VkLXRvLXJhbiB7CiAgICB5YW5nLXZlcnNpb24gMS4xOwogICAgbmFtZXNwYWNlICJ1cm46by1yYW46c21vLXRlaXYtY2xvdWQtdG8tcmFuIjsKICAgIHByZWZpeCBvci10ZWl2LWNsb3VkdG9yYW47CgogICAgaW1wb3J0IG8tcmFuLXNtby10ZWl2LWNvbW1vbi15YW5nLXR5cGVzIHtwcmVmaXggb3ItdGVpdi10eXBlczsgfQoKICAgIGltcG9ydCBvLXJhbi1zbW8tdGVpdi1jb21tb24teWFuZy1leHRlbnNpb25zIHtwcmVmaXggb3ItdGVpdi15ZXh0OyB9CgogICAgaW1wb3J0IG8tcmFuLXNtby10ZWl2LWNsb3VkIHtwcmVmaXggb3ItdGVpdi1jbG91ZDsgfQoKICAgIGltcG9ydCBvLXJhbi1zbW8tdGVpdi1yYW4ge3ByZWZpeCBvci10ZWl2LXJhbjsgfQoKICAgIG9yZ2FuaXphdGlvbiAiRXJpY3Nzb24gQUIiOwogICAgY29udGFjdCAiRXJpY3Nzb24gZmlyc3QgbGluZSBzdXBwb3J0IHZpYSBlbWFpbCI7CiAgICBkZXNjcmlwdGlvbgogICAgIlJBTiBDbG91ZCB0byBSQU4gTG9naWNhbCB0b3BvbG9neSBtb2RlbC4KCiAgICBDb3B5cmlnaHQgKGMpIDIwMjMgRXJpY3Nzb24gQUIuIEFsbCByaWdodHMgcmVzZXJ2ZWQuCgogICAgVGhpcyBtb2RlbCBjb250YWlucyB0aGUgUkFOIENsb3VkIHRvIFJBTiBMb2dpY2FsIHRvcG9sb2d5IHJlbGF0aW9ucyI7CgogICAgcmV2aXNpb24gIjIwMjQtMDUtMDIiIHsKICAgICAgICBkZXNjcmlwdGlvbiAiSW5pdGlhbCByZXZpc2lvbi4iOwogICAgICAgIG9yLXRlaXYteWV4dDpsYWJlbCAwLjMuMDsKICAgIH0KCiAgICBvci10ZWl2LXlleHQ6ZG9tYWluIENMT1VEX1RPX1JBTjsKCiAgICBvci10ZWl2LXlleHQ6YmlEaXJlY3Rpb25hbFRvcG9sb2d5UmVsYXRpb25zaGlwIE5GREVQTE9ZTUVOVF9TRVJWRVNfR05CRFVGVU5DVElPTiB7IC8vIDAuLm4gdG8gMC4ubQoKICAgICAgICB1c2VzIG9yLXRlaXYtdHlwZXM6VG9wX0dycF9UeXBlOwogICAgICAgIGtleSBpZDsKCiAgICAgICAgbGVhZi1saXN0IHNlcnZpY2VkLWduYmR1RnVuY3Rpb24gewogICAgICAgICAgICBkZXNjcmlwdGlvbiAiZ05vZGVCRFUgRnVuY3Rpb24gc2VydmljZWQgYnkgdGhpcyBORiBEZXBsb3ltZW50LiI7CiAgICAgICAgICAgIG9yLXRlaXYteWV4dDphU2lkZSBvci10ZWl2LWNsb3VkOk5GRGVwbG95bWVudDsKICAgICAgICAgICAgdHlwZSBpbnN0YW5jZS1pZGVudGlmaWVyOwogICAgICAgIH0KCiAgICAgICAgbGVhZi1saXN0IHNlcnZpbmctbkZEZXBsb3ltZW50IHsKICAgICAgICAgICAgZGVzY3JpcHRpb24gIk5GIERlcGxveW1lbnQgdGhhdCBzZXJ2ZXMgdGhpcyBnTm9kZUJEVSBGdW5jdGlvbi4iOwogICAgICAgICAgICBvci10ZWl2LXlleHQ6YlNpZGUgb3ItdGVpdi1yYW46R05CRFVGdW5jdGlvbjsKICAgICAgICAgICAgdHlwZSBpbnN0YW5jZS1pZGVudGlmaWVyOwogICAgICAgIH0KICAgIH0KCiAgICBvci10ZWl2LXlleHQ6YmlEaXJlY3Rpb25hbFRvcG9sb2d5UmVsYXRpb25zaGlwIE5GREVQTE9ZTUVOVF9TRVJWRVNfR05CQ1VDUEZVTkNUSU9OIHsgLy8gMC4ubiB0byAwLi5tCgogICAgICAgIHVzZXMgb3ItdGVpdi10eXBlczpUb3BfR3JwX1R5cGU7CiAgICAgICAga2V5IGlkOwoKICAgICAgICBsZWFmLWxpc3Qgc2VydmljZWQtZ25iY3VjcEZ1bmN0aW9uIHsKICAgICAgICAgICAgZGVzY3JpcHRpb24gImdOb2RlQi1DVS1DUCBGdW5jdGlvbiBzZXJ2aWNlZCBieSB0aGlzIE5GIERlcGxveW1lbnQuIjsKICAgICAgICAgICAgb3ItdGVpdi15ZXh0OmFTaWRlIG9yLXRlaXYtY2xvdWQ6TkZEZXBsb3ltZW50OwogICAgICAgICAgICB0eXBlIGluc3RhbmNlLWlkZW50aWZpZXI7CiAgICAgICAgfQoKICAgICAgICBsZWFmLWxpc3Qgc2VydmluZy1uRkRlcGxveW1lbnQgewogICAgICAgICAgICBkZXNjcmlwdGlvbiAiTkYgRGVwbG95bWVudCB0aGF0IHNlcnZlcyB0aGlzIGdOb2RlQkNVQ1AgRnVuY3Rpb24uIjsKICAgICAgICAgICAgb3ItdGVpdi15ZXh0OmJTaWRlIG9yLXRlaXYtcmFuOkdOQkNVQ1BGdW5jdGlvbjsKICAgICAgICAgICAgdHlwZSBpbnN0YW5jZS1pZGVudGlmaWVyOwogICAgICAgIH0KICAgIH0KCiAgICBvci10ZWl2LXlleHQ6YmlEaXJlY3Rpb25hbFRvcG9sb2d5UmVsYXRpb25zaGlwIE5GREVQTE9ZTUVOVF9TRVJWRVNfR05CQ1VVUEZVTkNUSU9OIHsgLy8gMC4ubiB0byAwLi5tCgogICAgICAgIHVzZXMgb3ItdGVpdi10eXBlczpUb3BfR3JwX1R5cGU7CiAgICAgICAga2V5IGlkOwoKICAgICAgICBsZWFmLWxpc3Qgc2VydmljZWQtZ25iY3V1cEZ1bmN0aW9uIHsKICAgICAgICAgICAgZGVzY3JpcHRpb24gImdOb2RlQi1DVS1VUCBGdW5jdGlvbiBzZXJ2aWNlZCBieSB0aGlzIE5GIERlcGxveW1lbnQuIjsKICAgICAgICAgICAgb3ItdGVpdi15ZXh0OmFTaWRlIG9yLXRlaXYtY2xvdWQ6TkZEZXBsb3ltZW50OwogICAgICAgICAgICB0eXBlIGluc3RhbmNlLWlkZW50aWZpZXI7CiAgICAgICAgfQoKICAgICAgICBsZWFmLWxpc3Qgc2VydmluZy1uRkRlcGxveW1lbnQgewogICAgICAgICAgICBkZXNjcmlwdGlvbiAiTkYgRGVwbG95bWVudCB0aGF0IHNlcnZlcyB0aGlzIGdOb2RlQkNVVVAgRnVuY3Rpb24uIjsKICAgICAgICAgICAgb3ItdGVpdi15ZXh0OmJTaWRlIG9yLXRlaXYtcmFuOkdOQkNVVVBGdW5jdGlvbjsKICAgICAgICAgICAgdHlwZSBpbnN0YW5jZS1pZGVudGlmaWVyOwogICAgICAgIH0KICAgIH0KfQ==	BUILT_IN_MODULE	IN_USAGE
o-ran-smo-teiv-cloud	urn:o-ran:smo-teiv-cloud	CLOUD	[]	2024-05-02	bW9kdWxlIG8tcmFuLXNtby10ZWl2LWNsb3VkIHsKICAgIHlhbmctdmVyc2lvbiAxLjE7CiAgICBuYW1lc3BhY2UgInVybjpvLXJhbjpzbW8tdGVpdi1jbG91ZCI7CiAgICBwcmVmaXggb3ItdGVpdi1jbG91ZDsKCiAgICBpbXBvcnQgby1yYW4tc21vLXRlaXYtY29tbW9uLXlhbmctdHlwZXMge3ByZWZpeCBvci10ZWl2LXR5cGVzOyB9CgogICAgaW1wb3J0IG8tcmFuLXNtby10ZWl2LWNvbW1vbi15YW5nLWV4dGVuc2lvbnMge3ByZWZpeCBvci10ZWl2LXlleHQ7IH0KCiAgICBpbXBvcnQgaWV0Zi1nZW8tbG9jYXRpb24gewogICAgICAgIHByZWZpeCBnZW87CiAgICAgICAgcmVmZXJlbmNlICJSRkMgOTE3OTogQSBZQU5HIEdyb3VwaW5nIGZvciBHZW9ncmFwaGljIExvY2F0aW9ucyI7CiAgICB9CgogICAgb3JnYW5pemF0aW9uICJFcmljc3NvbiBBQiI7CiAgICBjb250YWN0ICJFcmljc3NvbiBmaXJzdCBsaW5lIHN1cHBvcnQgdmlhIGVtYWlsIjsKICAgIGRlc2NyaXB0aW9uCiAgICAiUkFOIENsb3VkIHRvcG9sb2d5IG1vZGVsLgoKICAgIENvcHlyaWdodCAoYykgMjAyMyBFcmljc3NvbiBBQi4gQWxsIHJpZ2h0cyByZXNlcnZlZC4KCiAgICBUaGlzIG1vZGVsIGNvbnRhaW5zIHRoZSB0b3BvbG9neSBlbnRpdGllcyBhbmQgcmVsYXRpb25zIGluIHRoZQogICAgUkFOIENMT1VEIGRvbWFpbiwgd2hpY2ggY29tcHJpc2VzIGNsb3VkIGluZnJhc3RydWN0dXJlIGFuZAogICAgZGVwbG95bWVudCBhc3BlY3RzIHRoYXQgY2FuIGJlIHVzZWQgaW4gdGhlIHRvcG9sb2d5IG1vZGVsLiI7CgogICAgcmV2aXNpb24gIjIwMjQtMDUtMDIiIHsKICAgICAgICBkZXNjcmlwdGlvbiAiSW5pdGlhbCByZXZpc2lvbi4iOwogICAgICAgIG9yLXRlaXYteWV4dDpsYWJlbCAwLjMuMDsKICAgIH0KCiAgICBvci10ZWl2LXlleHQ6ZG9tYWluIENMT1VEOwoKICAgIGxpc3QgQ2xvdWRpZmllZE5GIHsKICAgICAgICBkZXNjcmlwdGlvbiAiQSBSQU4gTmV0d29yayBGdW5jdGlvbiBzb2Z0d2FyZSB0aGF0IGlzIGRlcGxveWVkIGluIHRoZSBPLUNsb3VkIHZpYSBvbmUgb3IgbW9yZSBORiBEZXBsb3ltZW50cy4iOwoKICAgICAgICB1c2VzIG9yLXRlaXYtdHlwZXM6VG9wX0dycF9UeXBlOwogICAgICAgIGtleSBpZDsKCiAgICAgICAgY29udGFpbmVyIGF0dHJpYnV0ZXMgewogICAgICAgICAgICBsZWFmIG5hbWUgewogICAgICAgICAgICAgICAgZGVzY3JpcHRpb24gIk5hbWUgb2YgQ2xvdWRpZmllZCBORiI7CiAgICAgICAgICAgICAgICB0eXBlIHN0cmluZzsKICAgICAgICAgICAgfQogICAgICAgIH0KICAgIH0KCiAgICBsaXN0IE5GRGVwbG95bWVudCB7CiAgICAgICAgZGVzY3JpcHRpb24gIkEgc29mdHdhcmUgZGVwbG95bWVudCBvbiBPLUNsb3VkIHJlc291cmNlcyB0aGF0IHJlYWxpemVzLCBhbGwgb3IgcGFydCBvZiwgYSBDbG91ZGlmaWVkIE5GLiI7CgogICAgICAgIHVzZXMgb3ItdGVpdi10eXBlczpUb3BfR3JwX1R5cGU7CiAgICAgICAga2V5IGlkOwoKICAgICAgICBjb250YWluZXIgYXR0cmlidXRlcyB7CiAgICAgICAgICAgIGxlYWYgbmFtZSB7CiAgICAgICAgICAgICAgICBkZXNjcmlwdGlvbiAiTmFtZSBvZiBORiBEZXBsb3ltZW50IjsKICAgICAgICAgICAgICAgIHR5cGUgc3RyaW5nOwogICAgICAgICAgICB9CiAgICAgICAgfQogICAgfQoKICAgIGxpc3QgQ2xvdWROYW1lc3BhY2UgewogICAgICAgIGRlc2NyaXB0aW9uICJDbG91ZE5hbWVzcGFjZSBwcm92aWRlIGEgbWVjaGFuaXNtIGZvciBpc29sYXRpbmcKICAgICAgICAgICAgICAgICAgICBncm91cHMgb2YgcmVzb3VyY2VzIHdpdGhpbiBhIHNpbmdsZSBjbHVzdGVyLiI7CgogICAgICAgIHVzZXMgb3ItdGVpdi10eXBlczpUb3BfR3JwX1R5cGU7CiAgICAgICAga2V5IGlkOwoKICAgICAgICBjb250YWluZXIgYXR0cmlidXRlcyB7CiAgICAgICAgICAgIGxlYWYgbmFtZSB7CiAgICAgICAgICAgICAgICBkZXNjcmlwdGlvbiAiTmFtZSBvZiBDbG91ZCBOYW1lc3BhY2UiOwogICAgICAgICAgICAgICAgdHlwZSBzdHJpbmc7CiAgICAgICAgICAgIH0KICAgICAgICB9CiAgICB9CgogICAgbGlzdCBOb2RlQ2x1c3RlciB7CiAgICAgICAgZGVzY3JpcHRpb24gIkEgTm9kZUNsdXN0ZXIgbWFuYWdlcyBhIGNvbGxlY3Rpb24gb2YgTm9kZXMuIjsKCiAgICAgICAgdXNlcyBvci10ZWl2LXR5cGVzOlRvcF9HcnBfVHlwZTsKICAgICAgICBrZXkgaWQ7CgogICAgICAgIGNvbnRhaW5lciBhdHRyaWJ1dGVzIHsKICAgICAgICAgICAgbGVhZiBuYW1lIHsKICAgICAgICAgICAgICAgIGRlc2NyaXB0aW9uICJOYW1lIG9mIE5vZGUgQ2x1c3RlciI7CiAgICAgICAgICAgICAgICB0eXBlIHN0cmluZzsKICAgICAgICAgICAgfQogICAgICAgIH0KICAgIH0KCiAgICBsaXN0IENsb3VkU2l0ZSB7CiAgICAgICAgZGVzY3JpcHRpb24gIlJlcHJlc2VudHMgdGhlIGluZnJhc3RydWN0dXJlIHRoYXQKICAgICAgICAgICAgICAgICAgICBob3N0cyB0aGUgTkYgRGVwbG95bWVudC4iOwoKICAgICAgICB1c2VzIG9yLXRlaXYtdHlwZXM6VG9wX0dycF9UeXBlOwogICAgICAgIGtleSBpZDsKCiAgICAgICAgY29udGFpbmVyIGF0dHJpYnV0ZXMgewogICAgICAgICAgICBsZWFmIG5hbWUgewogICAgICAgICAgICAgICAgZGVzY3JpcHRpb24gIk5hbWUgb2YgQ2xvdWQgU2l0ZSI7CiAgICAgICAgICAgICAgICB0eXBlIHN0cmluZzsKICAgICAgICAgICAgfQoKICAgICAgICAgICAgdXNlcyBnZW86Z2VvLWxvY2F0aW9uOwogICAgICAgIH0KICAgIH0KCgogICAgb3ItdGVpdi15ZXh0OmJpRGlyZWN0aW9uYWxUb3BvbG9neVJlbGF0aW9uc2hpcCBDTE9VRElGSUVETkZfQ09NUFJJU0VTX05GREVQTE9ZTUVOVCB7IC8vIDEgdG8gMS4ubgoKICAgICAgICB1c2VzIG9yLXRlaXYtdHlwZXM6VG9wX0dycF9UeXBlOwogICAgICAgIGtleSBpZDsKCiAgICAgICAgbGVhZi1saXN0IGNvbXByaXNlZC1uRkRlcGxveW1lbnQgewogICAgICAgICAgICBkZXNjcmlwdGlvbiAiQ2xvdWRpZmllZCBORiBjb21wcmlzZXMgb2YgdGhlc2UgTkYgRGVwbG95bWVudC4iOwogICAgICAgICAgICBvci10ZWl2LXlleHQ6YVNpZGUgQ2xvdWRpZmllZE5GOwogICAgICAgICAgICB0eXBlIGluc3RhbmNlLWlkZW50aWZpZXI7CiAgICAgICAgICAgIG1pbi1lbGVtZW50cyAxOwogICAgICAgIH0KCiAgICAgICAgbGVhZiBjb21wcmlzZWQtYnktY2xvdWRpZmllZE5GIHsKICAgICAgICAgICAgZGVzY3JpcHRpb24gIk5GIERlcGxveW1lbnQgcGFydCBvZiBDbG91ZGlmaWVkIE5GLiI7CiAgICAgICAgICAgIG9yLXRlaXYteWV4dDpiU2lkZSBORkRlcGxveW1lbnQ7CiAgICAgICAgICAgIHR5cGUgaW5zdGFuY2UtaWRlbnRpZmllcjsKICAgICAgICAgICAgbWFuZGF0b3J5IHRydWU7CiAgICAgICAgfQogICAgfQoKICAgIG9yLXRlaXYteWV4dDpiaURpcmVjdGlvbmFsVG9wb2xvZ3lSZWxhdGlvbnNoaXAgTkZERVBMT1lNRU5UX0RFUExPWUVEX09OX0NMT1VETkFNRVNQQUNFIHsgLy8gMS4ubiB0byAxLi5uCgogICAgICAgIHVzZXMgb3ItdGVpdi10eXBlczpUb3BfR3JwX1R5cGU7CiAgICAgICAga2V5IGlkOwoKICAgICAgICBsZWFmLWxpc3QgZGVwbG95ZWQtb24tY2xvdWROYW1lc3BhY2UgewogICAgICAgICAgICBkZXNjcmlwdGlvbiAiTkYgRGVwbG95bWVudCBkZXBsb3llZCBvbiBDbG91ZCBOYW1lc3BhY2UuIjsKICAgICAgICAgICAgb3ItdGVpdi15ZXh0OmFTaWRlIE5GRGVwbG95bWVudDsKICAgICAgICAgICAgdHlwZSBpbnN0YW5jZS1pZGVudGlmaWVyOwogICAgICAgICAgICBtaW4tZWxlbWVudHMgMTsKICAgICAgICB9CgogICAgICAgIGxlYWYtbGlzdCBkZXBsb3llZC1uRkRlcGxveW1lbnQgewogICAgICAgICAgICBkZXNjcmlwdGlvbiAiQ2xvdWQgTmFtZXNwYWNlIGRlcGxveXMgTkYgRGVwbG95bWVudC4iOwogICAgICAgICAgICBvci10ZWl2LXlleHQ6YlNpZGUgQ2xvdWROYW1lc3BhY2U7CiAgICAgICAgICAgIHR5cGUgaW5zdGFuY2UtaWRlbnRpZmllcjsKICAgICAgICAgICAgbWluLWVsZW1lbnRzIDE7CiAgICAgICAgfQogICAgfQoKICAgIG9yLXRlaXYteWV4dDpiaURpcmVjdGlvbmFsVG9wb2xvZ3lSZWxhdGlvbnNoaXAgQ0xPVUROQU1FU1BBQ0VfREVQTE9ZRURfT05fTk9ERUNMVVNURVIgeyAvLyAxLi5uIHRvIDEKCiAgICAgICAgdXNlcyBvci10ZWl2LXR5cGVzOlRvcF9HcnBfVHlwZTsKICAgICAgICBrZXkgaWQ7CgogICAgICAgIGxlYWYgZGVwbG95ZWQtb24tbm9kZUNsdXN0ZXIgewogICAgICAgICAgICBkZXNjcmlwdGlvbiAiQ2xvdWQgTmFtZXNwYWNlIGRlcGxveWVkIG9uIE5vZGUgQ2x1c3Rlci4iOwogICAgICAgICAgICBvci10ZWl2LXlleHQ6YVNpZGUgQ2xvdWROYW1lc3BhY2U7CiAgICAgICAgICAgIHR5cGUgaW5zdGFuY2UtaWRlbnRpZmllcjsKICAgICAgICAgICAgbWFuZGF0b3J5IHRydWU7CiAgICAgICAgfQoKICAgICAgICBsZWFmLWxpc3QgZGVwbG95ZWQtY2xvdWROYW1lc3BhY2UgewogICAgICAgICAgICBkZXNjcmlwdGlvbiAiTm9kZSBDbHVzdGVyIGRlcGxveXMgQ2xvdWQgTmFtZXNwYWNlLiI7CiAgICAgICAgICAgIG9yLXRlaXYteWV4dDpiU2lkZSBOb2RlQ2x1c3RlcjsKICAgICAgICAgICAgdHlwZSBpbnN0YW5jZS1pZGVudGlmaWVyOwogICAgICAgICAgICBtaW4tZWxlbWVudHMgMTsKICAgICAgICB9CiAgICB9CgogICAgb3ItdGVpdi15ZXh0OmJpRGlyZWN0aW9uYWxUb3BvbG9neVJlbGF0aW9uc2hpcCBOT0RFQ0xVU1RFUl9MT0NBVEVEX0FUX0NMT1VEU0lURSB7IC8vIDEuLm4gdG8gMS4ubgoKICAgICAgICB1c2VzIG9yLXRlaXYtdHlwZXM6VG9wX0dycF9UeXBlOwogICAgICAgIGtleSBpZDsKCiAgICAgICAgbGVhZi1saXN0IGxvY2F0ZWQtYXQtY2xvdWRTaXRlIHsKICAgICAgICAgICAgZGVzY3JpcHRpb24gIk5vZGUgQ2x1c3RlciBsb2NhdGVkIGF0IENsb3VkIFNpdGUuIjsKICAgICAgICAgICAgb3ItdGVpdi15ZXh0OmFTaWRlIE5vZGVDbHVzdGVyOwogICAgICAgICAgICB0eXBlIGluc3RhbmNlLWlkZW50aWZpZXI7CiAgICAgICAgICAgIG1pbi1lbGVtZW50cyAxOwogICAgICAgIH0KCiAgICAgICAgbGVhZi1saXN0IGxvY2F0aW9uLW9mLW5vZGVDbHVzdGVyIHsKICAgICAgICAgICAgZGVzY3JpcHRpb24gIkNsb3VkIFNpdGUgaXMgbG9jYXRpb24gb2YgTm9kZSBDbHVzdGVyLiI7CiAgICAgICAgICAgIG9yLXRlaXYteWV4dDpiU2lkZSBDbG91ZFNpdGU7CiAgICAgICAgICAgIHR5cGUgaW5zdGFuY2UtaWRlbnRpZmllcjsKICAgICAgICAgICAgbWluLWVsZW1lbnRzIDE7CiAgICAgICAgfQogICAgfQp9	BUILT_IN_MODULE	IN_USAGE
o-ran-smo-teiv-equipment-to-ran	urn:o-ran:smo-teiv-equipment-to-ran	EQUIPMENT_TO_RAN	["o-ran-smo-teiv-equipment", "o-ran-smo-teiv-ran"]	2024-05-02	bW9kdWxlIG8tcmFuLXNtby10ZWl2LWVxdWlwbWVudC10by1yYW4gewogICAgeWFuZy12ZXJzaW9uIDEuMTsKICAgIG5hbWVzcGFjZSAidXJuOm8tcmFuOnNtby10ZWl2LWVxdWlwbWVudC10by1yYW4iOwogICAgcHJlZml4IG9yLXRlaXYtZXF1aXB0b3JhbjsKCiAgICBpbXBvcnQgby1yYW4tc21vLXRlaXYtY29tbW9uLXlhbmctdHlwZXMge3ByZWZpeCBvci10ZWl2LXR5cGVzOyB9CgogICAgaW1wb3J0IG8tcmFuLXNtby10ZWl2LWNvbW1vbi15YW5nLWV4dGVuc2lvbnMge3ByZWZpeCBvci10ZWl2LXlleHQ7IH0KCiAgICBpbXBvcnQgby1yYW4tc21vLXRlaXYtZXF1aXBtZW50IHtwcmVmaXggb3ItdGVpdi1lcXVpcDsgfQoKICAgIGltcG9ydCBvLXJhbi1zbW8tdGVpdi1yYW4ge3ByZWZpeCBvci10ZWl2LXJhbjsgfQoKICAgIG9yZ2FuaXphdGlvbiAiRXJpY3Nzb24gQUIiOwogICAgY29udGFjdCAiRXJpY3Nzb24gZmlyc3QgbGluZSBzdXBwb3J0IHZpYSBlbWFpbCI7CiAgICBkZXNjcmlwdGlvbgogICAgIlJBTiBFcXVpcG1lbnQgdG8gTG9naWNhbCB0b3BvbG9neSBtb2RlbC4KCiAgICBDb3B5cmlnaHQgKGMpIDIwMjMgRXJpY3Nzb24gQUIuIEFsbCByaWdodHMgcmVzZXJ2ZWQuCgogICAgVGhpcyBtb2RlbCBjb250YWlucyB0aGUgUkFOIEVxdWlwbWVudCB0byBMb2dpY2FsIHRvcG9sb2d5CiAgICBlbnRpdGllcyBhbmQgcmVsYXRpb25zLiI7CgogICAgcmV2aXNpb24gIjIwMjQtMDUtMDIiIHsKICAgICAgICBkZXNjcmlwdGlvbiAiSW5pdGlhbCByZXZpc2lvbi4iOwogICAgICAgIG9yLXRlaXYteWV4dDpsYWJlbCAwLjMuMDsKICAgIH0KCiAgICBvci10ZWl2LXlleHQ6ZG9tYWluIEVRVUlQTUVOVF9UT19SQU47CgogICAgb3ItdGVpdi15ZXh0OmJpRGlyZWN0aW9uYWxUb3BvbG9neVJlbGF0aW9uc2hpcCBQSFlTSUNBTE5GX1NFUlZFU19HTkJEVUZVTkNUSU9OIHsgLy8gMC4uMSB0byAwLi5uCgogICAgICAgIHVzZXMgb3ItdGVpdi10eXBlczpUb3BfR3JwX1R5cGU7CiAgICAgICAga2V5IGlkOwoKICAgICAgICBsZWFmLWxpc3Qgc2VydmljZWQtZ25iZHVGdW5jdGlvbiB7CiAgICAgICAgICAgIGRlc2NyaXB0aW9uICJnTm9kZUItRFUgRnVuY3Rpb24gc2VydmljZWQgYnkgdGhpcyBQaHlzaWNhbCBORi4iOwogICAgICAgICAgICBvci10ZWl2LXlleHQ6YVNpZGUgb3ItdGVpdi1lcXVpcDpQaHlzaWNhbE5GOwogICAgICAgICAgICB0eXBlIGluc3RhbmNlLWlkZW50aWZpZXI7CiAgICAgICAgfQoKICAgICAgICBsZWFmIHNlcnZpbmctcGh5c2ljYWxORiB7CiAgICAgICAgICAgIGRlc2NyaXB0aW9uICJQaHlzaWNhbCBORiBzZXJ2ZXMgdGhpcyBnTm9kZUItRFUgRnVuY3Rpb24uIjsKICAgICAgICAgICAgb3ItdGVpdi15ZXh0OmJTaWRlIG9yLXRlaXYtcmFuOkdOQkRVRnVuY3Rpb247CiAgICAgICAgICAgIHR5cGUgaW5zdGFuY2UtaWRlbnRpZmllcjsKICAgICAgICB9CiAgICB9CgogICAgb3ItdGVpdi15ZXh0OmJpRGlyZWN0aW9uYWxUb3BvbG9neVJlbGF0aW9uc2hpcCBQSFlTSUNBTE5GX1NFUlZFU19HTkJDVUNQRlVOQ1RJT04geyAvLyAwLi4xIHRvIDAuLm4KCiAgICAgICAgdXNlcyBvci10ZWl2LXR5cGVzOlRvcF9HcnBfVHlwZTsKICAgICAgICBrZXkgaWQ7CgogICAgICAgIGxlYWYtbGlzdCBzZXJ2aWNlZC1nbmJjdWNwRnVuY3Rpb24gewogICAgICAgICAgICBkZXNjcmlwdGlvbiAiZ05vZGVCLUNVQ1AgRnVuY3Rpb24gc2VydmljZWQgYnkgdGhpcyBQaHlzaWNhbCBORi4iOwogICAgICAgICAgICBvci10ZWl2LXlleHQ6YVNpZGUgb3ItdGVpdi1lcXVpcDpQaHlzaWNhbE5GOwogICAgICAgICAgICB0eXBlIGluc3RhbmNlLWlkZW50aWZpZXI7CiAgICAgICAgfQoKICAgICAgICBsZWFmIHNlcnZpbmctcGh5c2ljYWxORiB7CiAgICAgICAgICAgIGRlc2NyaXB0aW9uICJQaHlzaWNhbCBORiBzZXJ2ZXMgdGhpcyBnTm9kZUItQ1VDUCBGdW5jdGlvbi4iOwogICAgICAgICAgICBvci10ZWl2LXlleHQ6YlNpZGUgb3ItdGVpdi1yYW46R05CQ1VDUEZ1bmN0aW9uOwogICAgICAgICAgICB0eXBlIGluc3RhbmNlLWlkZW50aWZpZXI7CiAgICAgICAgfQogICAgfQoKICAgIG9yLXRlaXYteWV4dDpiaURpcmVjdGlvbmFsVG9wb2xvZ3lSZWxhdGlvbnNoaXAgUEhZU0lDQUxORl9TRVJWRVNfR05CQ1VVUEZVTkNUSU9OIHsgLy8gMC4uMSB0byAwLi5uCgogICAgICAgIHVzZXMgb3ItdGVpdi10eXBlczpUb3BfR3JwX1R5cGU7CiAgICAgICAga2V5IGlkOwoKICAgICAgICBsZWFmLWxpc3Qgc2VydmljZWQtZ25iY3V1cEZ1bmN0aW9uIHsKICAgICAgICAgICAgZGVzY3JpcHRpb24gImdOb2RlQi1DVVVQIEZ1bmN0aW9uIHNlcnZpY2VkIGJ5IHRoaXMgUGh5c2ljYWwgTkYuIjsKICAgICAgICAgICAgb3ItdGVpdi15ZXh0OmFTaWRlIG9yLXRlaXYtZXF1aXA6UGh5c2ljYWxORjsKICAgICAgICAgICAgdHlwZSBpbnN0YW5jZS1pZGVudGlmaWVyOwogICAgICAgIH0KCiAgICAgICAgbGVhZiBzZXJ2aW5nLXBoeXNpY2FsTkYgewogICAgICAgICAgICBkZXNjcmlwdGlvbiAiUGh5c2ljYWwgTkYgc2VydmVzIHRoaXMgZ05vZGVCLUNVVVAgRnVuY3Rpb24uIjsKICAgICAgICAgICAgb3ItdGVpdi15ZXh0OmJTaWRlIG9yLXRlaXYtcmFuOkdOQkNVVVBGdW5jdGlvbjsKICAgICAgICAgICAgdHlwZSBpbnN0YW5jZS1pZGVudGlmaWVyOwogICAgICAgIH0KICAgIH0KCiAgICBvci10ZWl2LXlleHQ6YmlEaXJlY3Rpb25hbFRvcG9sb2d5UmVsYXRpb25zaGlwIFBIWVNJQ0FMTkZfU0VSVkVTX0VOT0RFQkZVTkNUSU9OIHsgLy8gMC4uMSB0byAwLi5uCgogICAgICAgIHVzZXMgb3ItdGVpdi10eXBlczpUb3BfR3JwX1R5cGU7CiAgICAgICAga2V5IGlkOwoKICAgICAgICBsZWFmLWxpc3Qgc2VydmljZWQtZW5vZGViRnVuY3Rpb24gewogICAgICAgICAgICBkZXNjcmlwdGlvbiAiZU5vZGVCIEZ1bmN0aW9uIHNlcnZpY2VkIGJ5IHRoaXMgUGh5c2ljYWwgTkYuIjsKICAgICAgICAgICAgb3ItdGVpdi15ZXh0OmFTaWRlIG9yLXRlaXYtZXF1aXA6UGh5c2ljYWxORjsKICAgICAgICAgICAgdHlwZSBpbnN0YW5jZS1pZGVudGlmaWVyOwogICAgICAgIH0KCiAgICAgICAgbGVhZiBzZXJ2aW5nLXBoeXNpY2FsTkYgewogICAgICAgICAgICBkZXNjcmlwdGlvbiAiUGh5c2ljYWwgTkYgc2VydmVzIHRoaXMgZU5vZGVCIEZ1bmN0aW9uLiI7CiAgICAgICAgICAgIG9yLXRlaXYteWV4dDpiU2lkZSBvci10ZWl2LXJhbjpFTm9kZUJGdW5jdGlvbjsKICAgICAgICAgICAgdHlwZSBpbnN0YW5jZS1pZGVudGlmaWVyOwogICAgICAgIH0KICAgIH0KCiAgICBvci10ZWl2LXlleHQ6YmlEaXJlY3Rpb25hbFRvcG9sb2d5UmVsYXRpb25zaGlwIEFOVEVOTkFNT0RVTEVfU0VSVkVTX0FOVEVOTkFDQVBBQklMSVRZIHsgLy8gMC4ubiB0byAwLi5tCgogICAgICAgIHVzZXMgb3ItdGVpdi10eXBlczpUb3BfR3JwX1R5cGU7CiAgICAgICAga2V5IGlkOwoKICAgICAgICBsZWFmLWxpc3Qgc2VydmljZWQtYW50ZW5uYUNhcGFiaWxpdHkgewogICAgICAgICAgICBkZXNjcmlwdGlvbiAiQW50ZW5uYSBDYXBhYmlsaXR5IHNlcnZpY2VkIGJ5IHRoaXMgQW50ZW5uYSBNb2R1bGUuIjsKICAgICAgICAgICAgb3ItdGVpdi15ZXh0OmFTaWRlIG9yLXRlaXYtZXF1aXA6QW50ZW5uYU1vZHVsZTsKICAgICAgICAgICAgdHlwZSBpbnN0YW5jZS1pZGVudGlmaWVyOwogICAgICAgIH0KCiAgICAgICAgbGVhZi1saXN0IHNlcnZpbmctYW50ZW5uYU1vZHVsZSB7CiAgICAgICAgICAgIGRlc2NyaXB0aW9uICJBbnRlbm5hIE1vZHVsZSBzZXJ2ZXMgdGhpcyBBbnRlbm5hIENhcGFiaWxpdHkuIjsKICAgICAgICAgICAgb3ItdGVpdi15ZXh0OmJTaWRlIG9yLXRlaXYtcmFuOkFudGVubmFDYXBhYmlsaXR5OwogICAgICAgICAgICB0eXBlIGluc3RhbmNlLWlkZW50aWZpZXI7CiAgICAgICAgfQogICAgfQoKICAgIG9yLXRlaXYteWV4dDpiaURpcmVjdGlvbmFsVG9wb2xvZ3lSZWxhdGlvbnNoaXAgU0VDVE9SX0dST1VQU19BTlRFTk5BTU9EVUxFIHsgLy8gMC4uMSB0byAwLi5uCgogICAgICAgIHVzZXMgb3ItdGVpdi10eXBlczpUb3BfR3JwX1R5cGU7CiAgICAgICAga2V5IGlkOwoKICAgICAgICBsZWFmLWxpc3QgZ3JvdXBlZC1hbnRlbm5hTW9kdWxlIHsKICAgICAgICAgICAgZGVzY3JpcHRpb24gIlNlY3RvciBncm91cHMgQW50ZW5uYSBNb2R1bGUuIjsKICAgICAgICAgICAgb3ItdGVpdi15ZXh0OmFTaWRlIG9yLXRlaXYtcmFuOlNlY3RvcjsKICAgICAgICAgICAgdHlwZSBpbnN0YW5jZS1pZGVudGlmaWVyOwogICAgICAgIH0KCiAgICAgICAgbGVhZiBncm91cGVkLWJ5LXNlY3RvciB7CiAgICAgICAgICAgIGRlc2NyaXB0aW9uICJBbnRlbm5hIE1vZHVsZSBncm91cGVkIGJ5IFNlY3Rvci4iOwogICAgICAgICAgICBvci10ZWl2LXlleHQ6YlNpZGUgb3ItdGVpdi1lcXVpcDpBbnRlbm5hTW9kdWxlOwogICAgICAgICAgICB0eXBlIGluc3RhbmNlLWlkZW50aWZpZXI7CiAgICAgICAgfQogICAgfQp9	BUILT_IN_MODULE	IN_USAGE
\.

COPY ties_model.entity_info("name", "moduleReferenceName") FROM stdin;
ManagedElementtttttttttttttttttttttttttttttttttttttttttttttttttt	o-ran-smo-teiv-oam
ManagedElement	o-ran-smo-teiv-oam
NodeCluster	o-ran-smo-teiv-cloud
CloudNativeSystem	o-ran-smo-teiv-cloud
CloudNativeApplication	o-ran-smo-teiv-cloud
CloudNativeSystemmmmmmmmmmmmmmmmmmmmmmmmmmmmmmmmmmmmmmmmmmmmmmmm	o-ran-smo-teiv-cloud
CloudSite	o-ran-smo-teiv-cloud
Namespaceeeeeeeeeeeeeeeeeeeeeeeeeeeeeeeeeeeeeeeeeeeeeeeeeeeeeeee	o-ran-smo-teiv-cloud
CloudNativeApplicationnnnnnnnnnnnnnnnnnnnnnnnnnnnnnnnnnnnnnnnnnn	o-ran-smo-teiv-cloud
Namespace	o-ran-smo-teiv-cloud
Sector	o-ran-smo-teiv-ran
GNBCUUPFunction	o-ran-smo-teiv-ran
ENodeBFunction	o-ran-smo-teiv-ran
NRCellDUUUUUUUUUUUUUUUUUUUUUUUUUUUUUUUUUUUUUUUUUUUUUUUUUUUUUUUUU	o-ran-smo-teiv-ran
NRCellDU	o-ran-smo-teiv-ran
LTESectorCarrier	o-ran-smo-teiv-ran
GNBDUFunction	o-ran-smo-teiv-ran
NRCellCU	o-ran-smo-teiv-ran
GNBDUFunctionnnnnnnnnnnnnnnnnnnnnnnnnnnnnnnnnnnnnnnnnnnnnnnnnnnn	o-ran-smo-teiv-ran
AntennaModuleeeeeeeeeeeeeeeeeeeeeeeeeeeeeeeeeeeeeeeeeeeeeeeeeeee	o-ran-smo-teiv-equipment
ANTENNAMODULEEEEEEEEEEEE_REALISED_BY_ANTENNAMODULEEEEEEEEEEEEEEE	o-ran-smo-teiv-equipment
EUtranCell	o-ran-smo-teiv-ran
GNBCUCPFunction	o-ran-smo-teiv-ran
NRSectorCarrier	o-ran-smo-teiv-ran
AntennaCapability	o-ran-smo-teiv-ran
TestEntityB	o-ran-smo-teiv-ran
TestEntityA	o-ran-smo-teiv-ran
Site	o-ran-smo-teiv-equipment
AntennaModule	o-ran-smo-teiv-equipment
PhysicalNetworkAppliance	o-ran-smo-teiv-equipment
\.

COPY ties_model.relationship_info("name", "aSideAssociationName", "aSideMOType", "aSideMinCardinality", "aSideMaxCardinality", "bSideAssociationName", "bSideMOType", "bSideMinCardinality", "bSideMaxCardinality", "associationKind", "relationshipDataLocation", "connectSameEntity", "moduleReferenceName") FROM stdin;
MANAGEDELEMENTTTTTTTTTTTTTTT_MANAGES_GNBDUFUNCTIONNNNNNNNNNNNNNN	managed-gnbduFunctionnnnnnnnnnnnnnnnnnnnnnnnnnnnnnnnnnnnnnnnnnnn	ManagedElementtttttttttttttttttttttttttttttttttttttttttttttttttt	1	1	managed-by-managedElementttttttttttttttttttttttttttttttttttttttt	GNBDUFunctionnnnnnnnnnnnnnnnnnnnnnnnnnnnnnnnnnnnnnnnnnnnnnnnnnnn	0	9223372036854775807	BI_DIRECTIONAL	B_SIDE	false	o-ran-smo-teiv-oam-to-ran
MANAGEDELEMENTTTTTTTTTTT_DEPLOYED_AS_CLOUDNATIVESYSTEMMMMMMMMMMM	deployed-as-cloudNativeSystemmmmmmmmmmmmmmmmmmmmmmmmmmmmmmmmmmmm	ManagedElementtttttttttttttttttttttttttttttttttttttttttttttttttt	1	1	deployed-managedElementttttttttttttttttttttttttttttttttttttttttt	CloudNativeSystemmmmmmmmmmmmmmmmmmmmmmmmmmmmmmmmmmmmmmmmmmmmmmmm	0	1	BI_DIRECTIONAL	A_SIDE	false	o-ran-smo-teiv-oam-to-cloud
MANAGEDELEMENTTTTTTTTT_REALISED_BY_CLOUDNATIVEAPPLICATIONNNNNNNN	realised-by-cloudNativeApplicationnnnnnnnnnnnnnnnnnnnnnnnnnnnnnn	ManagedElementtttttttttttttttttttttttttttttttttttttttttttttttttt	1	1	realised-managedElementttttttttttttttttttttttttttttttttttttttttt	CloudNativeApplicationnnnnnnnnnnnnnnnnnnnnnnnnnnnnnnnnnnnnnnnnnn	1	9223372036854775807	BI_DIRECTIONAL	B_SIDE	false	o-ran-smo-teiv-oam-to-cloud
MANAGEDELEMENT_MANAGES_ENODEBFUNCTION	managed-enodebFunction	ManagedElement	1	1	managed-by-managedElement	ENodeBFunction	0	9223372036854775807	BI_DIRECTIONAL	B_SIDE	false	o-ran-smo-teiv-oam-to-ran
MANAGEDELEMENT_MANAGES_GNBCUCPFUNCTION	managed-gnbcucpFunction	ManagedElement	1	1	managed-by-managedElement	GNBCUCPFunction	0	9223372036854775807	BI_DIRECTIONAL	B_SIDE	false	o-ran-smo-teiv-oam-to-ran
MANAGEDELEMENT_MANAGES_GNBCUUPFUNCTION	managed-gnbcuupFunction	ManagedElement	1	1	managed-by-managedElement	GNBCUUPFunction	0	9223372036854775807	BI_DIRECTIONAL	B_SIDE	false	o-ran-smo-teiv-oam-to-ran
MANAGEDELEMENT_REALISED_BY_CLOUDNATIVEAPPLICATION	realised-by-cloudNativeApplication	ManagedElement	1	1	realised-managedElement	CloudNativeApplication	1	9223372036854775807	BI_DIRECTIONAL	B_SIDE	false	o-ran-smo-teiv-oam-to-cloud
MANAGEDELEMENT_MANAGES_GNBDUFUNCTION	managed-gnbduFunction	ManagedElement	1	1	managed-by-managedElement	GNBDUFunction	0	9223372036854775807	BI_DIRECTIONAL	B_SIDE	false	o-ran-smo-teiv-oam-to-ran
MANAGEDELEMENT_DEPLOYED_AS_CLOUDNATIVESYSTEM	deployed-as-cloudNativeSystem	ManagedElement	1	1	deployed-managedElement	CloudNativeSystem	0	1	BI_DIRECTIONAL	A_SIDE	false	o-ran-smo-teiv-oam-to-cloud
NODECLUSTER_LOCATED_AT_CLOUDSITE	located-at-cloudSite	NodeCluster	0	9223372036854775807	location-of-nodeCluster	CloudSite	1	1	BI_DIRECTIONAL	A_SIDE	false	o-ran-smo-teiv-cloud
CLOUDNATIVESYSTEM_COMPRISES_CLOUDNATIVEAPPLICATION	comprised-cloudNativeApplication	CloudNativeSystem	0	1	comprised-by-cloudNativeSystem	CloudNativeApplication	0	9223372036854775807	BI_DIRECTIONAL	B_SIDE	false	o-ran-smo-teiv-cloud
CLOUDNATIVEAPPLICATION_DEPLOYED_ON_NAMESPACE	deployed-on-namespace	CloudNativeApplication	0	9223372036854775807	deployed-cloudNativeApplication	Namespace	0	1	BI_DIRECTIONAL	A_SIDE	false	o-ran-smo-teiv-cloud
CLOUDNATIVEAPPLICATIONNNNNNNNNNN_DEPLOYED_ON_NAMESPACEEEEEEEEEEE	deployed-on-namespaceeeeeeeeeeeeeeeeeeeeeeeeeeeeeeeeeeeeeeeeeeee	CloudNativeApplicationnnnnnnnnnnnnnnnnnnnnnnnnnnnnnnnnnnnnnnnnnn	0	9223372036854775807	deployed-cloudNativeApplicationnnnnnnnnnnnnnnnnnnnnnnnnnnnnnnnnn	Namespaceeeeeeeeeeeeeeeeeeeeeeeeeeeeeeeeeeeeeeeeeeeeeeeeeeeeeeee	0	1	BI_DIRECTIONAL	A_SIDE	false	o-ran-smo-teiv-cloud
NAMESPACE_DEPLOYED_ON_NODECLUSTER	deployed-on-nodeCluster	Namespace	0	9223372036854775807	deployed-namespace	NodeCluster	1	1	BI_DIRECTIONAL	A_SIDE	false	o-ran-smo-teiv-cloud
SECTOR_GROUPS_EUTRANCELL	grouped-euTranCell	Sector	0	1	grouped-by-sector	EUtranCell	0	9223372036854775807	BI_DIRECTIONAL	B_SIDE	false	o-ran-smo-teiv-equipment-to-ran
SECTOR_GROUPS_ANTENNAMODULE	grouped-antennaModule	Sector	0	1	grouped-by-sector	AntennaModule	0	9223372036854775807	BI_DIRECTIONAL	B_SIDE	false	o-ran-smo-teiv-equipment-to-ran
SECTOR_GROUPS_NRCELLDU	grouped-nrCellDu	Sector	0	1	grouped-by-sector	NRCellDU	0	9223372036854775807	BI_DIRECTIONAL	B_SIDE	false	o-ran-smo-teiv-ran
GNBCUUPFUNCTION_REALISED_BY_CLOUDNATIVEAPPLICATION	realised-by-cloudNativeApplication	GNBCUUPFunction	0	9223372036854775807	realised-gnbcuupFunction	CloudNativeApplication	0	9223372036854775807	BI_DIRECTIONAL	RELATION	false	o-ran-smo-teiv-cloud-to-ran
ENODEBFUNCTION_PROVIDES_EUTRANCELL	provided-euTranCell	ENodeBFunction	1	1	provided-by-enodebFunction	EUtranCell	0	9223372036854775807	BI_DIRECTIONAL	B_SIDE	false	o-ran-smo-teiv-ran
ENODEBFUNCTION_PROVIDES_LTESECTORCARRIER	provided-lteSectorCarrier	ENodeBFunction	1	1	provided-by-enodebFunction	LTESectorCarrier	0	9223372036854775807	BI_DIRECTIONAL	B_SIDE	false	o-ran-smo-teiv-ran
ENODEBFUNCTION_REALISED_BY_PHYSICALNETWORKAPPLIANCE	realised-by-physicalNetworkAppliance	ENodeBFunction	0	9223372036854775807	realised-enodebFunction	PhysicalNetworkAppliance	0	1	BI_DIRECTIONAL	A_SIDE	false	o-ran-smo-teiv-equipment-to-ran
NRCELLDU_USES_NRSECTORCARRIER	used-nrSectorCarrier	NRCellDU	0	1	used-by-nrCellDu	NRSectorCarrier	0	9223372036854775807	BI_DIRECTIONAL	B_SIDE	false	o-ran-smo-teiv-ran
LTESECTORCARRIER_USES_ANTENNACAPABILITY	used-antennaCapability	LTESectorCarrier	0	1	used-by-lteSectorCarrier	AntennaCapability	0	1	BI_DIRECTIONAL	A_SIDE	false	o-ran-smo-teiv-ran
GNBDUFUNCTION_REALISED_BY_CLOUDNATIVEAPPLICATION	realised-by-cloudNativeApplication	GNBDUFunction	0	9223372036854775807	realised-gnbduFunction	CloudNativeApplication	0	9223372036854775807	BI_DIRECTIONAL	RELATION	false	o-ran-smo-teiv-cloud-to-ran
GNBDUFUNCTION_PROVIDES_NRSECTORCARRIER	provided-nrSectorCarrier	GNBDUFunction	1	1	provided-by-gnbduFunction	NRSectorCarrier	0	9223372036854775807	BI_DIRECTIONAL	B_SIDE	false	o-ran-smo-teiv-ran
GNBDUFUNCTION_PROVIDES_NRCELLDU	provided-nrCellDu	GNBDUFunction	1	1	provided-by-gnbduFunction	NRCellDU	0	9223372036854775807	BI_DIRECTIONAL	B_SIDE	false	o-ran-smo-teiv-ran
GNBDUFUNCTIONNNNNNNNN_REALISED_BY_CLOUDNATIVEAPPLICATIONNNNNNNNN	realised-by-cloudNativeApplicationnnnnnnnnnnnnnnnnnnnnnnnnnnnnnn	GNBDUFunctionnnnnnnnnnnnnnnnnnnnnnnnnnnnnnnnnnnnnnnnnnnnnnnnnnnn	0	9223372036854775807	realised-gnbduFunctionnnnnnnnnnnnnnnnnnnnnnnnnnnnnnnnnnnnnnnnnnn	CloudNativeApplicationnnnnnnnnnnnnnnnnnnnnnnnnnnnnnnnnnnnnnnnnnn	0	9223372036854775807	BI_DIRECTIONAL	RELATION	false	o-ran-smo-teiv-cloud-to-ran
GNBDUFUNCTIONNNNNNNNNNNNNNUUU_PROVIDES_NRCELLDUUUUUUUUUUUUUUUUUU	provided-nrCellDuuuuuuuuuuuuuuuuuuuuuuuuuuuuuuuuuuuuuuuuuuuuuuuu	GNBDUFunctionnnnnnnnnnnnnnnnnnnnnnnnnnnnnnnnnnnnnnnnnnnnnnnnnnnn	1	1	provided-by-gnbduFunctionnnnnnnnnnnnnnnnnnnnnnnnnnnnnnnnnnnnnnnn	NRCellDUUUUUUUUUUUUUUUUUUUUUUUUUUUUUUUUUUUUUUUUUUUUUUUUUUUUUUUUU	0	9223372036854775807	BI_DIRECTIONAL	B_SIDE	false	o-ran-smo-teiv-ran
EUTRANCELL_USES_LTESECTORCARRIER	used-lteSectorCarrier	EUtranCell	0	1	used-by-euTranCell	LTESectorCarrier	0	9223372036854775807	BI_DIRECTIONAL	B_SIDE	false	o-ran-smo-teiv-ran
GNBCUCPFUNCTION_PROVIDES_NRCELLCU	provided-nrCellCu	GNBCUCPFunction	1	1	provided-by-gnbcucpFunction	NRCellCU	0	9223372036854775807	BI_DIRECTIONAL	B_SIDE	false	o-ran-smo-teiv-ran
GNBCUCPFUNCTION_REALISED_BY_CLOUDNATIVEAPPLICATION	realised-by-cloudNativeApplication	GNBCUCPFunction	0	9223372036854775807	realised-gnbcucpFunction	CloudNativeApplication	0	9223372036854775807	BI_DIRECTIONAL	RELATION	false	o-ran-smo-teiv-cloud-to-ran
NRSECTORCARRIER_USES_ANTENNACAPABILITY	used-antennaCapability	NRSectorCarrier	0	9223372036854775807	used-by-nrSectorCarrier	AntennaCapability	0	1	BI_DIRECTIONAL	A_SIDE	false	o-ran-smo-teiv-ran
ANTENNACAPABILITY_REALISED_BY_ANTENNAMODULE	realised-by-antennaModule	AntennaCapability	0	9223372036854775807	realised-antennaCapability	AntennaModule	0	9223372036854775807	BI_DIRECTIONAL	RELATION	false	o-ran-smo-teiv-equipment-to-ran
TESTENTITYA_PROVIDES_TESTENTITYB	provided-testEntityB	TestEntityA	0	2	provided-by-testEntityA	TestEntityB	0	3	BI_DIRECTIONAL	RELATION	false	o-ran-smo-teiv-ran
TESTENTITYA_USES_TESTENTITYB	used-TestEntityB	TestEntityA	0	1	used-by-testEntityA	TestEntityB	0	2	BI_DIRECTIONAL	B_SIDE	false	o-ran-smo-teiv-ran
TESTENTITYA_GROUPS_TESTENTITYB	grouped-testEntityB	TestEntityA	0	2	grouped-by-testEntityA	TestEntityB	0	9223372036854775807	BI_DIRECTIONAL	RELATION	false	o-ran-smo-teiv-ran
ANTENNAMODULE_INSTALLED_AT_SITE	installed-at-site	AntennaModule	0	9223372036854775807	installed-antennaModule	Site	0	1	BI_DIRECTIONAL	A_SIDE	false	o-ran-smo-teiv-equipment
PHYSICALNETWORKAPPLIANCE_INSTALLED_AT_SITE	installed-at-site	PhysicalNetworkAppliance	0	9223372036854775807	installed-physicalNetworkAppliance	Site	0	1	BI_DIRECTIONAL	A_SIDE	false	o-ran-smo-teiv-equipment
ANTENNAMODULE_REALISED_BY_ANTENNAMODULE	realised-by-antennaModule	AntennaModule	0	9223372036854775807	realised-antennaModule	AntennaModule	0	9223372036854775807	BI_DIRECTIONAL	RELATION	true	o-ran-smo-teiv-equipment
ANTENNAMODULEEEEEEEEEEEE_REALISED_BY_ANTENNAMODULEEEEEEEEEEEEEEE	realised-by-antennaModule	AntennaModuleeeeeeeeeeeeeeeeeeeeeeeeeeeeeeeeeeeeeeeeeeeeeeeeeeee	0	1	realised-antennaModule	AntennaModuleeeeeeeeeeeeeeeeeeeeeeeeeeeeeeeeeeeeeeeeeeeeeeeeeeee	0	9223372036854775807	BI_DIRECTIONAL	RELATION	true	o-ran-smo-teiv-equipment
ANTENNAMODULEEEEEEEEEEEE_DEPLOYED_ON_ANTENNAMODULEEEEEEEEEEEEEEE	deployed-on-antennaModule	AntennaModuleeeeeeeeeeeeeeeeeeeeeeeeeeeeeeeeeeeeeeeeeeeeeeeeeeee	0	1	deployed-antennaModule	AntennaModuleeeeeeeeeeeeeeeeeeeeeeeeeeeeeeeeeeeeeeeeeeeeeeeeeeee	0	1	BI_DIRECTIONAL	RELATION	true	o-ran-smo-teiv-equipment
\.

;
