--
-- ============LICENSE_START=======================================================
-- Copyright (C) 2024 Ericsson
-- Modifications Copyright (C) 2024 OpenInfra Foundation Europe
-- ================================================================================
-- Licensed under the Apache License, Version 2.0 (the "License");
-- you may not use this file except in compliance with the License.
-- You may obtain a copy of the License at
--
--       http://www.apache.org/licenses/LICENSE-2.0
--
-- Unless required by applicable law or agreed to in writing, software
-- distributed under the License is distributed on an "AS IS" BASIS,
-- WITHOUT WARRANTIES OR CONDITIONS OF ANY KIND, either express or implied.
-- See the License for the specific language governing permissions and
-- limitations under the License.
--
-- SPDX-License-Identifier: Apache-2.0
-- ============LICENSE_END=========================================================
--

COPY ties_data."CloudNativeSystem" ("id", "name", "REL_FK_deployed-managedElement" )  FROM stdin;
\.

COPY ties_data."003B7CAE0FA8C3C54BE1BAD8BB9A50985A2EA03F" ("id", "name", "REL_FK_C2F5EC33C0760F653CE7263A49C0B697FCA2D542" )  FROM stdin;
C4E311A55666726FD9FE25CA572AFAF9	Example Cloud Native System/1	\N
\.

COPY ties_data."ManagedElement" ("id", "cmId", "fdn", "REL_FK_deployed-as-cloudNativeSystem", "REL_ID_MANAGEDELEMENT_DEPLOYED_AS_CLOUDNATIVESYSTEM" )  FROM stdin;
DA1039E77700A9EEFFA280049ECE9227	\N	SubNetwork=SolarSystem/SubNetwork=Earth/SubNetwork=Europe/SubNetwork=Hungary/ManagedElement=9	\N	\N
6F02817AFE4D53237DB235EBE5378613	\N	SubNetwork=SolarSystem/SubNetwork=Earth/SubNetwork=Europe/SubNetwork=Hungary/ManagedElement=10	\N	\N
27500EB447000209EE6E3CA1B31FBA92	\N	SubNetwork=SolarSystem/SubNetwork=Earth/SubNetwork=Europe/SubNetwork=Hungary/ManagedElement=13	\N	\N
06222D277EE209CD8DCA1FE61CE752E6	\N	SubNetwork=SolarSystem/SubNetwork=Earth/SubNetwork=Europe/SubNetwork=Hungary/ManagedElement=14	\N	\N
DC86CA7724113F4C0DF42BFEAA17FD53	\N	SubNetwork=SolarSystem/SubNetwork=Earth/SubNetwork=Europe/SubNetwork=Hungary/ManagedElement=16	\N	\N
8D51EFC759166044DACBCA63C4EDFC51	\N	SubNetwork=SolarSystem/SubNetwork=Earth/SubNetwork=Europe/SubNetwork=Hungary/ManagedElement=19	\N	\N
E64371CD4D12ED0CED200DD3A7591784	\N	SubNetwork=SolarSystem/SubNetwork=Earth/SubNetwork=Europe/SubNetwork=Hungary/ManagedElement=28	\N	\N
\.

COPY ties_data."1EF2A41C34A961CD8AE603E020B7B8B57345267F" ("id", "cmId", "fdn", "REL_FK_26958E3A529C4C8B68A29FDA906F8CD290F66078", "REL_ID_B7945BFD83380F3E12CF99F2B0F838F364027F92" )  FROM stdin;
45EF31D8A1FD624D7276390A1215BFC3	\N	SubNetwork=SolarSystem/SubNetwork=Earth/SubNetwork=Europe/SubNetwork=Hungary/ManagedElement=1	C4E311A55666726FD9FE25CA572AFAF9	urn:base64:TWFuYWdlZEVsZW1lbnQ6NDVFRjMxRDhBMUZENjI0RDcyNzYzOTBBMTIxNUJGQzM6REVQTE9ZRURfQVM6Q2xvdWROYXRpdmVTeXN0ZW06QzRFMzExQTU1NjY2NzI2RkQ5RkUyNUNBNTcyQUZBRjk=
DA1039E77700A9EEFFA280049ECE9227	\N	SubNetwork=SolarSystem/SubNetwork=Earth/SubNetwork=Europe/SubNetwork=Hungary/ManagedElement=9	\N	\N
6F02817AFE4D53237DB235EBE5378613	\N	SubNetwork=SolarSystem/SubNetwork=Earth/SubNetwork=Europe/SubNetwork=Hungary/ManagedElement=10	\N	\N
27500EB447000209EE6E3CA1B31FBA92	\N	SubNetwork=SolarSystem/SubNetwork=Earth/SubNetwork=Europe/SubNetwork=Hungary/ManagedElement=13	\N	\N
06222D277EE209CD8DCA1FE61CE752E6	\N	SubNetwork=SolarSystem/SubNetwork=Earth/SubNetwork=Europe/SubNetwork=Hungary/ManagedElement=14	\N	\N
DC86CA7724113F4C0DF42BFEAA17FD53	\N	SubNetwork=SolarSystem/SubNetwork=Earth/SubNetwork=Europe/SubNetwork=Hungary/ManagedElement=16	\N	\N
8D51EFC759166044DACBCA63C4EDFC51	\N	SubNetwork=SolarSystem/SubNetwork=Earth/SubNetwork=Europe/SubNetwork=Hungary/ManagedElement=19	\N	\N
E64371CD4D12ED0CED200DD3A7591784	\N	SubNetwork=SolarSystem/SubNetwork=Earth/SubNetwork=Europe/SubNetwork=Hungary/ManagedElement=28	\N	\N
\.

COPY ties_data."CloudSite" ("id", "geo-location", "name" )  FROM stdin;
16EE17AE89DF11B69E94B3F6827C2C0E	POINT(59.4019881 17.9419888)	ORAN
\.

COPY ties_data."NodeCluster" ("id", "name", "REL_FK_located-at-cloudSite", "REL_ID_NODECLUSTER_LOCATED_AT_CLOUDSITE" )  FROM stdin;
015C2DDBD7AC722B34ED6A20EDEEB9C3	Example NodeCluster/45	16EE17AE89DF11B69E94B3F6827C2C0E	urn:base64:Tm9kZUNsdXN0ZXI6MDE1QzJEREJEN0FDNzIyQjM0RUQ2QTIwRURFRUI5QzM6TE9DQVRFRF9BVDpDbG91ZFNpdGU6MTZFRTE3QUU4OURGMTFCNjlFOTRCM0Y2ODI3QzJDMEU=
\.

COPY ties_data."Namespace" ("id", "name", "REL_FK_deployed-on-nodeCluster", "REL_ID_NAMESPACE_DEPLOYED_ON_NODECLUSTER" )  FROM stdin;
1C02E96B2AAE036C7AE404BC38C308E0	Example Namespace/1	\N	\N
\.

COPY ties_data."78682DB1FFA2533BA45F8E4FAA5596E1A98479FC" ("id", "name" )  FROM stdin;
1C02E96B2AAE036C7AE404BC38C308E0	Example Namespace/1
\.

COPY ties_data."CloudNativeApplication" ("id", "name", "REL_FK_realised-managedElement", "REL_ID_MANAGEDELEMENT_REALISED_BY_CLOUDNATIVEAPPLICATION", "REL_FK_comprised-by-cloudNativeSystem", "REL_ID_CLOUDNATIVESYSTEM_COMPRISES_CLOUDNATIVEAPPLICATION", "REL_FK_deployed-on-namespace", "REL_ID_CLOUDNATIVEAPPLICATION_DEPLOYED_ON_NAMESPACE" )  FROM stdin;
AD42D90497E93D276215DF6D3B899E17	Cloud Native CUUPApp/8	\N	\N	\N	\N	\N	\N
719BD5C7CD8A939D76A83DA95DA45C01	Example Cloud App/9	\N	\N	\N	\N	1C02E96B2AAE036C7AE404BC38C308E0	urn:base64:Q2xvdWROYXRpdmVBcHBsaWNhdGlvbjo3MTlCRDVDN0NEOEE5MzlENzZBODNEQTk1REE0NUMwMTpERVBMT1lFRF9PTjpOYW1lc3BhY2U6MUMwMkU5NkIyQUFFMDM2QzdBRTQwNEJDMzhDMzA4RTA=
416F31E6EB09055326621F4919D35BFF	Example Cloud App/10	\N	\N	\N	\N	\N	\N
C549905CF3CC890CE5746C5E10ACF00D	Example Cloud App/19	\N	\N	\N	\N	\N	\N
\.

COPY ties_data."25978231183BE3B9ADD7DBE6C77F5E59696CDE5F" ("id", "name", "REL_FK_AB87B417CCD05C332DDD0C60F0C6AB41D38B05E5", "REL_ID_FC2F6A5A12917357B548C83F4B0C1AD58FA61413", "REL_FK_8C98B70070BBD11F90F192DDA3ECF6302390E956", "REL_ID_AFBF10D23507AD3B6408947D2A9AF8465BA7B08C" )  FROM stdin;
AD42D90497E93D276215DF6D3B899E17	Cloud Native CUUPApp/8	\N	\N	\N	\N
719BD5C7CD8A939D76A83DA95DA45C01	Example Cloud App/9	\N	\N	1C02E96B2AAE036C7AE404BC38C308E0	urn:base64:Q2xvdWROYXRpdmVBcHBsaWNhdGlvbjo3MTlCRDVDN0NEOEE5MzlENzZBODNEQTk1REE0NUMwMTpERVBMT1lFRF9PTjpOYW1lc3BhY2U6MUMwMkU5NkIyQUFFMDM2QzdBRTQwNEJDMzhDMzA4RTA=
416F31E6EB09055326621F4919D35BFF	Example Cloud App/10	6F02817AFE4D53237DB235EBE5378613	urn:base64:TWFuYWdlZEVsZW1lbnQ6NkYwMjgxN0FGRTRENTMyMzdEQjIzNUVCRTUzNzg2MTM6UkVBTElTRURfQlk6Q2xvdWROYXRpdmVBcHBsaWNhdGlvbjo0MTZGMzFFNkVCMDkwNTUzMjY2MjFGNDkxOUQzNUJGRg==	\N	\N
C549905CF3CC890CE5746C5E10ACF00D	Example Cloud App/19	\N	\N	\N	\N
\.

COPY ties_data."Sector" ("id", "geo-location", "sectorId", "azimuth" )  FROM stdin;
2F445AA5744FA3D230FD6838531F1407	POINT(59.4019881 17.9419888)	1	1
F5128C172A70C4FCD4739650B06DE9E2	POINT(59.4019881 17.9419888)	2	2
ADB1BAAC878C0BEEFE3175C60F44BB1D	POINT(59.4019881 17.9419888)	4	3
\.

COPY ties_data."GNBCUCPFunction" ("id", "pLMNId", "cmId", "fdn", "gNBCUName", "gNBIdLength", "gNBId", "REL_FK_managed-by-managedElement", "REL_ID_MANAGEDELEMENT_MANAGES_GNBCUCPFUNCTION" )  FROM stdin;
\.

COPY ties_data."GNBCUUPFunction" ("id", "cmId", "fdn", "gNBIdLength", "gNBId", "REL_FK_managed-by-managedElement", "REL_ID_MANAGEDELEMENT_MANAGES_GNBCUUPFUNCTION" )  FROM stdin;
BFEEAC2CE60273CB0A78319CC201A7FE	\N	SubNetwork=SolarSystem/SubNetwork=Earth/SubNetwork=Europe/SubNetwork=Hungary/GNBCUUPFunction=8	1	8	E64371CD4D12ED0CED200DD3A7591784	urn:base64:TWFuYWdlZEVsZW1lbnQ6RTY0MzcxQ0Q0RDEyRUQwQ0VEMjAwREQzQTc1OTE3ODQ6TUFOQUdFUzpHTkJDVVVQRnVuY3Rpb246QkZFRUFDMkNFNjAyNzNDQjBBNzgzMTlDQzIwMUE3RkU=
\.

COPY ties_data."GNBDUFunction" ("id", "gNBDUId", "cmId", "fdn", "dUpLMNId", "gNBIdLength", "gNBId", "REL_FK_managed-by-managedElement", "REL_ID_MANAGEDELEMENT_MANAGES_GNBDUFUNCTION", "CD_sourceIds" )  FROM stdin;
D3215E08570BE58339C7463626B50E37	\N	\N	SubNetwork=SolarSystem/SubNetwork=Earth/SubNetwork=Europe/SubNetwork=Hungary/GNBDUFunction=9	{"mcc":"456","mnc":"82"}	1	9	DA1039E77700A9EEFFA280049ECE9227	urn:base64:TWFuYWdlZEVsZW1lbnQ6REExMDM5RTc3NzAwQTlFRUZGQTI4MDA0OUVDRTkyMjc6TUFOQUdFUzpHTkJEVUZ1bmN0aW9uOkQzMjE1RTA4NTcwQkU1ODMzOUM3NDYzNjI2QjUwRTM3	[]
1050570EBB1315E1AE7A9FD5E1400A00	\N	\N	SubNetwork=SolarSystem/SubNetwork=Earth/SubNetwork=Europe/SubNetwork=Hungary/GNBDUFunction=10	{"mcc":"456","mnc":"82"}	2	10	6F02817AFE4D53237DB235EBE5378613	urn:base64:TWFuYWdlZEVsZW1lbnQ6NkYwMjgxN0FGRTRENTMyMzdEQjIzNUVCRTUzNzg2MTM6TUFOQUdFUzpHTkJEVUZ1bmN0aW9uOjEwNTA1NzBFQkIxMzE1RTFBRTdBOUZENUUxNDAwQTAw	[]
25E690E22BDA90B9C4FEE1F083CBA597	\N	\N	SubNetwork=SolarSystem/SubNetwork=Earth/SubNetwork=Europe/SubNetwork=Hungary/GNBDUFunction=13	{"mcc":"456","mnc":"82"}	2	13	27500EB447000209EE6E3CA1B31FBA92	urn:base64:TWFuYWdlZEVsZW1lbnQ6Mjc1MDBFQjQ0NzAwMDIwOUVFNkUzQ0ExQjMxRkJBOTI6TUFOQUdFUzpHTkJEVUZ1bmN0aW9uOjI1RTY5MEUyMkJEQTkwQjlDNEZFRTFGMDgzQ0JBNTk3	[]
5A3085C3400C3096E2ED2321452766B1	\N	\N	SubNetwork=SolarSystem/SubNetwork=Earth/SubNetwork=Europe/SubNetwork=Hungary/GNBDUFunction=14	{"mcc":"456","mnc":"82"}	2	14	06222D277EE209CD8DCA1FE61CE752E6	urn:base64:TWFuYWdlZEVsZW1lbnQ6MDYyMjJEMjc3RUUyMDlDRDhEQ0ExRkU2MUNFNzUyRTY6TUFOQUdFUzpHTkJEVUZ1bmN0aW9uOjVBMzA4NUMzNDAwQzMwOTZFMkVEMjMyMTQ1Mjc2NkIx	[]
5A548EA9D166341776CA0695837E55D8	\N	\N	SubNetwork=SolarSystem/SubNetwork=Earth/SubNetwork=Europe/SubNetwork=Hungary/GNBDUFunction=16	{"mcc":"456","mnc":"82"}	2	16	DC86CA7724113F4C0DF42BFEAA17FD53	urn:base64:TWFuYWdlZEVsZW1lbnQ6REM4NkNBNzcyNDExM0Y0QzBERjQyQkZFQUExN0ZENTM6TUFOQUdFUzpHTkJEVUZ1bmN0aW9uOjVBNTQ4RUE5RDE2NjM0MTc3NkNBMDY5NTgzN0U1NUQ4	["urn:3gpp:dn:/SubNetwork=SolarSystem/SubNetwork=Earth/SubNetwork=Europe/SubNetwork=Hungary/GNBDUFunction=16","urn:cmHandle:/395221E080CCF0FD1924103B15873814"]
4CFF136200A2DE36205A13559C55DB2A	\N	\N	SubNetwork=SolarSystem/SubNetwork=Earth/SubNetwork=Europe/SubNetwork=Hungary/GNBDUFunction=19	{"mcc":"456","mnc":"82"}	2	19	8D51EFC759166044DACBCA63C4EDFC51	urn:base64:TWFuYWdlZEVsZW1lbnQ6OEQ1MUVGQzc1OTE2NjA0NERBQ0JDQTYzQzRFREZDNTE6TUFOQUdFUzpHTkJEVUZ1bmN0aW9uOjRDRkYxMzYyMDBBMkRFMzYyMDVBMTM1NTlDNTVEQjJB	[]
\.

COPY ties_data."7D7AACEBB0E4E4732835BA4BFE708DDD3738962D" ("id", "gNBDUId", "cmId", "3786A6CA64C9422F9E7FC35B7B039F345BBDDA65", "dUpLMNId", "gNBIdLength", "gNBId", "REL_FK_48B14FA5B787C6398AD1DE5EE670AD0D2A2CB36F", "REL_ID_BDE0B6C74D14AC109D29A08D80E92D4D0DCAEB0B" )  FROM stdin;
D3215E08570BE58339C7463626B50E37	\N	\N	SubNetwork=SolarSystem/SubNetwork=Earth/SubNetwork=Europe/SubNetwork=Hungary/GNBDUFunction=9	{"mcc":"456","mnc":"82"}	1	9	DA1039E77700A9EEFFA280049ECE9227	urn:base64:TWFuYWdlZEVsZW1lbnQ6REExMDM5RTc3NzAwQTlFRUZGQTI4MDA0OUVDRTkyMjc6TUFOQUdFUzpHTkJEVUZ1bmN0aW9uOkQzMjE1RTA4NTcwQkU1ODMzOUM3NDYzNjI2QjUwRTM3
1050570EBB1315E1AE7A9FD5E1400A00	\N	\N	SubNetwork=SolarSystem/SubNetwork=Earth/SubNetwork=Europe/SubNetwork=Hungary/GNBDUFunction=10	{"mcc":"456","mnc":"82"}	2	10	6F02817AFE4D53237DB235EBE5378613	urn:base64:TWFuYWdlZEVsZW1lbnQ6NkYwMjgxN0FGRTRENTMyMzdEQjIzNUVCRTUzNzg2MTM6TUFOQUdFUzpHTkJEVUZ1bmN0aW9uOjEwNTA1NzBFQkIxMzE1RTFBRTdBOUZENUUxNDAwQTAw
25E690E22BDA90B9C4FEE1F083CBA597	\N	\N	SubNetwork=SolarSystem/SubNetwork=Earth/SubNetwork=Europe/SubNetwork=Hungary/GNBDUFunction=13	{"mcc":"456","mnc":"82"}	2	13	27500EB447000209EE6E3CA1B31FBA92	urn:base64:TWFuYWdlZEVsZW1lbnQ6Mjc1MDBFQjQ0NzAwMDIwOUVFNkUzQ0ExQjMxRkJBOTI6TUFOQUdFUzpHTkJEVUZ1bmN0aW9uOjI1RTY5MEUyMkJEQTkwQjlDNEZFRTFGMDgzQ0JBNTk3
5A3085C3400C3096E2ED2321452766B1	\N	\N	SubNetwork=SolarSystem/SubNetwork=Earth/SubNetwork=Europe/SubNetwork=Hungary/GNBDUFunction=14	{"mcc":"456","mnc":"82"}	2	14	06222D277EE209CD8DCA1FE61CE752E6	urn:base64:TWFuYWdlZEVsZW1lbnQ6MDYyMjJEMjc3RUUyMDlDRDhEQ0ExRkU2MUNFNzUyRTY6TUFOQUdFUzpHTkJEVUZ1bmN0aW9uOjVBMzA4NUMzNDAwQzMwOTZFMkVEMjMyMTQ1Mjc2NkIx
5A548EA9D166341776CA0695837E55D8	\N	\N	SubNetwork=SolarSystem/SubNetwork=Earth/SubNetwork=Europe/SubNetwork=Hungary/GNBDUFunction=16	{"mcc":"456","mnc":"82"}	2	16	DC86CA7724113F4C0DF42BFEAA17FD53	urn:base64:TWFuYWdlZEVsZW1lbnQ6REM4NkNBNzcyNDExM0Y0QzBERjQyQkZFQUExN0ZENTM6TUFOQUdFUzpHTkJEVUZ1bmN0aW9uOjVBNTQ4RUE5RDE2NjM0MTc3NkNBMDY5NTgzN0U1NUQ4
4CFF136200A2DE36205A13559C55DB2A	\N	\N	SubNetwork=SolarSystem/SubNetwork=Earth/SubNetwork=Europe/SubNetwork=Hungary/GNBDUFunction=19	{"mcc":"456","mnc":"82"}	2	19	8D51EFC759166044DACBCA63C4EDFC51	urn:base64:TWFuYWdlZEVsZW1lbnQ6OEQ1MUVGQzc1OTE2NjA0NERBQ0JDQTYzQzRFREZDNTE6TUFOQUdFUzpHTkJEVUZ1bmN0aW9uOjRDRkYxMzYyMDBBMkRFMzYyMDVBMTM1NTlDNTVEQjJB
\.

COPY ties_data."AntennaCapability" ("id", "nRFqBands", "eUtranFqBands", "cmId", "fdn", "geranFqBands", "REL_FK_used-by-lteSectorCarrier" )  FROM stdin;
5835F77BE9D4E102316BD59195F6370B	["123","456","789"]	["123","4564","789"]	\N	SubNetwork=SolarSystem/SubNetwork=Earth/SubNetwork=Europe/SubNetwork=Hungary/AntennaCapability=1	["123","456","789"]	\N
A77B237A541B2D3225B4B61D3098E4AA	["123","456","789"]	["123","4564","789"]	\N	SubNetwork=SolarSystem/SubNetwork=Earth/SubNetwork=Europe/SubNetwork=Hungary/AntennaCapability=3	["123","456","789"]	\N
\.

COPY ties_data."NRCellDU" ("id", "nRPCI", "cmId", "cellLocalId", "fdn", "nCI", "nRTAC", "REL_FK_grouped-by-sector", "REL_ID_SECTOR_GROUPS_NRCELLDU", "REL_FK_provided-by-gnbduFunction", "REL_ID_GNBDUFUNCTION_PROVIDES_NRCELLDU" )  FROM stdin;
98C3A4591A37718E1330F0294E23B62A	789	\N	1	SubNetwork=SolarSystem/SubNetwork=Earth/SubNetwork=Europe/SubNetwork=Hungary/NRCellDU=1	1	456	F5128C172A70C4FCD4739650B06DE9E2	urn:base64:U2VjdG9yOkY1MTI4QzE3MkE3MEM0RkNENDczOTY1MEIwNkRFOUUyOkdST1VQUzpOUkNlbGxEVTo5OEMzQTQ1OTFBMzc3MThFMTMzMEYwMjk0RTIzQjYyQQ==	D3215E08570BE58339C7463626B50E37	urn:base64:R05CRFVGdW5jdGlvbjpEMzIxNUUwODU3MEJFNTgzMzlDNzQ2MzYyNkI1MEUzNzpQUk9WSURFUzpOUkNlbGxEVTo5OEMzQTQ1OTFBMzc3MThFMTMzMEYwMjk0RTIzQjYyQQ==
F9546E82313AC1D5E690DCD7BE55606F	789	\N	2	SubNetwork=SolarSystem/SubNetwork=Earth/SubNetwork=Europe/SubNetwork=Hungary/NRCellDU=2	2	456	F5128C172A70C4FCD4739650B06DE9E2	urn:base64:U2VjdG9yOkY1MTI4QzE3MkE3MEM0RkNENDczOTY1MEIwNkRFOUUyOkdST1VQUzpOUkNlbGxEVTpGOTU0NkU4MjMxM0FDMUQ1RTY5MERDRDdCRTU1NjA2Rg==	D3215E08570BE58339C7463626B50E37	urn:base64:R05CRFVGdW5jdGlvbjpEMzIxNUUwODU3MEJFNTgzMzlDNzQ2MzYyNkI1MEUzNzpQUk9WSURFUzpOUkNlbGxEVTpGOTU0NkU4MjMxM0FDMUQ1RTY5MERDRDdCRTU1NjA2Rg==
B480427E8A0C0B8D994E437784BB382F	789	\N	3	SubNetwork=SolarSystem/SubNetwork=Earth/SubNetwork=Europe/SubNetwork=Hungary/NRCellDU=3	3	456	F5128C172A70C4FCD4739650B06DE9E2	urn:base64:U2VjdG9yOkY1MTI4QzE3MkE3MEM0RkNENDczOTY1MEIwNkRFOUUyOkdST1VQUzpOUkNlbGxEVTpCNDgwNDI3RThBMEMwQjhEOTk0RTQzNzc4NEJCMzgyRg==	D3215E08570BE58339C7463626B50E37	urn:base64:R05CRFVGdW5jdGlvbjpEMzIxNUUwODU3MEJFNTgzMzlDNzQ2MzYyNkI1MEUzNzpQUk9WSURFUzpOUkNlbGxEVTpCNDgwNDI3RThBMEMwQjhEOTk0RTQzNzc4NEJCMzgyRg==
76E9F605D4F37330BF0B505E94F64F11	789	\N	91	SubNetwork=SolarSystem/SubNetwork=Earth/SubNetwork=Europe/SubNetwork=Hungary/NRCellDU=91	91	456	\N	\N	4CFF136200A2DE36205A13559C55DB2A	urn:base64:R05CRFVGdW5jdGlvbjo0Q0ZGMTM2MjAwQTJERTM2MjA1QTEzNTU5QzU1REIyQTpQUk9WSURFUzpOUkNlbGxEVTo3NkU5RjYwNUQ0RjM3MzMwQkYwQjUwNUU5NEY2NEYxMQ==
67A1BDA10B5AF43028D07C7BE5CB1AE2	789	\N	92	SubNetwork=SolarSystem/SubNetwork=Earth/SubNetwork=Europe/SubNetwork=Hungary/NRCellDU=92	92	456	\N	\N	4CFF136200A2DE36205A13559C55DB2A	urn:base64:R05CRFVGdW5jdGlvbjo0Q0ZGMTM2MjAwQTJERTM2MjA1QTEzNTU5QzU1REIyQTpQUk9WSURFUzpOUkNlbGxEVTo2N0ExQkRBMTBCNUFGNDMwMjhEMDdDN0JFNUNCMUFFMg==
B3B0A1939EFCA654A37005B6A7F24BD7	789	\N	93	SubNetwork=SolarSystem/SubNetwork=Earth/SubNetwork=Europe/SubNetwork=Hungary/NRCellDU=93	93	456	\N	\N	4CFF136200A2DE36205A13559C55DB2A	urn:base64:R05CRFVGdW5jdGlvbjo0Q0ZGMTM2MjAwQTJERTM2MjA1QTEzNTU5QzU1REIyQTpQUk9WSURFUzpOUkNlbGxEVTpCM0IwQTE5MzlFRkNBNjU0QTM3MDA1QjZBN0YyNEJENw==
\.

COPY ties_data."50AC08AB775076E74FC4891954F1D99D3D293ACC" ("id", "nRPCI", "cmId", "020335B0F627C169E24167748C38FE756FB34AE2", "fdn", "nCI", "nRTAC", "REL_FK_609963BFEE15FF824280FBE201313C3CDACDDDCE", "REL_ID_040FC8B06B420BA5708AF4798102D1E65FB4DC61" )  FROM stdin;
98C3A4591A37718E1330F0294E23B62A	789	\N	1	SubNetwork=SolarSystem/SubNetwork=Earth/SubNetwork=Europe/SubNetwork=Hungary/NRCellDU=1	1	456	D3215E08570BE58339C7463626B50E37	urn:base64:R05CRFVGdW5jdGlvbjpEMzIxNUUwODU3MEJFNTgzMzlDNzQ2MzYyNkI1MEUzNzpQUk9WSURFUzpOUkNlbGxEVTo5OEMzQTQ1OTFBMzc3MThFMTMzMEYwMjk0RTIzQjYyQQ==
F9546E82313AC1D5E690DCD7BE55606F	789	\N	2	SubNetwork=SolarSystem/SubNetwork=Earth/SubNetwork=Europe/SubNetwork=Hungary/NRCellDU=2	2	456	D3215E08570BE58339C7463626B50E37	urn:base64:R05CRFVGdW5jdGlvbjpEMzIxNUUwODU3MEJFNTgzMzlDNzQ2MzYyNkI1MEUzNzpQUk9WSURFUzpOUkNlbGxEVTpGOTU0NkU4MjMxM0FDMUQ1RTY5MERDRDdCRTU1NjA2Rg==
B480427E8A0C0B8D994E437784BB382F	789	\N	3	SubNetwork=SolarSystem/SubNetwork=Earth/SubNetwork=Europe/SubNetwork=Hungary/NRCellDU=3	3	456	D3215E08570BE58339C7463626B50E37	urn:base64:R05CRFVGdW5jdGlvbjpEMzIxNUUwODU3MEJFNTgzMzlDNzQ2MzYyNkI1MEUzNzpQUk9WSURFUzpOUkNlbGxEVTpCNDgwNDI3RThBMEMwQjhEOTk0RTQzNzc4NEJCMzgyRg==
76E9F605D4F37330BF0B505E94F64F11	789	\N	91	SubNetwork=SolarSystem/SubNetwork=Earth/SubNetwork=Europe/SubNetwork=Hungary/NRCellDU=91	91	456	4CFF136200A2DE36205A13559C55DB2A	urn:base64:R05CRFVGdW5jdGlvbjo0Q0ZGMTM2MjAwQTJERTM2MjA1QTEzNTU5QzU1REIyQTpQUk9WSURFUzpOUkNlbGxEVTo3NkU5RjYwNUQ0RjM3MzMwQkYwQjUwNUU5NEY2NEYxMQ==
67A1BDA10B5AF43028D07C7BE5CB1AE2	789	\N	92	SubNetwork=SolarSystem/SubNetwork=Earth/SubNetwork=Europe/SubNetwork=Hungary/NRCellDU=92	92	456	4CFF136200A2DE36205A13559C55DB2A	urn:base64:R05CRFVGdW5jdGlvbjo0Q0ZGMTM2MjAwQTJERTM2MjA1QTEzNTU5QzU1REIyQTpQUk9WSURFUzpOUkNlbGxEVTo2N0ExQkRBMTBCNUFGNDMwMjhEMDdDN0JFNUNCMUFFMg==
B3B0A1939EFCA654A37005B6A7F24BD7	789	\N	93	SubNetwork=SolarSystem/SubNetwork=Earth/SubNetwork=Europe/SubNetwork=Hungary/NRCellDU=93	93	456	4CFF136200A2DE36205A13559C55DB2A	urn:base64:R05CRFVGdW5jdGlvbjo0Q0ZGMTM2MjAwQTJERTM2MjA1QTEzNTU5QzU1REIyQTpQUk9WSURFUzpOUkNlbGxEVTpCM0IwQTE5MzlFRkNBNjU0QTM3MDA1QjZBN0YyNEJENw==
F26F279E91D0941DB4F646E707EA403A	789	\N	94	SubNetwork=SolarSystem/SubNetwork=Earth/SubNetwork=Europe/SubNetwork=Hungary/NRCellDU=94	94	456	4CFF136200A2DE36205A13559C55DB2A	urn:base64:R05CRFVGdW5jdGlvbjo0Q0ZGMTM2MjAwQTJERTM2MjA1QTEzNTU5QzU1REIyQTpQUk9WSURFUzpOUkNlbGxEVTpGMjZGMjc5RTkxRDA5NDFEQjRGNjQ2RTcwN0VBNDAzQQ==
\.

COPY ties_data."NRSectorCarrier" ("id", "fdn", "frequencyUL", "cmId", "essScLocalId", "arfcnUL", "frequencyDL", "arfcnDL", "REL_FK_used-by-nrCellDu", "REL_ID_NRCELLDU_USES_NRSECTORCARRIER", "REL_FK_provided-by-gnbduFunction", "REL_ID_GNBDUFUNCTION_PROVIDES_NRSECTORCARRIER", "REL_FK_used-antennaCapability", "REL_ID_NRSECTORCARRIER_USES_ANTENNACAPABILITY" )  FROM stdin;
E49D942C16E0364E1E0788138916D70C	SubNetwork=SolarSyst3em/SubNetwork=Earth/SubNetwork=Europe/SubNetwork=Hungary/NRSectorCarrier=3	20	\N	20	3	20	20	B480427E8A0C0B8D994E437784BB382F	urn:base64:TlJDZWxsRFU6QjQ4MDQyN0U4QTBDMEI4RDk5NEU0Mzc3ODRCQjM4MkY6VVNFUzpOUlNlY3RvckNhcnJpZXI6RTQ5RDk0MkMxNkUwMzY0RTFFMDc4ODEzODkxNkQ3MEM=	D3215E08570BE58339C7463626B50E37	urn:base64:R05CRFVGdW5jdGlvbjpEMzIxNUUwODU3MEJFNTgzMzlDNzQ2MzYyNkI1MEUzNzpQUk9WSURFUzpOUlNlY3RvckNhcnJpZXI6RTQ5RDk0MkMxNkUwMzY0RTFFMDc4ODEzODkxNkQ3MEM=	A77B237A541B2D3225B4B61D3098E4AA	urn:base64:TlJTZWN0b3JDYXJyaWVyOkU0OUQ5NDJDMTZFMDM2NEUxRTA3ODgxMzg5MTZENzBDOlVTRVM6QW50ZW5uYUNhcGFiaWxpdHk6QTc3QjIzN0E1NDFCMkQzMjI1QjRCNjFEMzA5OEU0QUE=
\.

COPY ties_data."AntennaModule" ("id", "mechanicalAntennaTilt", "fdn", "cmId", "antennaModelNumber", "totalTilt", "mechanicalAntennaBearing", "positionWithinSector", "electricalAntennaTilt", "REL_FK_grouped-by-sector", "REL_ID_SECTOR_GROUPS_ANTENNAMODULE", "REL_FK_installed-at-site", "REL_ID_ANTENNAMODULE_INSTALLED_AT_SITE" )  FROM stdin;
278A05C67D47D117C2DC5BDF5E00AE70	123	SubNetwork=SolarSystem/SubNetwork=Earth/SubNetwork=Europe/SubNetwork=Hungary/AntennaModule=1	\N	['123-abc']	45	123	['123', '456', '789']	1	ADB1BAAC878C0BEEFE3175C60F44BB1D	urn:base64:U2VjdG9yOkFEQjFCQUFDODc4QzBCRUVGRTMxNzVDNjBGNDRCQjFEOkdST1VQUzpBbnRlbm5hTW9kdWxlOjI3OEEwNUM2N0Q0N0QxMTdDMkRDNUJERjVFMDBBRTcw	\N	\N
279A05C67D47D117C2DC5BDF5E00AE70	456	SubNetwork=SolarSystem/SubNetwork=Earth/SubNetwork=Europe/SubNetwork=Hungary/AntennaModule=2	\N	['123-xyz']	45	123	['123', '456', '789']	1	\N	\N	\N	\N
\.

COPY ties_data."B69D3E92CA22CE61B921AE61BD3CF031791CF714" ("id", "fdn" )  FROM stdin;
378A05C67D47D117C2DC5BDF5E00AE70	SubNetwork=SolarSystem/SubNetwork=Earth/SubNetwork=Europe/SubNetwork=Hungary/AntennaModuleeeeeeeeeeeeeeeeeeeeeeeeeeeeeeeeeeeeeeeeeeeeeeeeeeee=11
379A05C67D47D117C2DC5BDF5E00AE70	SubNetwork=SolarSystem/SubNetwork=Earth/SubNetwork=Europe/SubNetwork=Hungary/AntennaModuleeeeeeeeeeeeeeeeeeeeeeeeeeeeeeeeeeeeeeeeeeeeeeeeeeee=12
478A05C67D47D117C2DC5BDF5E00AE70	SubNetwork=SolarSystem/SubNetwork=Earth/SubNetwork=Europe/SubNetwork=Hungary/AntennaModuleeeeeeeeeeeeeeeeeeeeeeeeeeeeeeeeeeeeeeeeeeeeeeeeeeee=21
479A05C67D47D117C2DC5BDF5E00AE70	SubNetwork=SolarSystem/SubNetwork=Earth/SubNetwork=Europe/SubNetwork=Hungary/AntennaModuleeeeeeeeeeeeeeeeeeeeeeeeeeeeeeeeeeeeeeeeeeeeeeeeeeee=22
\.

COPY ties_data."ENodeBFunction" ("id", "eNBId", "cmId", "eNodeBPlmnId", "fdn", "REL_FK_managed-by-managedElement", "REL_ID_MANAGEDELEMENT_MANAGES_ENODEBFUNCTION", "REL_FK_realised-by-physicalNetworkAppliance", "REL_ID_ENODEBFUNCTION_REALISED_BY_PHYSICALNETWORKAPPLIANCE" )  FROM stdin;
\.

COPY ties_data."EUtranCell" ("id", "cellId", "cmId", "earfcn", "duplexType", "tac", "fdn", "earfcndl", "earfcnul", "REL_FK_grouped-by-sector", "REL_ID_SECTOR_GROUPS_EUTRANCELL", "REL_FK_provided-by-enodebFunction", "REL_ID_ENODEBFUNCTION_PROVIDES_EUTRANCELL" )  FROM stdin;
\.

COPY ties_data."LTESectorCarrier" ("id", "fdn", "cmId", "sectorCarrierType", "essScLocalId", "REL_FK_provided-by-enodebFunction", "REL_ID_ENODEBFUNCTION_PROVIDES_LTESECTORCARRIER", "REL_FK_used-antennaCapability", "REL_ID_LTESECTORCARRIER_USES_ANTENNACAPABILITY", "REL_FK_used-by-euTranCell", "REL_ID_EUTRANCELL_USES_LTESECTORCARRIER" )  FROM stdin;
\.

COPY ties_data."NRCellCU" ("id", "fdn", "cmId", "plmnId", "nCI", "cellLocalId", "nRTAC", "REL_FK_provided-by-gnbcucpFunction", "REL_ID_GNBCUCPFUNCTION_PROVIDES_NRCELLCU" )  FROM stdin;
\.

COPY ties_data."PhysicalNetworkAppliance" ("id", "geo-location", "cmId", "name", "type", "REL_FK_installed-at-site", "REL_ID_PHYSICALNETWORKAPPLIANCE_INSTALLED_AT_SITE" )  FROM stdin;
\.

COPY ties_data."Site" ("id", "geo-location", "cmId", "name" )  FROM stdin;
\.

COPY ties_data."GNBCUCPFUNCTION_REALISED_BY_CLOUDNATIVEAPPLICATION" ("id", "aSide_GNBCUCPFunction", "bSide_CloudNativeApplication" )  FROM stdin;
\.

COPY ties_data."GNBCUUPFUNCTION_REALISED_BY_CLOUDNATIVEAPPLICATION" ("id", "aSide_GNBCUUPFunction", "bSide_CloudNativeApplication" )  FROM stdin;
urn:base64:R05CQ1VVUEZ1bmN0aW9uOkJGRUVBQzJDRTYwMjczQ0IwQTc4MzE5Q0MyMDFBN0ZFOlJFQUxJU0VEX0JZOkNsb3VkTmF0aXZlQXBwbGljYXRpb246QUQ0MkQ5MDQ5N0U5M0QyNzYyMTVERjZEM0I4OTlFMTc=	BFEEAC2CE60273CB0A78319CC201A7FE	AD42D90497E93D276215DF6D3B899E17
\.

COPY ties_data."GNBDUFUNCTION_REALISED_BY_CLOUDNATIVEAPPLICATION" ("id", "aSide_GNBDUFunction", "bSide_CloudNativeApplication" )  FROM stdin;
urn:base64:R05CRFVGdW5jdGlvbjo0Q0ZGMTM2MjAwQTJERTM2MjA1QTEzNTU5QzU1REIyQTpSRUFMSVNFRF9CWTpDbG91ZE5hdGl2ZUFwcGxpY2F0aW9uOkM1NDk5MDVDRjNDQzg5MENFNTc0NkM1RTEwQUNGMDBE	4CFF136200A2DE36205A13559C55DB2A	C549905CF3CC890CE5746C5E10ACF00D
\.

COPY ties_data."AC201B3A42917A9A983A1E3683B67C38C50630FC" ("id", "aSide_B0FD0521695A211BFF76F413A31F28CBA32E57ED", "bSide_84EF1134719BB6FCF33A94FF770311FC722BCF41" )  FROM stdin;
urn:base64:R05CRFVGdW5jdGlvbjo0Q0ZGMTM2MjAwQTJERTM2MjA1QTEzNTU5QzU1REIyQTpSRUFMSVNFRF9CWTpDbG91ZE5hdGl2ZUFwcGxpY2F0aW9uOkM1NDk5MDVDRjNDQzg5MENFNTc0NkM1RTEwQUNGMDBE	4CFF136200A2DE36205A13559C55DB2A	C549905CF3CC890CE5746C5E10ACF00D
\.

COPY ties_data."ANTENNACAPABILITY_REALISED_BY_ANTENNAMODULE" ("id", "aSide_AntennaCapability", "bSide_AntennaModule" )  FROM stdin;
\.

COPY ties_data."ANTENNAMODULE_REALISED_BY_ANTENNAMODULE" ("id", "aSide_AntennaModule", "bSide_AntennaModule" )  FROM stdin;
urn:base64:QW50ZW5uYU1vZHVsZToyNzhBMDVDNjdENDdEMTE3QzJEQzVCREY1RTAwQUU3MDpSRUFMSVNFRF9CWTpBbnRlbm5hTW9kdWxlOjI3OEEwNUM2N0Q0N0QxMTdDMkRDNUJERjVFMDBBRTcwCg==	278A05C67D47D117C2DC5BDF5E00AE70	279A05C67D47D117C2DC5BDF5E00AE70
\.

COPY ties_data."B9B76FD20FF23B2A41C82CB5EDF6FA25B6AC2BC6" ("id", "aSide_2A2D3374BF907674FA1905478E30ACB8882DC03C", "bSide_EE6DD4A2CFD743779BBCBFC18FC296EF6D72EB1E" )  FROM stdin;
urn:base64:QW50ZW5uYU1vZHVsZTozNzhBMDVDNjdENDdEMTE3QzJEQzVCREY1RTAwQUU3MDpSRUFMSVNFRF9CWTpBbnRlbm5hTW9kdWxlOjM3OUEwNUM2N0Q0N0QxMTdDMkRDNUJERjVFMDBBRTcwCg==	378A05C67D47D117C2DC5BDF5E00AE70	379A05C67D47D117C2DC5BDF5E00AE70
\.

COPY ties_data."C35AE10CFF62DEDC5E3FC3C40E47373B10800818" ("id", "aSide_2A2D3374BF907674FA1905478E30ACB8882DC03C", "bSide_EE6DD4A2CFD743779BBCBFC18FC296EF6D72EB1E" )  FROM stdin;
urn:base64:QW50ZW5uYU1vZHVsZTo0NzhBMDVDNjdENDdEMTE3QzJEQzVCREY1RTAwQUU3MDpERVBMT1lFRF9CWTpBbnRlbm5hTW9kdWxlOjQ3OUEwNUM2N0Q0N0QxMTdDMkRDNUJERjVFMDBBRTcwCg==	478A05C67D47D117C2DC5BDF5E00AE70	479A05C67D47D117C2DC5BDF5E00AE70
\.

COPY ties_model.module_reference("name", "includedModules", "content", "ownerAppId", "status") FROM stdin;
gnbdu-function-model	[]	Z25kYnUtZnVuY3Rpb24tbW9kZWwgeWFuZyBtb2RlbCBmaWxlCg==	ADDITIONAL_MODULE	IN_USAGE
gnbcucp-gnbcuup-model	[]	Z25iY3VjcC1nbmJjdXVwLW1vZGVsIHlhbmcgbW9kZWwgZmlsZQo=	ADDITIONAL_MODULE	IN_USAGE
gnbcucp-gnbcuup-old-model	[]	Z25iY3VjcC1nbmJjdXVwLW1vZGVsIHlhbmcgbW9kZWwgZmlsZQo=	ADDITIONAL_MODULE	DEPRECATED
\.

COPY ties_model.decorators ("name", "dataType", "moduleReferenceName" )  FROM stdin;
gnbdu-function-model:location	TEXT	gnbdu-function-model
gnbcucp-gnbcuup-model:metadata	JSONB	gnbcucp-gnbcuup-model
gnbcucp-gnbcuup-old-model:metadata	JSONB	gnbcucp-gnbcuup-old-model
\.

COPY ties_model.classifiers ("name", "moduleReferenceName" )  FROM stdin;
gnbdu-function-model:Rural	gnbdu-function-model
gnbcucp-gnbcuup-model:Weekend	gnbcucp-gnbcuup-model
gnbcucp-gnbcuup-old-model:Weekend	gnbcucp-gnbcuup-old-model
\.

;