--
-- ============LICENSE_START=======================================================
-- Copyright (C) 2024 Ericsson
-- Modifications Copyright (C) 2024 OpenInfra Foundation Europe
-- ================================================================================
-- Licensed under the Apache License, Version 2.0 (the "License");
-- you may not use this file except in compliance with the License.
-- You may obtain a copy of the License at
--
--       http://www.apache.org/licenses/LICENSE-2.0
--
-- Unless required by applicable law or agreed to in writing, software
-- distributed under the License is distributed on an "AS IS" BASIS,
-- WITHOUT WARRANTIES OR CONDITIONS OF ANY KIND, either express or implied.
-- See the License for the specific language governing permissions and
-- limitations under the License.
--
-- SPDX-License-Identifier: Apache-2.0
-- ============LICENSE_END=========================================================
--

COPY ties_data."ManagedElement" (id, fdn) FROM stdin;
45EF31D8A1FD624D7276390A1215BFC3	SubNetwork=SolarSystem/SubNetwork=Earth/SubNetwork=Europe/SubNetwork=Hungary/ManagedElement=1
5BF1EECFD543243BE2C1BC52C7B484A0	SubNetwork=SolarSystem/SubNetwork=Earth/SubNetwork=Europe/SubNetwork=Hungary/ManagedElement=2
23616B5A7FC56C146E3799DD7CA3B0C3	SubNetwork=SolarSystem/SubNetwork=Earth/SubNetwork=Europe/SubNetwork=Hungary/ManagedElement=3
09ADB418B558918F8E858ECA77CAF22B	SubNetwork=SolarSystem/SubNetwork=Earth/SubNetwork=Europe/SubNetwork=Hungary/ManagedElement=4
5F404149FF9EDF096764B00CC8D052A3	SubNetwork=SolarSystem/SubNetwork=Earth/SubNetwork=Europe/SubNetwork=Hungary/ManagedElement=5
E1A1CA9D697DE4371C4014D587088498	SubNetwork=SolarSystem/SubNetwork=Earth/SubNetwork=Europe/SubNetwork=Hungary/ManagedElement=6
0DC59E39BAC5E54E5B646D346039C003	SubNetwork=SolarSystem/SubNetwork=Earth/SubNetwork=Europe/SubNetwork=Hungary/ManagedElement=7
E07B72DA5F4CD284C9A9EB5A6AE0D5AC	SubNetwork=SolarSystem/SubNetwork=Earth/SubNetwork=Europe/SubNetwork=Hungary/ManagedElement=8
DA1039E77700A9EEFFA280049ECE9227	SubNetwork=SolarSystem/SubNetwork=Earth/SubNetwork=Europe/SubNetwork=Hungary/ManagedElement=9
6F02817AFE4D53237DB235EBE5378613	SubNetwork=SolarSystem/SubNetwork=Earth/SubNetwork=Europe/SubNetwork=Hungary/ManagedElement=10
0181BB891A56BBD886771EBA3A69F19A	SubNetwork=SolarSystem/SubNetwork=Earth/SubNetwork=Europe/SubNetwork=Hungary/ManagedElement=11
1E113BF2E3ABD819E0FBC6C6128BEFE5	SubNetwork=SolarSystem/SubNetwork=Earth/SubNetwork=Europe/SubNetwork=Hungary/ManagedElement=12
27500EB447000209EE6E3CA1B31FBA92	SubNetwork=SolarSystem/SubNetwork=Earth/SubNetwork=Europe/SubNetwork=Hungary/ManagedElement=13
06222D277EE209CD8DCA1FE61CE752E6	SubNetwork=SolarSystem/SubNetwork=Earth/SubNetwork=Europe/SubNetwork=Hungary/ManagedElement=14
436C59D4065E5222414DAD697C8842D2	SubNetwork=SolarSystem/SubNetwork=Earth/SubNetwork=Europe/SubNetwork=Hungary/ManagedElement=15
DC86CA7724113F4C0DF42BFEAA17FD53	SubNetwork=SolarSystem/SubNetwork=Earth/SubNetwork=Europe/SubNetwork=Hungary/ManagedElement=16
1F0B4F7CEC39A09ADC16EB8D787978E6	SubNetwork=SolarSystem/SubNetwork=Earth/SubNetwork=Europe/SubNetwork=Hungary/ManagedElement=17
AEAFE291F1DE32DEFFF0073D297B7693	SubNetwork=SolarSystem/SubNetwork=Earth/SubNetwork=Europe/SubNetwork=Hungary/ManagedElement=18
8D51EFC759166044DACBCA63C4EDFC51	SubNetwork=SolarSystem/SubNetwork=Earth/SubNetwork=Europe/SubNetwork=Hungary/ManagedElement=19
5BCC1BC502B66423981F90A6EA8D157E	SubNetwork=SolarSystem/SubNetwork=Earth/SubNetwork=Europe/SubNetwork=Hungary/ManagedElement=20
87812D4D8A6E7AD11694CF6D4815B5C7	SubNetwork=SolarSystem/SubNetwork=Earth/SubNetwork=Europe/SubNetwork=Hungary/ManagedElement=21
577CA8F71FFC2FC3C39D93D0F28E47EC	SubNetwork=SolarSystem/SubNetwork=Earth/SubNetwork=Europe/SubNetwork=Hungary/ManagedElement=22
E87AF3DB09EE273C6F153AA00D4D1171	SubNetwork=SolarSystem/SubNetwork=Earth/SubNetwork=Europe/SubNetwork=Hungary/ManagedElement=23
A73755B1422176B1169546D884BD9FCC	SubNetwork=SolarSystem/SubNetwork=Earth/SubNetwork=Europe/SubNetwork=Hungary/ManagedElement=24
D76CCB4E654B2CF5D248196E9B9524AD	SubNetwork=SolarSystem/SubNetwork=Earth/SubNetwork=Europe/SubNetwork=Hungary/ManagedElement=25
E7CEF72CB78163D1B26B8B2A7A39757A	SubNetwork=SolarSystem/SubNetwork=Earth/SubNetwork=Europe/SubNetwork=Hungary/ManagedElement=26
E57C2A20E96A8C9E7099BAD60957B59A	SubNetwork=SolarSystem/SubNetwork=Earth/SubNetwork=Europe/SubNetwork=Hungary/ManagedElement=27
E64371CD4D12ED0CED200DD3A7591784	SubNetwork=SolarSystem/SubNetwork=Earth/SubNetwork=Europe/SubNetwork=Hungary/ManagedElement=28
\.

COPY ties_data."CloudSite" (id, "geo-location", name) FROM stdin;
82AD1C754500A0512FBB57A738F15DE9	POINT(59.4019881 17.9419888)	ORAN
D1E0DC52CF1A6A05C0B59A61A8217005	POINT(59.4019881 17.9419888)	ORAN
C09038081DDD8B353CB2BFF554542D6F	POINT(59.4019881 17.9419888)	ORAN
6B24CE7976414BBF5CC71D543F8AD0DD	POINT(59.4019881 17.9419888)	ORAN
27871D75A71FEDB483F45CBD138A1323	POINT(59.4019881 17.9419888)	ORAN
B2ED7B123B5733E2B03742988A64FD6B	POINT(59.4019881 17.9419888)	ORAN
B240FE61456BDA8398C49FD8B562541F	POINT(59.4019881 17.9419888)	ORAN
86353E518688D3CA4BB314BED0324003	POINT(59.4019881 17.9419888)	ORAN
16EE17AE89DF11B69E94B3F6827C2C0E	POINT(59.4019881 17.9419888)	ORAN
\.

COPY ties_data."NodeCluster" (id, name, "REL_NODECLUSTER_LOCATED_AT_CLOUDSITE_EIID", "REL_NODECLUSTER_LOCATED_AT_CLOUDSITE") FROM stdin;
3BFA0DD4B1C990F9E49FA4DB5C24FECD	Example NodeCluster/1	urn:base64:Tm9kZUNsdXN0ZXI6M0JGQTBERDRCMUM5OTBGOUU0OUZBNERCNUMyNEZFQ0Q6TE9DQVRFRF9BVDpDbG91ZFNpdGU6ODJBRDFDNzU0NTAwQTA1MTJGQkI1N0E3MzhGMTVERTk=	82AD1C754500A0512FBB57A738F15DE9
1C3FB0A56E3FFFFEAC5DE407715ADDE6	Example NodeCluster/2	urn:base64:Tm9kZUNsdXN0ZXI6MUMzRkIwQTU2RTNGRkZGRUFDNURFNDA3NzE1QURERTY6TE9DQVRFRF9BVDpDbG91ZFNpdGU6ODJBRDFDNzU0NTAwQTA1MTJGQkI1N0E3MzhGMTVERTk=	82AD1C754500A0512FBB57A738F15DE9
7FCF92B9827D67BF58138B16DBDC8249	Example NodeCluster/3	urn:base64:Tm9kZUNsdXN0ZXI6N0ZDRjkyQjk4MjdENjdCRjU4MTM4QjE2REJEQzgyNDk6TE9DQVRFRF9BVDpDbG91ZFNpdGU6ODJBRDFDNzU0NTAwQTA1MTJGQkI1N0E3MzhGMTVERTk=	82AD1C754500A0512FBB57A738F15DE9
F6C0D9E3B2FEA197951D542042665BFD	Example NodeCluster/4	urn:base64:Tm9kZUNsdXN0ZXI6RjZDMEQ5RTNCMkZFQTE5Nzk1MUQ1NDIwNDI2NjVCRkQ6TE9DQVRFRF9BVDpDbG91ZFNpdGU6ODJBRDFDNzU0NTAwQTA1MTJGQkI1N0E3MzhGMTVERTk=	82AD1C754500A0512FBB57A738F15DE9
0CA91F4FA7764AA056EA8F2F759A3305	Example NodeCluster/5	urn:base64:Tm9kZUNsdXN0ZXI6MENBOTFGNEZBNzc2NEFBMDU2RUE4RjJGNzU5QTMzMDU6TE9DQVRFRF9BVDpDbG91ZFNpdGU6ODJBRDFDNzU0NTAwQTA1MTJGQkI1N0E3MzhGMTVERTk=	82AD1C754500A0512FBB57A738F15DE9
B6E895E10C7F1D8EEAE6808C7FAEACF1	Example NodeCluster/6	urn:base64:Tm9kZUNsdXN0ZXI6QjZFODk1RTEwQzdGMUQ4RUVBRTY4MDhDN0ZBRUFDRjE6TE9DQVRFRF9BVDpDbG91ZFNpdGU6RDFFMERDNTJDRjFBNkEwNUMwQjU5QTYxQTgyMTcwMDU=	D1E0DC52CF1A6A05C0B59A61A8217005
2042FF5409C9FA615811F92B1F14149D	Example NodeCluster/7	urn:base64:Tm9kZUNsdXN0ZXI6MjA0MkZGNTQwOUM5RkE2MTU4MTFGOTJCMUYxNDE0OUQ6TE9DQVRFRF9BVDpDbG91ZFNpdGU6RDFFMERDNTJDRjFBNkEwNUMwQjU5QTYxQTgyMTcwMDU=	D1E0DC52CF1A6A05C0B59A61A8217005
E962ADB61C68FD1ACE07F83EA334F78D	Example NodeCluster/8	urn:base64:Tm9kZUNsdXN0ZXI6RTk2MkFEQjYxQzY4RkQxQUNFMDdGODNFQTMzNEY3OEQ6TE9DQVRFRF9BVDpDbG91ZFNpdGU6RDFFMERDNTJDRjFBNkEwNUMwQjU5QTYxQTgyMTcwMDU=	D1E0DC52CF1A6A05C0B59A61A8217005
8A697137B4C22CC4E695328CD65EBD8E	Example NodeCluster/9	urn:base64:Tm9kZUNsdXN0ZXI6OEE2OTcxMzdCNEMyMkNDNEU2OTUzMjhDRDY1RUJEOEU6TE9DQVRFRF9BVDpDbG91ZFNpdGU6RDFFMERDNTJDRjFBNkEwNUMwQjU5QTYxQTgyMTcwMDU=	D1E0DC52CF1A6A05C0B59A61A8217005
AA0464766269B073ABA3071C11ADA3F7	Example NodeCluster/10	urn:base64:Tm9kZUNsdXN0ZXI6QUEwNDY0NzY2MjY5QjA3M0FCQTMwNzFDMTFBREEzRjc6TE9DQVRFRF9BVDpDbG91ZFNpdGU6RDFFMERDNTJDRjFBNkEwNUMwQjU5QTYxQTgyMTcwMDU=	D1E0DC52CF1A6A05C0B59A61A8217005
2C4DB604B5B43CB9DF25FC16E38C1D2E	Example NodeCluster/11	urn:base64:Tm9kZUNsdXN0ZXI6MkM0REI2MDRCNUI0M0NCOURGMjVGQzE2RTM4QzFEMkU6TE9DQVRFRF9BVDpDbG91ZFNpdGU6QzA5MDM4MDgxREREOEIzNTNDQjJCRkY1NTQ1NDJENkY=	C09038081DDD8B353CB2BFF554542D6F
CB85F0EFBF093300F010C902394C46F8	Example NodeCluster/12	urn:base64:Tm9kZUNsdXN0ZXI6Q0I4NUYwRUZCRjA5MzMwMEYwMTBDOTAyMzk0QzQ2Rjg6TE9DQVRFRF9BVDpDbG91ZFNpdGU6QzA5MDM4MDgxREREOEIzNTNDQjJCRkY1NTQ1NDJENkY=	C09038081DDD8B353CB2BFF554542D6F
12807C5AD5CB31F393B7C68649F0EF84	Example NodeCluster/13	urn:base64:Tm9kZUNsdXN0ZXI6MTI4MDdDNUFENUNCMzFGMzkzQjdDNjg2NDlGMEVGODQ6TE9DQVRFRF9BVDpDbG91ZFNpdGU6QzA5MDM4MDgxREREOEIzNTNDQjJCRkY1NTQ1NDJENkY=	C09038081DDD8B353CB2BFF554542D6F
54EE0DE8C9D5E252D805255B0BF58E41	Example NodeCluster/14	urn:base64:Tm9kZUNsdXN0ZXI6NTRFRTBERThDOUQ1RTI1MkQ4MDUyNTVCMEJGNThFNDE6TE9DQVRFRF9BVDpDbG91ZFNpdGU6QzA5MDM4MDgxREREOEIzNTNDQjJCRkY1NTQ1NDJENkY=	C09038081DDD8B353CB2BFF554542D6F
7D2F0470FF10929C4B6D39DC6951DCB2	Example NodeCluster/15	urn:base64:Tm9kZUNsdXN0ZXI6N0QyRjA0NzBGRjEwOTI5QzRCNkQzOURDNjk1MURDQjI6TE9DQVRFRF9BVDpDbG91ZFNpdGU6QzA5MDM4MDgxREREOEIzNTNDQjJCRkY1NTQ1NDJENkY=	C09038081DDD8B353CB2BFF554542D6F
74636E2CF21AF96670DE0DBB5E2B90F1	Example NodeCluster/16	urn:base64:Tm9kZUNsdXN0ZXI6NzQ2MzZFMkNGMjFBRjk2NjcwREUwREJCNUUyQjkwRjE6TE9DQVRFRF9BVDpDbG91ZFNpdGU6NkIyNENFNzk3NjQxNEJCRjVDQzcxRDU0M0Y4QUQwREQ=	6B24CE7976414BBF5CC71D543F8AD0DD
8B12422C6BB2F246C612BE17E0058736	Example NodeCluster/17	urn:base64:Tm9kZUNsdXN0ZXI6OEIxMjQyMkM2QkIyRjI0NkM2MTJCRTE3RTAwNTg3MzY6TE9DQVRFRF9BVDpDbG91ZFNpdGU6NkIyNENFNzk3NjQxNEJCRjVDQzcxRDU0M0Y4QUQwREQ=	6B24CE7976414BBF5CC71D543F8AD0DD
991F7BF0D7D8DF69688B7350F7D9F2E1	Example NodeCluster/18	urn:base64:Tm9kZUNsdXN0ZXI6OTkxRjdCRjBEN0Q4REY2OTY4OEI3MzUwRjdEOUYyRTE6TE9DQVRFRF9BVDpDbG91ZFNpdGU6NkIyNENFNzk3NjQxNEJCRjVDQzcxRDU0M0Y4QUQwREQ=	6B24CE7976414BBF5CC71D543F8AD0DD
6573EA8ED582F620FAD70B281DC47478	Example NodeCluster/19	urn:base64:Tm9kZUNsdXN0ZXI6NjU3M0VBOEVENTgyRjYyMEZBRDcwQjI4MURDNDc0Nzg6TE9DQVRFRF9BVDpDbG91ZFNpdGU6NkIyNENFNzk3NjQxNEJCRjVDQzcxRDU0M0Y4QUQwREQ=	6B24CE7976414BBF5CC71D543F8AD0DD
552617FC00CF6ECA407ECCC723D3B243	Example NodeCluster/20	urn:base64:Tm9kZUNsdXN0ZXI6NTUyNjE3RkMwMENGNkVDQTQwN0VDQ0M3MjNEM0IyNDM6TE9DQVRFRF9BVDpDbG91ZFNpdGU6NkIyNENFNzk3NjQxNEJCRjVDQzcxRDU0M0Y4QUQwREQ=	6B24CE7976414BBF5CC71D543F8AD0DD
61DAD3343C482495F9CBF9A1EF2020EA	Example NodeCluster/21	urn:base64:Tm9kZUNsdXN0ZXI6NjFEQUQzMzQzQzQ4MjQ5NUY5Q0JGOUExRUYyMDIwRUE6TE9DQVRFRF9BVDpDbG91ZFNpdGU6Mjc4NzFENzVBNzFGRURCNDgzRjQ1Q0JEMTM4QTEzMjM=	27871D75A71FEDB483F45CBD138A1323
207070CCC4BA41259CB15A6B0BB6F4F4	Example NodeCluster/22	urn:base64:Tm9kZUNsdXN0ZXI6MjA3MDcwQ0NDNEJBNDEyNTlDQjE1QTZCMEJCNkY0RjQ6TE9DQVRFRF9BVDpDbG91ZFNpdGU6Mjc4NzFENzVBNzFGRURCNDgzRjQ1Q0JEMTM4QTEzMjM=	27871D75A71FEDB483F45CBD138A1323
5395111326D89044A150717321939D41	Example NodeCluster/23	urn:base64:Tm9kZUNsdXN0ZXI6NTM5NTExMTMyNkQ4OTA0NEExNTA3MTczMjE5MzlENDE6TE9DQVRFRF9BVDpDbG91ZFNpdGU6Mjc4NzFENzVBNzFGRURCNDgzRjQ1Q0JEMTM4QTEzMjM=	27871D75A71FEDB483F45CBD138A1323
084678E3BB0D6240078965404C74B6FF	Example NodeCluster/24	urn:base64:Tm9kZUNsdXN0ZXI6MDg0Njc4RTNCQjBENjI0MDA3ODk2NTQwNEM3NEI2RkY6TE9DQVRFRF9BVDpDbG91ZFNpdGU6Mjc4NzFENzVBNzFGRURCNDgzRjQ1Q0JEMTM4QTEzMjM=	27871D75A71FEDB483F45CBD138A1323
7244579FE2C5F8DDD4525AA6839917EA	Example NodeCluster/25	urn:base64:Tm9kZUNsdXN0ZXI6NzI0NDU3OUZFMkM1RjhEREQ0NTI1QUE2ODM5OTE3RUE6TE9DQVRFRF9BVDpDbG91ZFNpdGU6Mjc4NzFENzVBNzFGRURCNDgzRjQ1Q0JEMTM4QTEzMjM=	27871D75A71FEDB483F45CBD138A1323
CD5E53D1750F210853FA38EE343B434C	Example NodeCluster/26	urn:base64:Tm9kZUNsdXN0ZXI6Q0Q1RTUzRDE3NTBGMjEwODUzRkEzOEVFMzQzQjQzNEM6TE9DQVRFRF9BVDpDbG91ZFNpdGU6QjJFRDdCMTIzQjU3MzNFMkIwMzc0Mjk4OEE2NEZENkI=	B2ED7B123B5733E2B03742988A64FD6B
BB008AB249D485F90D558BEDFA7A6A29	Example NodeCluster/27	urn:base64:Tm9kZUNsdXN0ZXI6QkIwMDhBQjI0OUQ0ODVGOTBENTU4QkVERkE3QTZBMjk6TE9DQVRFRF9BVDpDbG91ZFNpdGU6QjJFRDdCMTIzQjU3MzNFMkIwMzc0Mjk4OEE2NEZENkI=	B2ED7B123B5733E2B03742988A64FD6B
9C83FE039C3D4B947150A8C7E50846E2	Example NodeCluster/28	urn:base64:Tm9kZUNsdXN0ZXI6OUM4M0ZFMDM5QzNENEI5NDcxNTBBOEM3RTUwODQ2RTI6TE9DQVRFRF9BVDpDbG91ZFNpdGU6QjJFRDdCMTIzQjU3MzNFMkIwMzc0Mjk4OEE2NEZENkI=	B2ED7B123B5733E2B03742988A64FD6B
180299E1533E0CB3B042512A96794E08	Example NodeCluster/29	urn:base64:Tm9kZUNsdXN0ZXI6MTgwMjk5RTE1MzNFMENCM0IwNDI1MTJBOTY3OTRFMDg6TE9DQVRFRF9BVDpDbG91ZFNpdGU6QjJFRDdCMTIzQjU3MzNFMkIwMzc0Mjk4OEE2NEZENkI=	B2ED7B123B5733E2B03742988A64FD6B
A69CE50897277B7DA8EF138A7F9D5FC9	Example NodeCluster/30	urn:base64:Tm9kZUNsdXN0ZXI6QTY5Q0U1MDg5NzI3N0I3REE4RUYxMzhBN0Y5RDVGQzk6TE9DQVRFRF9BVDpDbG91ZFNpdGU6QjJFRDdCMTIzQjU3MzNFMkIwMzc0Mjk4OEE2NEZENkI=	B2ED7B123B5733E2B03742988A64FD6B
38CE1C3DC2803C49DFDE0538CD645034	Example NodeCluster/31	urn:base64:Tm9kZUNsdXN0ZXI6MzhDRTFDM0RDMjgwM0M0OURGREUwNTM4Q0Q2NDUwMzQ6TE9DQVRFRF9BVDpDbG91ZFNpdGU6QjI0MEZFNjE0NTZCREE4Mzk4QzQ5RkQ4QjU2MjU0MUY=	B240FE61456BDA8398C49FD8B562541F
1AF73F476CA8B4E7AC219D8109121290	Example NodeCluster/32	urn:base64:Tm9kZUNsdXN0ZXI6MUFGNzNGNDc2Q0E4QjRFN0FDMjE5RDgxMDkxMjEyOTA6TE9DQVRFRF9BVDpDbG91ZFNpdGU6QjI0MEZFNjE0NTZCREE4Mzk4QzQ5RkQ4QjU2MjU0MUY=	B240FE61456BDA8398C49FD8B562541F
8D6BCDE855B4C31B5918FA7DFE26B34B	Example NodeCluster/33	urn:base64:Tm9kZUNsdXN0ZXI6OEQ2QkNERTg1NUI0QzMxQjU5MThGQTdERkUyNkIzNEI6TE9DQVRFRF9BVDpDbG91ZFNpdGU6QjI0MEZFNjE0NTZCREE4Mzk4QzQ5RkQ4QjU2MjU0MUY=	B240FE61456BDA8398C49FD8B562541F
78E1E5E47D1B07B9E4DC0FB6A73BC572	Example NodeCluster/34	urn:base64:Tm9kZUNsdXN0ZXI6NzhFMUU1RTQ3RDFCMDdCOUU0REMwRkI2QTczQkM1NzI6TE9DQVRFRF9BVDpDbG91ZFNpdGU6QjI0MEZFNjE0NTZCREE4Mzk4QzQ5RkQ4QjU2MjU0MUY=	B240FE61456BDA8398C49FD8B562541F
8C4711B835D99C1E3AA64259E4AA06A9	Example NodeCluster/35	urn:base64:Tm9kZUNsdXN0ZXI6OEM0NzExQjgzNUQ5OUMxRTNBQTY0MjU5RTRBQTA2QTk6TE9DQVRFRF9BVDpDbG91ZFNpdGU6QjI0MEZFNjE0NTZCREE4Mzk4QzQ5RkQ4QjU2MjU0MUY=	B240FE61456BDA8398C49FD8B562541F
6EA78A3CAC43487D90F36348CD9C2178	Example NodeCluster/36	urn:base64:Tm9kZUNsdXN0ZXI6NkVBNzhBM0NBQzQzNDg3RDkwRjM2MzQ4Q0Q5QzIxNzg6TE9DQVRFRF9BVDpDbG91ZFNpdGU6ODYzNTNFNTE4Njg4RDNDQTRCQjMxNEJFRDAzMjQwMDM=	86353E518688D3CA4BB314BED0324003
1EA071C4D492F58C098420D5B5893503	Example NodeCluster/37	urn:base64:Tm9kZUNsdXN0ZXI6MUVBMDcxQzRENDkyRjU4QzA5ODQyMEQ1QjU4OTM1MDM6TE9DQVRFRF9BVDpDbG91ZFNpdGU6ODYzNTNFNTE4Njg4RDNDQTRCQjMxNEJFRDAzMjQwMDM=	86353E518688D3CA4BB314BED0324003
A72AFCF80A62839E814834BEB2DF3340	Example NodeCluster/38	urn:base64:Tm9kZUNsdXN0ZXI6QTcyQUZDRjgwQTYyODM5RTgxNDgzNEJFQjJERjMzNDA6TE9DQVRFRF9BVDpDbG91ZFNpdGU6ODYzNTNFNTE4Njg4RDNDQTRCQjMxNEJFRDAzMjQwMDM=	86353E518688D3CA4BB314BED0324003
0E8B476E1A6445D91FC5C4BAB3A1B1AD	Example NodeCluster/39	urn:base64:Tm9kZUNsdXN0ZXI6MEU4QjQ3NkUxQTY0NDVEOTFGQzVDNEJBQjNBMUIxQUQ6TE9DQVRFRF9BVDpDbG91ZFNpdGU6ODYzNTNFNTE4Njg4RDNDQTRCQjMxNEJFRDAzMjQwMDM=	86353E518688D3CA4BB314BED0324003
41ED2035E0528C57D1BD4EA14B8E967A	Example NodeCluster/40	urn:base64:Tm9kZUNsdXN0ZXI6NDFFRDIwMzVFMDUyOEM1N0QxQkQ0RUExNEI4RTk2N0E6TE9DQVRFRF9BVDpDbG91ZFNpdGU6ODYzNTNFNTE4Njg4RDNDQTRCQjMxNEJFRDAzMjQwMDM=	86353E518688D3CA4BB314BED0324003
E5B6851160FD2CD82AC2192D4A52A19B	Example NodeCluster/41	urn:base64:Tm9kZUNsdXN0ZXI6RTVCNjg1MTE2MEZEMkNEODJBQzIxOTJENEE1MkExOUI6TE9DQVRFRF9BVDpDbG91ZFNpdGU6MTZFRTE3QUU4OURGMTFCNjlFOTRCM0Y2ODI3QzJDMEU=	16EE17AE89DF11B69E94B3F6827C2C0E
DB12707FF0A63962F755848557C4596B	Example NodeCluster/42	urn:base64:Tm9kZUNsdXN0ZXI6REIxMjcwN0ZGMEE2Mzk2MkY3NTU4NDg1NTdDNDU5NkI6TE9DQVRFRF9BVDpDbG91ZFNpdGU6MTZFRTE3QUU4OURGMTFCNjlFOTRCM0Y2ODI3QzJDMEU=	16EE17AE89DF11B69E94B3F6827C2C0E
5E2A9B569BE24D557067D21AE0849711	Example NodeCluster/43	urn:base64:Tm9kZUNsdXN0ZXI6NUUyQTlCNTY5QkUyNEQ1NTcwNjdEMjFBRTA4NDk3MTE6TE9DQVRFRF9BVDpDbG91ZFNpdGU6MTZFRTE3QUU4OURGMTFCNjlFOTRCM0Y2ODI3QzJDMEU=	16EE17AE89DF11B69E94B3F6827C2C0E
E6CA370A107FF270A70C74FCEE6684B4	Example NodeCluster/44	urn:base64:Tm9kZUNsdXN0ZXI6RTZDQTM3MEExMDdGRjI3MEE3MEM3NEZDRUU2Njg0QjQ6TE9DQVRFRF9BVDpDbG91ZFNpdGU6MTZFRTE3QUU4OURGMTFCNjlFOTRCM0Y2ODI3QzJDMEU=	16EE17AE89DF11B69E94B3F6827C2C0E
015C2DDBD7AC722B34ED6A20EDEEB9C3	Example NodeCluster/45	urn:base64:Tm9kZUNsdXN0ZXI6MDE1QzJEREJEN0FDNzIyQjM0RUQ2QTIwRURFRUI5QzM6TE9DQVRFRF9BVDpDbG91ZFNpdGU6MTZFRTE3QUU4OURGMTFCNjlFOTRCM0Y2ODI3QzJDMEU=	16EE17AE89DF11B69E94B3F6827C2C0E
\.

COPY ties_data."Namespace" (id, name, "REL_NAMESPACE_DEPLOYED_ON_NODECLUSTER_EIID", "REL_NAMESPACE_DEPLOYED_ON_NODECLUSTER") FROM stdin;
1C02E96B2AAE036C7AE404BC38C308E0	Example Namespace/1	urn:base64:TmFtZXNwYWNlOjFDMDJFOTZCMkFBRTAzNkM3QUU0MDRCQzM4QzMwOEUwOkRFUExPWUVEX09OOk5vZGVDbHVzdGVyOjNCRkEwREQ0QjFDOTkwRjlFNDlGQTREQjVDMjRGRUNE	3BFA0DD4B1C990F9E49FA4DB5C24FECD
D6793A463BCA7441E9B10877E4C128C4	Example Namespace/2	urn:base64:TmFtZXNwYWNlOkQ2NzkzQTQ2M0JDQTc0NDFFOUIxMDg3N0U0QzEyOEM0OkRFUExPWUVEX09OOk5vZGVDbHVzdGVyOjFDM0ZCMEE1NkUzRkZGRkVBQzVERTQwNzcxNUFEREU2	1C3FB0A56E3FFFFEAC5DE407715ADDE6
7B123B5DBDD7765C3CA7538D1560E719	Example Namespace/3	urn:base64:TmFtZXNwYWNlOjdCMTIzQjVEQkRENzc2NUMzQ0E3NTM4RDE1NjBFNzE5OkRFUExPWUVEX09OOk5vZGVDbHVzdGVyOjdGQ0Y5MkI5ODI3RDY3QkY1ODEzOEIxNkRCREM4MjQ5	7FCF92B9827D67BF58138B16DBDC8249
C54B31AF0763C1B0EFB566092E8AAF87	Example Namespace/4	urn:base64:TmFtZXNwYWNlOkM1NEIzMUFGMDc2M0MxQjBFRkI1NjYwOTJFOEFBRjg3OkRFUExPWUVEX09OOk5vZGVDbHVzdGVyOkY2QzBEOUUzQjJGRUExOTc5NTFENTQyMDQyNjY1QkZE	F6C0D9E3B2FEA197951D542042665BFD
E7F976985B600C2D3FDC03B081722302	Example Namespace/5	urn:base64:TmFtZXNwYWNlOkU3Rjk3Njk4NUI2MDBDMkQzRkRDMDNCMDgxNzIyMzAyOkRFUExPWUVEX09OOk5vZGVDbHVzdGVyOjBDQTkxRjRGQTc3NjRBQTA1NkVBOEYyRjc1OUEzMzA1	0CA91F4FA7764AA056EA8F2F759A3305
C301DBCF5A62CB67E0F62A2FB72344A2	Example Namespace/6	urn:base64:TmFtZXNwYWNlOkMzMDFEQkNGNUE2MkNCNjdFMEY2MkEyRkI3MjM0NEEyOkRFUExPWUVEX09OOk5vZGVDbHVzdGVyOkI2RTg5NUUxMEM3RjFEOEVFQUU2ODA4QzdGQUVBQ0Yx	B6E895E10C7F1D8EEAE6808C7FAEACF1
6FDE215C3AB39D58BB5A537A04AC2797	Example Namespace/7	urn:base64:TmFtZXNwYWNlOjZGREUyMTVDM0FCMzlENThCQjVBNTM3QTA0QUMyNzk3OkRFUExPWUVEX09OOk5vZGVDbHVzdGVyOjIwNDJGRjU0MDlDOUZBNjE1ODExRjkyQjFGMTQxNDlE	2042FF5409C9FA615811F92B1F14149D
A825CC3BC40369FDBA3EA0F5B80841FF	Example Namespace/8	urn:base64:TmFtZXNwYWNlOkE4MjVDQzNCQzQwMzY5RkRCQTNFQTBGNUI4MDg0MUZGOkRFUExPWUVEX09OOk5vZGVDbHVzdGVyOkU5NjJBREI2MUM2OEZEMUFDRTA3RjgzRUEzMzRGNzhE	E962ADB61C68FD1ACE07F83EA334F78D
BF54B16C14A151E2A5E1445BFD892314	Example Namespace/9	urn:base64:TmFtZXNwYWNlOkJGNTRCMTZDMTRBMTUxRTJBNUUxNDQ1QkZEODkyMzE0OkRFUExPWUVEX09OOk5vZGVDbHVzdGVyOjhBNjk3MTM3QjRDMjJDQzRFNjk1MzI4Q0Q2NUVCRDhF	8A697137B4C22CC4E695328CD65EBD8E
9496E75F7F81F8C530FEC4D26480EAE8	Example Namespace/10	urn:base64:TmFtZXNwYWNlOjk0OTZFNzVGN0Y4MUY4QzUzMEZFQzREMjY0ODBFQUU4OkRFUExPWUVEX09OOk5vZGVDbHVzdGVyOkFBMDQ2NDc2NjI2OUIwNzNBQkEzMDcxQzExQURBM0Y3	AA0464766269B073ABA3071C11ADA3F7
7356625DD5EA8B67E356404E47DBF16C	Example Namespace/11	urn:base64:TmFtZXNwYWNlOjczNTY2MjVERDVFQThCNjdFMzU2NDA0RTQ3REJGMTZDOkRFUExPWUVEX09OOk5vZGVDbHVzdGVyOjJDNERCNjA0QjVCNDNDQjlERjI1RkMxNkUzOEMxRDJF	2C4DB604B5B43CB9DF25FC16E38C1D2E
93EDFACF7A68994F570D179531475632	Example Namespace/12	urn:base64:TmFtZXNwYWNlOjkzRURGQUNGN0E2ODk5NEY1NzBEMTc5NTMxNDc1NjMyOkRFUExPWUVEX09OOk5vZGVDbHVzdGVyOkNCODVGMEVGQkYwOTMzMDBGMDEwQzkwMjM5NEM0NkY4	CB85F0EFBF093300F010C902394C46F8
D209029D9DE5877417CE68865DAEAD10	Example Namespace/13	urn:base64:TmFtZXNwYWNlOkQyMDkwMjlEOURFNTg3NzQxN0NFNjg4NjVEQUVBRDEwOkRFUExPWUVEX09OOk5vZGVDbHVzdGVyOjEyODA3QzVBRDVDQjMxRjM5M0I3QzY4NjQ5RjBFRjg0	12807C5AD5CB31F393B7C68649F0EF84
A2F83B34AC21F25ED7C36C791242DBAC	Example Namespace/14	urn:base64:TmFtZXNwYWNlOkEyRjgzQjM0QUMyMUYyNUVEN0MzNkM3OTEyNDJEQkFDOkRFUExPWUVEX09OOk5vZGVDbHVzdGVyOjU0RUUwREU4QzlENUUyNTJEODA1MjU1QjBCRjU4RTQx	54EE0DE8C9D5E252D805255B0BF58E41
BD45F5227967629FACAF93AEB32B7AAA	Example Namespace/15	urn:base64:TmFtZXNwYWNlOkJENDVGNTIyNzk2NzYyOUZBQ0FGOTNBRUIzMkI3QUFBOkRFUExPWUVEX09OOk5vZGVDbHVzdGVyOjdEMkYwNDcwRkYxMDkyOUM0QjZEMzlEQzY5NTFEQ0Iy	7D2F0470FF10929C4B6D39DC6951DCB2
77B84B77570AD583F3CF82DE06110D43	Example Namespace/16	urn:base64:TmFtZXNwYWNlOjc3Qjg0Qjc3NTcwQUQ1ODNGM0NGODJERTA2MTEwRDQzOkRFUExPWUVEX09OOk5vZGVDbHVzdGVyOjc0NjM2RTJDRjIxQUY5NjY3MERFMERCQjVFMkI5MEYx	74636E2CF21AF96670DE0DBB5E2B90F1
6CB8279BB6185B07910D3DCF733F835C	Example Namespace/17	urn:base64:TmFtZXNwYWNlOjZDQjgyNzlCQjYxODVCMDc5MTBEM0RDRjczM0Y4MzVDOkRFUExPWUVEX09OOk5vZGVDbHVzdGVyOjhCMTI0MjJDNkJCMkYyNDZDNjEyQkUxN0UwMDU4NzM2	8B12422C6BB2F246C612BE17E0058736
99FF8A4C85B4D5BE0C655823110E2E62	Example Namespace/18	urn:base64:TmFtZXNwYWNlOjk5RkY4QTRDODVCNEQ1QkUwQzY1NTgyMzExMEUyRTYyOkRFUExPWUVEX09OOk5vZGVDbHVzdGVyOjk5MUY3QkYwRDdEOERGNjk2ODhCNzM1MEY3RDlGMkUx	991F7BF0D7D8DF69688B7350F7D9F2E1
B6C983B1A9FF9182F5C5127CF54E439A	Example Namespace/19	urn:base64:TmFtZXNwYWNlOkI2Qzk4M0IxQTlGRjkxODJGNUM1MTI3Q0Y1NEU0MzlBOkRFUExPWUVEX09OOk5vZGVDbHVzdGVyOjY1NzNFQThFRDU4MkY2MjBGQUQ3MEIyODFEQzQ3NDc4	6573EA8ED582F620FAD70B281DC47478
68B28BB43280552647D1E5D6AA24F311	Example Namespace/20	urn:base64:TmFtZXNwYWNlOjY4QjI4QkI0MzI4MDU1MjY0N0QxRTVENkFBMjRGMzExOkRFUExPWUVEX09OOk5vZGVDbHVzdGVyOjU1MjYxN0ZDMDBDRjZFQ0E0MDdFQ0NDNzIzRDNCMjQz	552617FC00CF6ECA407ECCC723D3B243
237CF729D2AB78689BE74C573AB2B5B8	Example Namespace/21	urn:base64:TmFtZXNwYWNlOjIzN0NGNzI5RDJBQjc4Njg5QkU3NEM1NzNBQjJCNUI4OkRFUExPWUVEX09OOk5vZGVDbHVzdGVyOjYxREFEMzM0M0M0ODI0OTVGOUNCRjlBMUVGMjAyMEVB	61DAD3343C482495F9CBF9A1EF2020EA
3CEDADD22281B7EDA5409BE8480BFAF8	Example Namespace/22	urn:base64:TmFtZXNwYWNlOjNDRURBREQyMjI4MUI3RURBNTQwOUJFODQ4MEJGQUY4OkRFUExPWUVEX09OOk5vZGVDbHVzdGVyOjIwNzA3MENDQzRCQTQxMjU5Q0IxNUE2QjBCQjZGNEY0	207070CCC4BA41259CB15A6B0BB6F4F4
10EE338B3F5FB2BC8F6F0DCD36EA3636	Example Namespace/23	urn:base64:TmFtZXNwYWNlOjEwRUUzMzhCM0Y1RkIyQkM4RjZGMERDRDM2RUEzNjM2OkRFUExPWUVEX09OOk5vZGVDbHVzdGVyOjUzOTUxMTEzMjZEODkwNDRBMTUwNzE3MzIxOTM5RDQx	5395111326D89044A150717321939D41
3AF02CA25A9ABB1D9069CD55609D70CD	Example Namespace/24	urn:base64:TmFtZXNwYWNlOjNBRjAyQ0EyNUE5QUJCMUQ5MDY5Q0Q1NTYwOUQ3MENEOkRFUExPWUVEX09OOk5vZGVDbHVzdGVyOjA4NDY3OEUzQkIwRDYyNDAwNzg5NjU0MDRDNzRCNkZG	084678E3BB0D6240078965404C74B6FF
463096647F96E6715E66B77C861E7228	Example Namespace/25	urn:base64:TmFtZXNwYWNlOjQ2MzA5NjY0N0Y5NkU2NzE1RTY2Qjc3Qzg2MUU3MjI4OkRFUExPWUVEX09OOk5vZGVDbHVzdGVyOjcyNDQ1NzlGRTJDNUY4RERENDUyNUFBNjgzOTkxN0VB	7244579FE2C5F8DDD4525AA6839917EA
89B40DF9B82BA836BB124B3031A0DEE7	Example Namespace/26	urn:base64:TmFtZXNwYWNlOjg5QjQwREY5QjgyQkE4MzZCQjEyNEIzMDMxQTBERUU3OkRFUExPWUVEX09OOk5vZGVDbHVzdGVyOkNENUU1M0QxNzUwRjIxMDg1M0ZBMzhFRTM0M0I0MzRD	CD5E53D1750F210853FA38EE343B434C
B9DB1B8A51399D227D92CCF8D25D9ED8	Example Namespace/27	urn:base64:TmFtZXNwYWNlOkI5REIxQjhBNTEzOTlEMjI3RDkyQ0NGOEQyNUQ5RUQ4OkRFUExPWUVEX09OOk5vZGVDbHVzdGVyOkJCMDA4QUIyNDlENDg1RjkwRDU1OEJFREZBN0E2QTI5	BB008AB249D485F90D558BEDFA7A6A29
ABDE267D2832D00BD5B6F809A3F9AAD1	Example Namespace/28	urn:base64:TmFtZXNwYWNlOkFCREUyNjdEMjgzMkQwMEJENUI2RjgwOUEzRjlBQUQxOkRFUExPWUVEX09OOk5vZGVDbHVzdGVyOjlDODNGRTAzOUMzRDRCOTQ3MTUwQThDN0U1MDg0NkUy	9C83FE039C3D4B947150A8C7E50846E2
C0EA0E88845F50E0E10E321C5AE00F0D	Example Namespace/29	urn:base64:TmFtZXNwYWNlOkMwRUEwRTg4ODQ1RjUwRTBFMTBFMzIxQzVBRTAwRjBEOkRFUExPWUVEX09OOk5vZGVDbHVzdGVyOjE4MDI5OUUxNTMzRTBDQjNCMDQyNTEyQTk2Nzk0RTA4	180299E1533E0CB3B042512A96794E08
E6B77CA230DEBFCB876A03109D1819A5	Example Namespace/30	urn:base64:TmFtZXNwYWNlOkU2Qjc3Q0EyMzBERUJGQ0I4NzZBMDMxMDlEMTgxOUE1OkRFUExPWUVEX09OOk5vZGVDbHVzdGVyOkE2OUNFNTA4OTcyNzdCN0RBOEVGMTM4QTdGOUQ1RkM5	A69CE50897277B7DA8EF138A7F9D5FC9
67FCEBFEB15DA38E662EA79B31BC2CD5	Example Namespace/31	urn:base64:TmFtZXNwYWNlOjY3RkNFQkZFQjE1REEzOEU2NjJFQTc5QjMxQkMyQ0Q1OkRFUExPWUVEX09OOk5vZGVDbHVzdGVyOjM4Q0UxQzNEQzI4MDNDNDlERkRFMDUzOENENjQ1MDM0	38CE1C3DC2803C49DFDE0538CD645034
0984650B561EF9BE8FEE1B33EDB7189E	Example Namespace/32	urn:base64:TmFtZXNwYWNlOjA5ODQ2NTBCNTYxRUY5QkU4RkVFMUIzM0VEQjcxODlFOkRFUExPWUVEX09OOk5vZGVDbHVzdGVyOjFBRjczRjQ3NkNBOEI0RTdBQzIxOUQ4MTA5MTIxMjkw	1AF73F476CA8B4E7AC219D8109121290
E359C47090CB00D507049AD6BB3FDE97	Example Namespace/33	urn:base64:TmFtZXNwYWNlOkUzNTlDNDcwOTBDQjAwRDUwNzA0OUFENkJCM0ZERTk3OkRFUExPWUVEX09OOk5vZGVDbHVzdGVyOjhENkJDREU4NTVCNEMzMUI1OTE4RkE3REZFMjZCMzRC	8D6BCDE855B4C31B5918FA7DFE26B34B
24940564BAA7F334DB11E6E3DAAD755F	Example Namespace/34	urn:base64:TmFtZXNwYWNlOjI0OTQwNTY0QkFBN0YzMzREQjExRTZFM0RBQUQ3NTVGOkRFUExPWUVEX09OOk5vZGVDbHVzdGVyOjc4RTFFNUU0N0QxQjA3QjlFNERDMEZCNkE3M0JDNTcy	78E1E5E47D1B07B9E4DC0FB6A73BC572
DD195B66C11B125675CD5EA66322C7CF	Example Namespace/35	urn:base64:TmFtZXNwYWNlOkREMTk1QjY2QzExQjEyNTY3NUNENUVBNjYzMjJDN0NGOkRFUExPWUVEX09OOk5vZGVDbHVzdGVyOjhDNDcxMUI4MzVEOTlDMUUzQUE2NDI1OUU0QUEwNkE5	8C4711B835D99C1E3AA64259E4AA06A9
2EE8638B774A12E7916E5093ABCB6CCB	Example Namespace/36	urn:base64:TmFtZXNwYWNlOjJFRTg2MzhCNzc0QTEyRTc5MTZFNTA5M0FCQ0I2Q0NCOkRFUExPWUVEX09OOk5vZGVDbHVzdGVyOjZFQTc4QTNDQUM0MzQ4N0Q5MEYzNjM0OENEOUMyMTc4	6EA78A3CAC43487D90F36348CD9C2178
09987E806682D5962E54216F9E34639A	Example Namespace/37	urn:base64:TmFtZXNwYWNlOjA5OTg3RTgwNjY4MkQ1OTYyRTU0MjE2RjlFMzQ2MzlBOkRFUExPWUVEX09OOk5vZGVDbHVzdGVyOjFFQTA3MUM0RDQ5MkY1OEMwOTg0MjBENUI1ODkzNTAz	1EA071C4D492F58C098420D5B5893503
5144ADDAA56F7167E163213D4DF3AFB7	Example Namespace/38	urn:base64:TmFtZXNwYWNlOjUxNDRBRERBQTU2RjcxNjdFMTYzMjEzRDRERjNBRkI3OkRFUExPWUVEX09OOk5vZGVDbHVzdGVyOkE3MkFGQ0Y4MEE2MjgzOUU4MTQ4MzRCRUIyREYzMzQw	A72AFCF80A62839E814834BEB2DF3340
EA83F8E7D1A61B9532686F560FD8052B	Example Namespace/39	urn:base64:TmFtZXNwYWNlOkVBODNGOEU3RDFBNjFCOTUzMjY4NkY1NjBGRDgwNTJCOkRFUExPWUVEX09OOk5vZGVDbHVzdGVyOjBFOEI0NzZFMUE2NDQ1RDkxRkM1QzRCQUIzQTFCMUFE	0E8B476E1A6445D91FC5C4BAB3A1B1AD
970E5C8E5AED1F50439AA40CBD2929BA	Example Namespace/40	urn:base64:TmFtZXNwYWNlOjk3MEU1QzhFNUFFRDFGNTA0MzlBQTQwQ0JEMjkyOUJBOkRFUExPWUVEX09OOk5vZGVDbHVzdGVyOjQxRUQyMDM1RTA1MjhDNTdEMUJENEVBMTRCOEU5NjdB	41ED2035E0528C57D1BD4EA14B8E967A
18A8EE78E6D774FE7A1D7E86A35436D4	Example Namespace/41	urn:base64:TmFtZXNwYWNlOjE4QThFRTc4RTZENzc0RkU3QTFEN0U4NkEzNTQzNkQ0OkRFUExPWUVEX09OOk5vZGVDbHVzdGVyOkU1QjY4NTExNjBGRDJDRDgyQUMyMTkyRDRBNTJBMTlC	E5B6851160FD2CD82AC2192D4A52A19B
316C81D156DE5326C6C56B4399328391	Example Namespace/42	urn:base64:TmFtZXNwYWNlOjMxNkM4MUQxNTZERTUzMjZDNkM1NkI0Mzk5MzI4MzkxOkRFUExPWUVEX09OOk5vZGVDbHVzdGVyOkRCMTI3MDdGRjBBNjM5NjJGNzU1ODQ4NTU3QzQ1OTZC	DB12707FF0A63962F755848557C4596B
9A74548A7CA0BA0973B994DBE28D5A17	Example Namespace/43	urn:base64:TmFtZXNwYWNlOjlBNzQ1NDhBN0NBMEJBMDk3M0I5OTREQkUyOEQ1QTE3OkRFUExPWUVEX09OOk5vZGVDbHVzdGVyOjVFMkE5QjU2OUJFMjRENTU3MDY3RDIxQUUwODQ5NzEx	5E2A9B569BE24D557067D21AE0849711
60AAC83B3405AED74F6451CC769293DF	Example Namespace/44	urn:base64:TmFtZXNwYWNlOjYwQUFDODNCMzQwNUFFRDc0RjY0NTFDQzc2OTI5M0RGOkRFUExPWUVEX09OOk5vZGVDbHVzdGVyOkU2Q0EzNzBBMTA3RkYyNzBBNzBDNzRGQ0VFNjY4NEI0	E6CA370A107FF270A70C74FCEE6684B4
63E484676DB1A4FFA9E3386F3B7D95B6	Example Namespace/45	urn:base64:TmFtZXNwYWNlOjYzRTQ4NDY3NkRCMUE0RkZBOUUzMzg2RjNCN0Q5NUI2OkRFUExPWUVEX09OOk5vZGVDbHVzdGVyOjAxNUMyRERCRDdBQzcyMkIzNEVENkEyMEVERUVCOUMz	015C2DDBD7AC722B34ED6A20EDEEB9C3
\.

COPY ties_data."CloudNativeSystem" (id, name, "REL_MANAGEDELEMENT_DEPLOYED_AS_CLOUDNATIVESYSTEM", "REL_MANAGEDELEMENT_DEPLOYED_AS_CLOUDNATIVESYSTEM_EIID") FROM stdin;
C4E311A55666726FD9FE25CA572AFAF9	Example Cloud Native System/1	45EF31D8A1FD624D7276390A1215BFC3	urn:base64:TWFuYWdlZEVsZW1lbnQ6NDVFRjMxRDhBMUZENjI0RDcyNzYzOTBBMTIxNUJGQzM6REVQTE9ZRURfQVM6Q2xvdWROYXRpdmVTeXN0ZW06QzRFMzExQTU1NjY2NzI2RkQ5RkUyNUNBNTcyQUZBRjk=
C79051FEBCA3BDB0B8D121931E443BD4	Example Cloud Native System/2	5BF1EECFD543243BE2C1BC52C7B484A0	urn:base64:TWFuYWdlZEVsZW1lbnQ6NUJGMUVFQ0ZENTQzMjQzQkUyQzFCQzUyQzdCNDg0QTA6REVQTE9ZRURfQVM6Q2xvdWROYXRpdmVTeXN0ZW06Qzc5MDUxRkVCQ0EzQkRCMEI4RDEyMTkzMUU0NDNCRDQ=
35FB71EBDD4D242270CC8C6A806BE701	Example Cloud Native System/3	23616B5A7FC56C146E3799DD7CA3B0C3	urn:base64:TWFuYWdlZEVsZW1lbnQ6MjM2MTZCNUE3RkM1NkMxNDZFMzc5OUREN0NBM0IwQzM6REVQTE9ZRURfQVM6Q2xvdWROYXRpdmVTeXN0ZW06MzVGQjcxRUJERDREMjQyMjcwQ0M4QzZBODA2QkU3MDE=
F5CE6D5CE4918294F900930501ED5390	Example Cloud Native System/4	09ADB418B558918F8E858ECA77CAF22B	urn:base64:TWFuYWdlZEVsZW1lbnQ6MDlBREI0MThCNTU4OTE4RjhFODU4RUNBNzdDQUYyMkI6REVQTE9ZRURfQVM6Q2xvdWROYXRpdmVTeXN0ZW06RjVDRTZENUNFNDkxODI5NEY5MDA5MzA1MDFFRDUzOTA=
97DCC126365008869DFEB7EE6E0F5C1B	Example Cloud Native System/5	5F404149FF9EDF096764B00CC8D052A3	urn:base64:TWFuYWdlZEVsZW1lbnQ6NUY0MDQxNDlGRjlFREYwOTY3NjRCMDBDQzhEMDUyQTM6REVQTE9ZRURfQVM6Q2xvdWROYXRpdmVTeXN0ZW06OTdEQ0MxMjYzNjUwMDg4NjlERkVCN0VFNkUwRjVDMUI=
201071BD2CED5D5E37E5C8AD9BDCC211	Example Cloud Native System/6	E1A1CA9D697DE4371C4014D587088498	urn:base64:TWFuYWdlZEVsZW1lbnQ6RTFBMUNBOUQ2OTdERTQzNzFDNDAxNEQ1ODcwODg0OTg6REVQTE9ZRURfQVM6Q2xvdWROYXRpdmVTeXN0ZW06MjAxMDcxQkQyQ0VENUQ1RTM3RTVDOEFEOUJEQ0MyMTE=
9B3DF0A93139581F46AD73129E4AA545	Example Cloud Native System/7	0DC59E39BAC5E54E5B646D346039C003	urn:base64:TWFuYWdlZEVsZW1lbnQ6MERDNTlFMzlCQUM1RTU0RTVCNjQ2RDM0NjAzOUMwMDM6REVQTE9ZRURfQVM6Q2xvdWROYXRpdmVTeXN0ZW06OUIzREYwQTkzMTM5NTgxRjQ2QUQ3MzEyOUU0QUE1NDU=
372D4EF30659770D7600CF5E37A26320	Example Cloud Native System/8	E07B72DA5F4CD284C9A9EB5A6AE0D5AC	urn:base64:TWFuYWdlZEVsZW1lbnQ6RTA3QjcyREE1RjRDRDI4NEM5QTlFQjVBNkFFMEQ1QUM6REVQTE9ZRURfQVM6Q2xvdWROYXRpdmVTeXN0ZW06MzcyRDRFRjMwNjU5NzcwRDc2MDBDRjVFMzdBMjYzMjA=
\.

COPY ties_data."CloudNativeApplication" (id, name, "REL_CLOUDNATIVESYSTEM_COMPRISES_CLOUDNATIVEAPPLICATION_EIID", "REL_CLOUDNATIVEAPPLICATION_DEPLOYED_ON_NAMESPACE_EIID", "REL_MANAGEDELEMENT_REALISED_BY_CLOUDNATIVEAPPLICATION", "REL_MANAGEDELEMENT_REALISED_BY_CLOUDNATIVEAPPLICATION_EIID", "REL_CLOUDNATIVESYSTEM_COMPRISES_CLOUDNATIVEAPPLICATION", "REL_CLOUDNATIVEAPPLICATION_DEPLOYED_ON_NAMESPACE") FROM stdin;
3256120E73ADD4026A43A971DCE5C151	Cloud Native CUCPApp/1	urn:base64:Q2xvdWROYXRpdmVTeXN0ZW06QzRFMzExQTU1NjY2NzI2RkQ5RkUyNUNBNTcyQUZBRjk6Q09NUFJJU0VTOkNsb3VkTmF0aXZlQXBwbGljYXRpb246MzI1NjEyMEU3M0FERDQwMjZBNDNBOTcxRENFNUMxNTE=	\N	\N	\N	C4E311A55666726FD9FE25CA572AFAF9	\N
EE2D4ADA10FF687FF6A865CC9E56A436	Cloud Native CUUPApp/2	urn:base64:Q2xvdWROYXRpdmVTeXN0ZW06Qzc5MDUxRkVCQ0EzQkRCMEI4RDEyMTkzMUU0NDNCRDQ6Q09NUFJJU0VTOkNsb3VkTmF0aXZlQXBwbGljYXRpb246RUUyRDRBREExMEZGNjg3RkY2QTg2NUNDOUU1NkE0MzY=	\N	\N	\N	C79051FEBCA3BDB0B8D121931E443BD4	\N
C4E28932357FA0076CA96CF7FF2C51BD	Cloud Native CUUPApp/3	urn:base64:Q2xvdWROYXRpdmVTeXN0ZW06MzVGQjcxRUJERDREMjQyMjcwQ0M4QzZBODA2QkU3MDE6Q09NUFJJU0VTOkNsb3VkTmF0aXZlQXBwbGljYXRpb246QzRFMjg5MzIzNTdGQTAwNzZDQTk2Q0Y3RkYyQzUxQkQ=	\N	\N	\N	35FB71EBDD4D242270CC8C6A806BE701	\N
41234DBD3CCEC010E2E9258527229950	Cloud Native CUUPApp/4	urn:base64:Q2xvdWROYXRpdmVTeXN0ZW06RjVDRTZENUNFNDkxODI5NEY5MDA5MzA1MDFFRDUzOTA6Q09NUFJJU0VTOkNsb3VkTmF0aXZlQXBwbGljYXRpb246NDEyMzREQkQzQ0NFQzAxMEUyRTkyNTg1MjcyMjk5NTA=	\N	\N	\N	F5CE6D5CE4918294F900930501ED5390	\N
E5E8A11419E09966604C14FDE5E09DF5	Cloud Native CUUPApp/5	urn:base64:Q2xvdWROYXRpdmVTeXN0ZW06OTdEQ0MxMjYzNjUwMDg4NjlERkVCN0VFNkUwRjVDMUI6Q09NUFJJU0VTOkNsb3VkTmF0aXZlQXBwbGljYXRpb246RTVFOEExMTQxOUUwOTk2NjYwNEMxNEZERTVFMDlERjU=	\N	\N	\N	97DCC126365008869DFEB7EE6E0F5C1B	\N
398DD19A5FD902C981E4D59F44E27F07	Cloud Native CUUPApp/6	urn:base64:Q2xvdWROYXRpdmVTeXN0ZW06MjAxMDcxQkQyQ0VENUQ1RTM3RTVDOEFEOUJEQ0MyMTE6Q09NUFJJU0VTOkNsb3VkTmF0aXZlQXBwbGljYXRpb246Mzk4REQxOUE1RkQ5MDJDOTgxRTRENTlGNDRFMjdGMDc=	\N	\N	\N	201071BD2CED5D5E37E5C8AD9BDCC211	\N
9800D81C743BF4246FEB95063D6B0F6B	Cloud Native CUUPApp/7	urn:base64:Q2xvdWROYXRpdmVTeXN0ZW06OUIzREYwQTkzMTM5NTgxRjQ2QUQ3MzEyOUU0QUE1NDU6Q09NUFJJU0VTOkNsb3VkTmF0aXZlQXBwbGljYXRpb246OTgwMEQ4MUM3NDNCRjQyNDZGRUI5NTA2M0Q2QjBGNkI=	\N	\N	\N	9B3DF0A93139581F46AD73129E4AA545	\N
AD42D90497E93D276215DF6D3B899E17	Cloud Native CUUPApp/8	urn:base64:Q2xvdWROYXRpdmVTeXN0ZW06MzcyRDRFRjMwNjU5NzcwRDc2MDBDRjVFMzdBMjYzMjA6Q09NUFJJU0VTOkNsb3VkTmF0aXZlQXBwbGljYXRpb246QUQ0MkQ5MDQ5N0U5M0QyNzYyMTVERjZEM0I4OTlFMTc=	\N	\N	\N	372D4EF30659770D7600CF5E37A26320	\N
719BD5C7CD8A939D76A83DA95DA45C01	Example Cloud App/9	\N	urn:base64:Q2xvdWROYXRpdmVBcHBsaWNhdGlvbjo3MTlCRDVDN0NEOEE5MzlENzZBODNEQTk1REE0NUMwMTpERVBMT1lFRF9PTjpOYW1lc3BhY2U6MUMwMkU5NkIyQUFFMDM2QzdBRTQwNEJDMzhDMzA4RTA=	DA1039E77700A9EEFFA280049ECE9227	urn:base64:TWFuYWdlZEVsZW1lbnQ6REExMDM5RTc3NzAwQTlFRUZGQTI4MDA0OUVDRTkyMjc6UkVBTElTRURfQlk6Q2xvdWROYXRpdmVBcHBsaWNhdGlvbjo3MTlCRDVDN0NEOEE5MzlENzZBODNEQTk1REE0NUMwMQ==	\N	1C02E96B2AAE036C7AE404BC38C308E0
416F31E6EB09055326621F4919D35BFF	Example Cloud App/10	\N	urn:base64:Q2xvdWROYXRpdmVBcHBsaWNhdGlvbjo0MTZGMzFFNkVCMDkwNTUzMjY2MjFGNDkxOUQzNUJGRjpERVBMT1lFRF9PTjpOYW1lc3BhY2U6RDY3OTNBNDYzQkNBNzQ0MUU5QjEwODc3RTRDMTI4QzQ=	6F02817AFE4D53237DB235EBE5378613	urn:base64:TWFuYWdlZEVsZW1lbnQ6NkYwMjgxN0FGRTRENTMyMzdEQjIzNUVCRTUzNzg2MTM6UkVBTElTRURfQlk6Q2xvdWROYXRpdmVBcHBsaWNhdGlvbjo0MTZGMzFFNkVCMDkwNTUzMjY2MjFGNDkxOUQzNUJGRg==	\N	D6793A463BCA7441E9B10877E4C128C4
072549B6F55210EA967D66FB38DF4D02	Example Cloud App/11	\N	urn:base64:Q2xvdWROYXRpdmVBcHBsaWNhdGlvbjowNzI1NDlCNkY1NTIxMEVBOTY3RDY2RkIzOERGNEQwMjpERVBMT1lFRF9PTjpOYW1lc3BhY2U6N0IxMjNCNURCREQ3NzY1QzNDQTc1MzhEMTU2MEU3MTk=	0181BB891A56BBD886771EBA3A69F19A	urn:base64:TWFuYWdlZEVsZW1lbnQ6MDE4MUJCODkxQTU2QkJEODg2NzcxRUJBM0E2OUYxOUE6UkVBTElTRURfQlk6Q2xvdWROYXRpdmVBcHBsaWNhdGlvbjowNzI1NDlCNkY1NTIxMEVBOTY3RDY2RkIzOERGNEQwMg==	\N	7B123B5DBDD7765C3CA7538D1560E719
60E685C53F4A1D700AA12499B8513700	Example Cloud App/12	\N	urn:base64:Q2xvdWROYXRpdmVBcHBsaWNhdGlvbjo2MEU2ODVDNTNGNEExRDcwMEFBMTI0OTlCODUxMzcwMDpERVBMT1lFRF9PTjpOYW1lc3BhY2U6QzU0QjMxQUYwNzYzQzFCMEVGQjU2NjA5MkU4QUFGODc=	1E113BF2E3ABD819E0FBC6C6128BEFE5	urn:base64:TWFuYWdlZEVsZW1lbnQ6MUUxMTNCRjJFM0FCRDgxOUUwRkJDNkM2MTI4QkVGRTU6UkVBTElTRURfQlk6Q2xvdWROYXRpdmVBcHBsaWNhdGlvbjo2MEU2ODVDNTNGNEExRDcwMEFBMTI0OTlCODUxMzcwMA==	\N	C54B31AF0763C1B0EFB566092E8AAF87
D80E092432EA673E6D26F833FD456DAB	Example Cloud App/13	\N	urn:base64:Q2xvdWROYXRpdmVBcHBsaWNhdGlvbjpEODBFMDkyNDMyRUE2NzNFNkQyNkY4MzNGRDQ1NkRBQjpERVBMT1lFRF9PTjpOYW1lc3BhY2U6RTdGOTc2OTg1QjYwMEMyRDNGREMwM0IwODE3MjIzMDI=	27500EB447000209EE6E3CA1B31FBA92	urn:base64:TWFuYWdlZEVsZW1lbnQ6Mjc1MDBFQjQ0NzAwMDIwOUVFNkUzQ0ExQjMxRkJBOTI6UkVBTElTRURfQlk6Q2xvdWROYXRpdmVBcHBsaWNhdGlvbjpEODBFMDkyNDMyRUE2NzNFNkQyNkY4MzNGRDQ1NkRBQg==	\N	E7F976985B600C2D3FDC03B081722302
3F2580E9F469F9A3CD97B9FCF6CF4FB7	Example Cloud App/14	\N	urn:base64:Q2xvdWROYXRpdmVBcHBsaWNhdGlvbjozRjI1ODBFOUY0NjlGOUEzQ0Q5N0I5RkNGNkNGNEZCNzpERVBMT1lFRF9PTjpOYW1lc3BhY2U6QzMwMURCQ0Y1QTYyQ0I2N0UwRjYyQTJGQjcyMzQ0QTI=	06222D277EE209CD8DCA1FE61CE752E6	urn:base64:TWFuYWdlZEVsZW1lbnQ6MDYyMjJEMjc3RUUyMDlDRDhEQ0ExRkU2MUNFNzUyRTY6UkVBTElTRURfQlk6Q2xvdWROYXRpdmVBcHBsaWNhdGlvbjozRjI1ODBFOUY0NjlGOUEzQ0Q5N0I5RkNGNkNGNEZCNw==	\N	C301DBCF5A62CB67E0F62A2FB72344A2
0DBDAF357A69C373FC2A98B68485DDE3	Example Cloud App/15	\N	urn:base64:Q2xvdWROYXRpdmVBcHBsaWNhdGlvbjowREJEQUYzNTdBNjlDMzczRkMyQTk4QjY4NDg1RERFMzpERVBMT1lFRF9PTjpOYW1lc3BhY2U6NkZERTIxNUMzQUIzOUQ1OEJCNUE1MzdBMDRBQzI3OTc=	436C59D4065E5222414DAD697C8842D2	urn:base64:TWFuYWdlZEVsZW1lbnQ6NDM2QzU5RDQwNjVFNTIyMjQxNERBRDY5N0M4ODQyRDI6UkVBTElTRURfQlk6Q2xvdWROYXRpdmVBcHBsaWNhdGlvbjowREJEQUYzNTdBNjlDMzczRkMyQTk4QjY4NDg1RERFMw==	\N	6FDE215C3AB39D58BB5A537A04AC2797
E128C30D7E2ADB7DEF904CE7E936A586	Example Cloud App/16	\N	urn:base64:Q2xvdWROYXRpdmVBcHBsaWNhdGlvbjpFMTI4QzMwRDdFMkFEQjdERUY5MDRDRTdFOTM2QTU4NjpERVBMT1lFRF9PTjpOYW1lc3BhY2U6QTgyNUNDM0JDNDAzNjlGREJBM0VBMEY1QjgwODQxRkY=	DC86CA7724113F4C0DF42BFEAA17FD53	urn:base64:TWFuYWdlZEVsZW1lbnQ6REM4NkNBNzcyNDExM0Y0QzBERjQyQkZFQUExN0ZENTM6UkVBTElTRURfQlk6Q2xvdWROYXRpdmVBcHBsaWNhdGlvbjpFMTI4QzMwRDdFMkFEQjdERUY5MDRDRTdFOTM2QTU4Ng==	\N	A825CC3BC40369FDBA3EA0F5B80841FF
6B655971564C02F1FB7E5D7E84F9DDAF	Example Cloud App/17	\N	urn:base64:Q2xvdWROYXRpdmVBcHBsaWNhdGlvbjo2QjY1NTk3MTU2NEMwMkYxRkI3RTVEN0U4NEY5RERBRjpERVBMT1lFRF9PTjpOYW1lc3BhY2U6QkY1NEIxNkMxNEExNTFFMkE1RTE0NDVCRkQ4OTIzMTQ=	1F0B4F7CEC39A09ADC16EB8D787978E6	urn:base64:TWFuYWdlZEVsZW1lbnQ6MUYwQjRGN0NFQzM5QTA5QURDMTZFQjhENzg3OTc4RTY6UkVBTElTRURfQlk6Q2xvdWROYXRpdmVBcHBsaWNhdGlvbjo2QjY1NTk3MTU2NEMwMkYxRkI3RTVEN0U4NEY5RERBRg==	\N	BF54B16C14A151E2A5E1445BFD892314
9E0291689435200AE1332FBBB992C151	Example Cloud App/18	\N	urn:base64:Q2xvdWROYXRpdmVBcHBsaWNhdGlvbjo5RTAyOTE2ODk0MzUyMDBBRTEzMzJGQkJCOTkyQzE1MTpERVBMT1lFRF9PTjpOYW1lc3BhY2U6OTQ5NkU3NUY3RjgxRjhDNTMwRkVDNEQyNjQ4MEVBRTg=	AEAFE291F1DE32DEFFF0073D297B7693	urn:base64:TWFuYWdlZEVsZW1lbnQ6QUVBRkUyOTFGMURFMzJERUZGRjAwNzNEMjk3Qjc2OTM6UkVBTElTRURfQlk6Q2xvdWROYXRpdmVBcHBsaWNhdGlvbjo5RTAyOTE2ODk0MzUyMDBBRTEzMzJGQkJCOTkyQzE1MQ==	\N	9496E75F7F81F8C530FEC4D26480EAE8
C549905CF3CC890CE5746C5E10ACF00D	Example Cloud App/19	\N	urn:base64:Q2xvdWROYXRpdmVBcHBsaWNhdGlvbjpDNTQ5OTA1Q0YzQ0M4OTBDRTU3NDZDNUUxMEFDRjAwRDpERVBMT1lFRF9PTjpOYW1lc3BhY2U6NzM1NjYyNURENUVBOEI2N0UzNTY0MDRFNDdEQkYxNkM=	8D51EFC759166044DACBCA63C4EDFC51	urn:base64:TWFuYWdlZEVsZW1lbnQ6OEQ1MUVGQzc1OTE2NjA0NERBQ0JDQTYzQzRFREZDNTE6UkVBTElTRURfQlk6Q2xvdWROYXRpdmVBcHBsaWNhdGlvbjpDNTQ5OTA1Q0YzQ0M4OTBDRTU3NDZDNUUxMEFDRjAwRA==	\N	7356625DD5EA8B67E356404E47DBF16C
\.

COPY ties_data."GNBDUFunction" (id, fdn, "dUpLMNId", "gNBId", "gNBIdLength", "REL_MANAGEDELEMENT_MANAGES_GNBDUFUNCTION", "REL_MANAGEDELEMENT_MANAGES_GNBDUFUNCTION_EIID") FROM stdin;
5A548EA9D166341776CA0695837E55D8	SubNetwork=SolarSystem/SubNetwork=Earth/SubNetwork=Europe/SubNetwork=Hungary/GNBDUFunction=16	{"mnc":"82","mcc":"456"}	16	2	DC86CA7724113F4C0DF42BFEAA17FD53	urn:base64:TWFuYWdlZEVsZW1lbnQ6REM4NkNBNzcyNDExM0Y0QzBERjQyQkZFQUExN0ZENTM6TUFOQUdFUzpHTkJEVUZ1bmN0aW9uOjVBNTQ4RUE5RDE2NjM0MTc3NkNBMDY5NTgzN0U1NUQ4
7D80E5C6E0C9EC246370E86B7E524F8C	SubNetwork=SolarSystem/SubNetwork=Earth/SubNetwork=Europe/SubNetwork=Hungary/GNBDUFunction=17	{"mnc":"82","mcc":"456"}	17	2	1F0B4F7CEC39A09ADC16EB8D787978E6	urn:base64:TWFuYWdlZEVsZW1lbnQ6MUYwQjRGN0NFQzM5QTA5QURDMTZFQjhENzg3OTc4RTY6TUFOQUdFUzpHTkJEVUZ1bmN0aW9uOjdEODBFNUM2RTBDOUVDMjQ2MzcwRTg2QjdFNTI0RjhD
BBB3C42A4F8AC94091B297DF708DD50B	SubNetwork=SolarSystem/SubNetwork=Earth/SubNetwork=Europe/SubNetwork=Hungary/GNBDUFunction=18	{"mnc":"82","mcc":"456"}	18	2	AEAFE291F1DE32DEFFF0073D297B7693	urn:base64:TWFuYWdlZEVsZW1lbnQ6QUVBRkUyOTFGMURFMzJERUZGRjAwNzNEMjk3Qjc2OTM6TUFOQUdFUzpHTkJEVUZ1bmN0aW9uOkJCQjNDNDJBNEY4QUM5NDA5MUIyOTdERjcwOERENTBC
4CFF136200A2DE36205A13559C55DB2A	SubNetwork=SolarSystem/SubNetwork=Earth/SubNetwork=Europe/SubNetwork=Hungary/GNBDUFunction=19	{"mnc":"82","mcc":"456"}	19	2	8D51EFC759166044DACBCA63C4EDFC51	urn:base64:TWFuYWdlZEVsZW1lbnQ6OEQ1MUVGQzc1OTE2NjA0NERBQ0JDQTYzQzRFREZDNTE6TUFOQUdFUzpHTkJEVUZ1bmN0aW9uOjRDRkYxMzYyMDBBMkRFMzYyMDVBMTM1NTlDNTVEQjJB
D3215E08570BE58339C7463626B50E37	SubNetwork=SolarSystem/SubNetwork=Earth/SubNetwork=Europe/SubNetwork=Hungary/GNBDUFunction=9	{"mnc":"82","mcc":"456"}	9	1	DA1039E77700A9EEFFA280049ECE9227	urn:base64:TWFuYWdlZEVsZW1lbnQ6REExMDM5RTc3NzAwQTlFRUZGQTI4MDA0OUVDRTkyMjc6TUFOQUdFUzpHTkJEVUZ1bmN0aW9uOkQzMjE1RTA4NTcwQkU1ODMzOUM3NDYzNjI2QjUwRTM3
1050570EBB1315E1AE7A9FD5E1400A00	SubNetwork=SolarSystem/SubNetwork=Earth/SubNetwork=Europe/SubNetwork=Hungary/GNBDUFunction=10	{"mnc":"82","mcc":"456"}	10	2	6F02817AFE4D53237DB235EBE5378613	urn:base64:TWFuYWdlZEVsZW1lbnQ6NkYwMjgxN0FGRTRENTMyMzdEQjIzNUVCRTUzNzg2MTM6TUFOQUdFUzpHTkJEVUZ1bmN0aW9uOjEwNTA1NzBFQkIxMzE1RTFBRTdBOUZENUUxNDAwQTAw
B6A6DE7D0965F02D48ECA86706A4454F	SubNetwork=SolarSystem/SubNetwork=Earth/SubNetwork=Europe/SubNetwork=Hungary/GNBDUFunction=11	{"mnc":"82","mcc":"456"}	11	2	0181BB891A56BBD886771EBA3A69F19A	urn:base64:TWFuYWdlZEVsZW1lbnQ6MDE4MUJCODkxQTU2QkJEODg2NzcxRUJBM0E2OUYxOUE6TUFOQUdFUzpHTkJEVUZ1bmN0aW9uOkI2QTZERTdEMDk2NUYwMkQ0OEVDQTg2NzA2QTQ0NTRG
E5FD5ACD55C553A92738477ECB0465B9	SubNetwork=SolarSystem/SubNetwork=Earth/SubNetwork=Europe/SubNetwork=Hungary/GNBDUFunction=12	{"mnc":"82","mcc":"456"}	12	2	1E113BF2E3ABD819E0FBC6C6128BEFE5	urn:base64:TWFuYWdlZEVsZW1lbnQ6MUUxMTNCRjJFM0FCRDgxOUUwRkJDNkM2MTI4QkVGRTU6TUFOQUdFUzpHTkJEVUZ1bmN0aW9uOkU1RkQ1QUNENTVDNTUzQTkyNzM4NDc3RUNCMDQ2NUI5
25E690E22BDA90B9C4FEE1F083CBA597	SubNetwork=SolarSystem/SubNetwork=Earth/SubNetwork=Europe/SubNetwork=Hungary/GNBDUFunction=13	{"mnc":"82","mcc":"456"}	13	2	27500EB447000209EE6E3CA1B31FBA92	urn:base64:TWFuYWdlZEVsZW1lbnQ6Mjc1MDBFQjQ0NzAwMDIwOUVFNkUzQ0ExQjMxRkJBOTI6TUFOQUdFUzpHTkJEVUZ1bmN0aW9uOjI1RTY5MEUyMkJEQTkwQjlDNEZFRTFGMDgzQ0JBNTk3
5A3085C3400C3096E2ED2321452766B1	SubNetwork=SolarSystem/SubNetwork=Earth/SubNetwork=Europe/SubNetwork=Hungary/GNBDUFunction=14	{"mnc":"82","mcc":"456"}	14	2	06222D277EE209CD8DCA1FE61CE752E6	urn:base64:TWFuYWdlZEVsZW1lbnQ6MDYyMjJEMjc3RUUyMDlDRDhEQ0ExRkU2MUNFNzUyRTY6TUFOQUdFUzpHTkJEVUZ1bmN0aW9uOjVBMzA4NUMzNDAwQzMwOTZFMkVEMjMyMTQ1Mjc2NkIx
7F16F93D8816D9EBC76E52BB44A3CFF5	SubNetwork=SolarSystem/SubNetwork=Earth/SubNetwork=Europe/SubNetwork=Hungary/GNBDUFunction=15	{"mnc":"82","mcc":"456"}	15	2	436C59D4065E5222414DAD697C8842D2	urn:base64:TWFuYWdlZEVsZW1lbnQ6NDM2QzU5RDQwNjVFNTIyMjQxNERBRDY5N0M4ODQyRDI6TUFOQUdFUzpHTkJEVUZ1bmN0aW9uOjdGMTZGOTNEODgxNkQ5RUJDNzZFNTJCQjQ0QTNDRkY1
\.

COPY ties_data."GNBCUCPFunction" (id, fdn, "gNBId", "gNBIdLength", "REL_MANAGEDELEMENT_MANAGES_GNBCUCPFUNCTION", "REL_MANAGEDELEMENT_MANAGES_GNBCUCPFUNCTION_EIID") FROM stdin;
0525930249302B9649FC8F201EC4F7FC	SubNetwork=SolarSystem/SubNetwork=Earth/SubNetwork=Europe/SubNetwork=Hungary/GNBCUCPFunction=1	1	1	5BCC1BC502B66423981F90A6EA8D157E	urn:base64:TWFuYWdlZEVsZW1lbnQ6NUJDQzFCQzUwMkI2NjQyMzk4MUY5MEE2RUE4RDE1N0U6TUFOQUdFUzpHTkJDVUNQRnVuY3Rpb246MDUyNTkzMDI0OTMwMkI5NjQ5RkM4RjIwMUVDNEY3RkM=
\.

COPY ties_data."GNBCUUPFunction" (id, fdn, "gNBId", "gNBIdLength", "REL_MANAGEDELEMENT_MANAGES_GNBCUUPFUNCTION", "REL_MANAGEDELEMENT_MANAGES_GNBCUUPFUNCTION_EIID") FROM stdin;
9B007881A1B8DE33D1D3063BE601D4B6	SubNetwork=SolarSystem/SubNetwork=Earth/SubNetwork=Europe/SubNetwork=Hungary/GNBCUUPFunction=2	2	1	577CA8F71FFC2FC3C39D93D0F28E47EC	urn:base64:TWFuYWdlZEVsZW1lbnQ6NTc3Q0E4RjcxRkZDMkZDM0MzOUQ5M0QwRjI4RTQ3RUM6TUFOQUdFUzpHTkJDVVVQRnVuY3Rpb246OUIwMDc4ODFBMUI4REUzM0QxRDMwNjNCRTYwMUQ0QjY=
9806ABE2985BDD4FE6BD2B38549C973C	SubNetwork=SolarSystem/SubNetwork=Earth/SubNetwork=Europe/SubNetwork=Hungary/GNBCUUPFunction=3	3	1	E87AF3DB09EE273C6F153AA00D4D1171	urn:base64:TWFuYWdlZEVsZW1lbnQ6RTg3QUYzREIwOUVFMjczQzZGMTUzQUEwMEQ0RDExNzE6TUFOQUdFUzpHTkJDVVVQRnVuY3Rpb246OTgwNkFCRTI5ODVCREQ0RkU2QkQyQjM4NTQ5Qzk3M0M=
99BBA3EC64BE596400B38FEBD9677FC6	SubNetwork=SolarSystem/SubNetwork=Earth/SubNetwork=Europe/SubNetwork=Hungary/GNBCUUPFunction=4	4	1	A73755B1422176B1169546D884BD9FCC	urn:base64:TWFuYWdlZEVsZW1lbnQ6QTczNzU1QjE0MjIxNzZCMTE2OTU0NkQ4ODRCRDlGQ0M6TUFOQUdFUzpHTkJDVVVQRnVuY3Rpb246OTlCQkEzRUM2NEJFNTk2NDAwQjM4RkVCRDk2NzdGQzY=
6B3E56B6C991F4E569115DE5633B0AA0	SubNetwork=SolarSystem/SubNetwork=Earth/SubNetwork=Europe/SubNetwork=Hungary/GNBCUUPFunction=5	5	1	D76CCB4E654B2CF5D248196E9B9524AD	urn:base64:TWFuYWdlZEVsZW1lbnQ6RDc2Q0NCNEU2NTRCMkNGNUQyNDgxOTZFOUI5NTI0QUQ6TUFOQUdFUzpHTkJDVVVQRnVuY3Rpb246NkIzRTU2QjZDOTkxRjRFNTY5MTE1REU1NjMzQjBBQTA=
A18F3452C918E8F2C54E600F42005DBD	SubNetwork=SolarSystem/SubNetwork=Earth/SubNetwork=Europe/SubNetwork=Hungary/GNBCUUPFunction=6	6	1	E7CEF72CB78163D1B26B8B2A7A39757A	urn:base64:TWFuYWdlZEVsZW1lbnQ6RTdDRUY3MkNCNzgxNjNEMUIyNkI4QjJBN0EzOTc1N0E6TUFOQUdFUzpHTkJDVVVQRnVuY3Rpb246QTE4RjM0NTJDOTE4RThGMkM1NEU2MDBGNDIwMDVEQkQ=
F1C32B9DECA2230D9765BE2F54F1EDFE	SubNetwork=SolarSystem/SubNetwork=Earth/SubNetwork=Europe/SubNetwork=Hungary/GNBCUUPFunction=7	7	1	E57C2A20E96A8C9E7099BAD60957B59A	urn:base64:TWFuYWdlZEVsZW1lbnQ6RTU3QzJBMjBFOTZBOEM5RTcwOTlCQUQ2MDk1N0I1OUE6TUFOQUdFUzpHTkJDVVVQRnVuY3Rpb246RjFDMzJCOURFQ0EyMjMwRDk3NjVCRTJGNTRGMUVERkU=
BFEEAC2CE60273CB0A78319CC201A7FE	SubNetwork=SolarSystem/SubNetwork=Earth/SubNetwork=Europe/SubNetwork=Hungary/GNBCUUPFunction=8	8	1	E64371CD4D12ED0CED200DD3A7591784	urn:base64:TWFuYWdlZEVsZW1lbnQ6RTY0MzcxQ0Q0RDEyRUQwQ0VEMjAwREQzQTc1OTE3ODQ6TUFOQUdFUzpHTkJDVVVQRnVuY3Rpb246QkZFRUFDMkNFNjAyNzNDQjBBNzgzMTlDQzIwMUE3RkU=
\.

COPY ties_data."NRCellCU" (id, fdn, "cellLocalId", "plmnId", "nCI", "nRTAC", "REL_GNBCUCPFUNCTION_PROVIDES_NRCELLCU_EIID", "REL_GNBCUCPFUNCTION_PROVIDES_NRCELLCU") FROM stdin;
ED15B5C47ACEB0B4975D7A7B6B9FD4F8	SubNetwork=SolarSystem/SubNetwork=Earth/SubNetwork=Europe/SubNetwork=Hungary/NRCellCU=1	1	{"mnc":"82","mcc":"456"}	1	456	urn:base64:R05CQ1VDUEZ1bmN0aW9uOjA1MjU5MzAyNDkzMDJCOTY0OUZDOEYyMDFFQzRGN0ZDOlBST1ZJREVTOk5SQ2VsbENVOkVEMTVCNUM0N0FDRUIwQjQ5NzVEN0E3QjZCOUZENEY4	0525930249302B9649FC8F201EC4F7FC
C21ED6B73BFC01F0A98F1D492DFD7FBD	SubNetwork=SolarSystem/SubNetwork=Earth/SubNetwork=Europe/SubNetwork=Hungary/NRCellCU=2	2	{"mnc":"82","mcc":"456"}	2	456	urn:base64:R05CQ1VDUEZ1bmN0aW9uOjA1MjU5MzAyNDkzMDJCOTY0OUZDOEYyMDFFQzRGN0ZDOlBST1ZJREVTOk5SQ2VsbENVOkMyMUVENkI3M0JGQzAxRjBBOThGMUQ0OTJERkQ3RkJE	0525930249302B9649FC8F201EC4F7FC
D1462F73968E5CC050AAD327331494D9	SubNetwork=SolarSystem/SubNetwork=Earth/SubNetwork=Europe/SubNetwork=Hungary/NRCellCU=3	3	{"mnc":"82","mcc":"456"}	3	456	urn:base64:R05CQ1VDUEZ1bmN0aW9uOjA1MjU5MzAyNDkzMDJCOTY0OUZDOEYyMDFFQzRGN0ZDOlBST1ZJREVTOk5SQ2VsbENVOkQxNDYyRjczOTY4RTVDQzA1MEFBRDMyNzMzMTQ5NEQ5	0525930249302B9649FC8F201EC4F7FC
4B83304C790B86803348D83594CA8578	SubNetwork=SolarSystem/SubNetwork=Earth/SubNetwork=Europe/SubNetwork=Hungary/NRCellCU=4	4	{"mnc":"82","mcc":"456"}	4	456	urn:base64:R05CQ1VDUEZ1bmN0aW9uOjA1MjU5MzAyNDkzMDJCOTY0OUZDOEYyMDFFQzRGN0ZDOlBST1ZJREVTOk5SQ2VsbENVOjRCODMzMDRDNzkwQjg2ODAzMzQ4RDgzNTk0Q0E4NTc4	0525930249302B9649FC8F201EC4F7FC
DD35C095CD62BD45AA9B3E5DDAEDD638	SubNetwork=SolarSystem/SubNetwork=Earth/SubNetwork=Europe/SubNetwork=Hungary/NRCellCU=5	5	{"mnc":"82","mcc":"456"}	5	456	urn:base64:R05CQ1VDUEZ1bmN0aW9uOjA1MjU5MzAyNDkzMDJCOTY0OUZDOEYyMDFFQzRGN0ZDOlBST1ZJREVTOk5SQ2VsbENVOkREMzVDMDk1Q0Q2MkJENDVBQTlCM0U1RERBRURENjM4	0525930249302B9649FC8F201EC4F7FC
926C4E16A00453D7AF0BDC1B44956DEE	SubNetwork=SolarSystem/SubNetwork=Earth/SubNetwork=Europe/SubNetwork=Hungary/NRCellCU=6	6	{"mnc":"82","mcc":"456"}	6	456	urn:base64:R05CQ1VDUEZ1bmN0aW9uOjA1MjU5MzAyNDkzMDJCOTY0OUZDOEYyMDFFQzRGN0ZDOlBST1ZJREVTOk5SQ2VsbENVOjkyNkM0RTE2QTAwNDUzRDdBRjBCREMxQjQ0OTU2REVF	0525930249302B9649FC8F201EC4F7FC
48CF862C4FBAC260A3A32C858BE8DCD8	SubNetwork=SolarSystem/SubNetwork=Earth/SubNetwork=Europe/SubNetwork=Hungary/NRCellCU=7	7	{"mnc":"82","mcc":"456"}	7	456	urn:base64:R05CQ1VDUEZ1bmN0aW9uOjA1MjU5MzAyNDkzMDJCOTY0OUZDOEYyMDFFQzRGN0ZDOlBST1ZJREVTOk5SQ2VsbENVOjQ4Q0Y4NjJDNEZCQUMyNjBBM0EzMkM4NThCRThEQ0Q4	0525930249302B9649FC8F201EC4F7FC
EC3400C5121E6AACC4DA117C244C3661	SubNetwork=SolarSystem/SubNetwork=Earth/SubNetwork=Europe/SubNetwork=Hungary/NRCellCU=8	8	{"mnc":"82","mcc":"456"}	8	456	urn:base64:R05CQ1VDUEZ1bmN0aW9uOjA1MjU5MzAyNDkzMDJCOTY0OUZDOEYyMDFFQzRGN0ZDOlBST1ZJREVTOk5SQ2VsbENVOkVDMzQwMEM1MTIxRTZBQUNDNERBMTE3QzI0NEMzNjYx	0525930249302B9649FC8F201EC4F7FC
FFC97655D55AC9CC4FB8A7EC0C7941E8	SubNetwork=SolarSystem/SubNetwork=Earth/SubNetwork=Europe/SubNetwork=Hungary/NRCellCU=9	9	{"mnc":"82","mcc":"456"}	9	456	urn:base64:R05CQ1VDUEZ1bmN0aW9uOjA1MjU5MzAyNDkzMDJCOTY0OUZDOEYyMDFFQzRGN0ZDOlBST1ZJREVTOk5SQ2VsbENVOkZGQzk3NjU1RDU1QUM5Q0M0RkI4QTdFQzBDNzk0MUU4	0525930249302B9649FC8F201EC4F7FC
2F1E5910D92D1C199360545C6A798E9C	SubNetwork=SolarSystem/SubNetwork=Earth/SubNetwork=Europe/SubNetwork=Hungary/NRCellCU=10	10	{"mnc":"82","mcc":"456"}	10	456	urn:base64:R05CQ1VDUEZ1bmN0aW9uOjA1MjU5MzAyNDkzMDJCOTY0OUZDOEYyMDFFQzRGN0ZDOlBST1ZJREVTOk5SQ2VsbENVOjJGMUU1OTEwRDkyRDFDMTk5MzYwNTQ1QzZBNzk4RTlD	0525930249302B9649FC8F201EC4F7FC
A212C979D6E32F6021E7E05879C797F5	SubNetwork=SolarSystem/SubNetwork=Earth/SubNetwork=Europe/SubNetwork=Hungary/NRCellCU=11	11	{"mnc":"82","mcc":"456"}	11	456	urn:base64:R05CQ1VDUEZ1bmN0aW9uOjA1MjU5MzAyNDkzMDJCOTY0OUZDOEYyMDFFQzRGN0ZDOlBST1ZJREVTOk5SQ2VsbENVOkEyMTJDOTc5RDZFMzJGNjAyMUU3RTA1ODc5Qzc5N0Y1	0525930249302B9649FC8F201EC4F7FC
\.

COPY ties_data."Sector" (id, azimuth, "geo-location") FROM stdin;
2F445AA5744FA3D230FD6838531F1407	1	POINT(59.4019881 17.9419888)
F5128C172A70C4FCD4739650B06DE9E2	2	POINT(59.4019881 17.9419888)
ADB1BAAC878C0BEEFE3175C60F44BB1D	3	POINT(59.4019881 17.9419888)
\.

COPY ties_data."AntennaCapability" (id, fdn, "eUtranFqBands", "geranFqBands", "nRFqBands") FROM stdin;
5835F77BE9D4E102316BD59195F6370B	SubNetwork=SolarSystem/SubNetwork=Earth/SubNetwork=Europe/SubNetwork=Hungary/AntennaCapability=1	["123","4564","789"]	["123","456","789"]	["123","456","789"]
04F39EBAB72454E4D3331D6C3367B45F	SubNetwork=SolarSystem/SubNetwork=Earth/SubNetwork=Europe/SubNetwork=Hungary/AntennaCapability=2	["123","4564","789"]	["123","456","789"]	["123","456","789"]
A77B237A541B2D3225B4B61D3098E4AA	SubNetwork=SolarSystem/SubNetwork=Earth/SubNetwork=Europe/SubNetwork=Hungary/AntennaCapability=3	["123","4564","789"]	["123","456","789"]	["123","456","789"]
C30981A489A45BE4BF70667FC66992CF	SubNetwork=SolarSystem/SubNetwork=Earth/SubNetwork=Europe/SubNetwork=Hungary/AntennaCapability=4	["123","4564","789"]	["123","456","789"]	["123","456","789"]
4A850F99EBA0935B7CDE6EF446C0499C	SubNetwork=SolarSystem/SubNetwork=Earth/SubNetwork=Europe/SubNetwork=Hungary/AntennaCapability=5	["123","4564","789"]	["123","456","789"]	["123","456","789"]
C83E08A53438EF9678D515E73DB667F7	SubNetwork=SolarSystem/SubNetwork=Earth/SubNetwork=Europe/SubNetwork=Hungary/AntennaCapability=6	["123","4564","789"]	["123","456","789"]	["123","456","789"]
5E1C63A3F32A8625A5F282727D36B0C8	SubNetwork=SolarSystem/SubNetwork=Earth/SubNetwork=Europe/SubNetwork=Hungary/AntennaCapability=7	["123","4564","789"]	["123","456","789"]	["123","456","789"]
1B338F478087F93C91E0287CC87CDC56	SubNetwork=SolarSystem/SubNetwork=Earth/SubNetwork=Europe/SubNetwork=Hungary/AntennaCapability=8	["123","4564","789"]	["123","456","789"]	["123","456","789"]
599313CDD35F498EE899CF51C9A09BF5	SubNetwork=SolarSystem/SubNetwork=Earth/SubNetwork=Europe/SubNetwork=Hungary/AntennaCapability=9	["123","4564","789"]	["123","456","789"]	["123","456","789"]
B04E223337F275C0BF59B459A06EE6C3	SubNetwork=SolarSystem/SubNetwork=Earth/SubNetwork=Europe/SubNetwork=Hungary/AntennaCapability=10	["123","4564","789"]	["123","456","789"]	["123","456","789"]
2D71F6CDCC5DFD1D712D9AB01BAA4706	SubNetwork=SolarSystem/SubNetwork=Earth/SubNetwork=Europe/SubNetwork=Hungary/AntennaCapability=11	["123","4564","789"]	["123","456","789"]	["123","456","789"]
D74172358AD4BA418E2423A3D54151ED	SubNetwork=SolarSystem/SubNetwork=Earth/SubNetwork=Europe/SubNetwork=Hungary/AntennaCapability=12	["123","4564","789"]	["123","456","789"]	["123","456","789"]
114BD7BD46D2EA6BF851251287F2CF95	SubNetwork=SolarSystem/SubNetwork=Earth/SubNetwork=Europe/SubNetwork=Hungary/AntennaCapability=13	["123","4564","789"]	["123","456","789"]	["123","456","789"]
B00699B5EA33C867EEE7E044EE844D34	SubNetwork=SolarSystem/SubNetwork=Earth/SubNetwork=Europe/SubNetwork=Hungary/AntennaCapability=14	["123","4564","789"]	["123","456","789"]	["123","456","789"]
A537D7A9EFDEE0C47B3FB4CF3B1F06A7	SubNetwork=SolarSystem/SubNetwork=Earth/SubNetwork=Europe/SubNetwork=Hungary/AntennaCapability=15	["123","4564","789"]	["123","456","789"]	["123","456","789"]
E1C3E95944942F4AD1831719203A1672	SubNetwork=SolarSystem/SubNetwork=Earth/SubNetwork=Europe/SubNetwork=Hungary/AntennaCapability=16	["123","4564","789"]	["123","456","789"]	["123","456","789"]
9252E3CCA88AE559BCB1C838FFDA1C27	SubNetwork=SolarSystem/SubNetwork=Earth/SubNetwork=Europe/SubNetwork=Hungary/AntennaCapability=17	["123","4564","789"]	["123","456","789"]	["123","456","789"]
F283F19F4F0842E724BA72E9718EA5CB	SubNetwork=SolarSystem/SubNetwork=Earth/SubNetwork=Europe/SubNetwork=Hungary/AntennaCapability=18	["123","4564","789"]	["123","456","789"]	["123","456","789"]
B74B892954E97112DD4B4E5AF9D3A4F7	SubNetwork=SolarSystem/SubNetwork=Earth/SubNetwork=Europe/SubNetwork=Hungary/AntennaCapability=19	["123","4564","789"]	["123","456","789"]	["123","456","789"]
87CC4E7F74292FE85340F280A32EEB2D	SubNetwork=SolarSystem/SubNetwork=Earth/SubNetwork=Europe/SubNetwork=Hungary/AntennaCapability=20	["123","4564","789"]	["123","456","789"]	["123","456","789"]
04273FC64436DA523865CF849E5F7CC9	SubNetwork=SolarSystem/SubNetwork=Earth/SubNetwork=Europe/SubNetwork=Hungary/AntennaCapability=21	["123","4564","789"]	["123","456","789"]	["123","456","789"]
D5B9090E3B6A10DBDC243ED14EF294BF	SubNetwork=SolarSystem/SubNetwork=Earth/SubNetwork=Europe/SubNetwork=Hungary/AntennaCapability=22	["123","4564","789"]	["123","456","789"]	["123","456","789"]
02443DE0807D801D661495D9EFB8D836	SubNetwork=SolarSystem/SubNetwork=Earth/SubNetwork=Europe/SubNetwork=Hungary/AntennaCapability=23	["123","4564","789"]	["123","456","789"]	["123","456","789"]
C6823D2B7AFA064CE774795E01D6228B	SubNetwork=SolarSystem/SubNetwork=Earth/SubNetwork=Europe/SubNetwork=Hungary/AntennaCapability=24	["123","4564","789"]	["123","456","789"]	["123","456","789"]
DF26AE442110DB0281DAD4545436B720	SubNetwork=SolarSystem/SubNetwork=Earth/SubNetwork=Europe/SubNetwork=Hungary/AntennaCapability=25	["123","4564","789"]	["123","456","789"]	["123","456","789"]
7A1C6FE9351008B3D539166D94222762	SubNetwork=SolarSystem/SubNetwork=Earth/SubNetwork=Europe/SubNetwork=Hungary/AntennaCapability=26	["123","4564","789"]	["123","456","789"]	["123","456","789"]
70A1F129E10EE7D31DFE1E1AA6C7437D	SubNetwork=SolarSystem/SubNetwork=Earth/SubNetwork=Europe/SubNetwork=Hungary/AntennaCapability=27	["123","4564","789"]	["123","456","789"]	["123","456","789"]
7DE91C78F8DCE4292F2F0C3B34DEACAB	SubNetwork=SolarSystem/SubNetwork=Earth/SubNetwork=Europe/SubNetwork=Hungary/AntennaCapability=28	["123","4564","789"]	["123","456","789"]	["123","456","789"]
145A1BF561DB297F25FD3F12417D2A50	SubNetwork=SolarSystem/SubNetwork=Earth/SubNetwork=Europe/SubNetwork=Hungary/AntennaCapability=29	["123","4564","789"]	["123","456","789"]	["123","456","789"]
9188D975D837A1E0397167A23E721B0C	SubNetwork=SolarSystem/SubNetwork=Earth/SubNetwork=Europe/SubNetwork=Hungary/AntennaCapability=30	["123","4564","789"]	["123","456","789"]	["123","456","789"]
D314DADAFA3D896445E78EBCC15A16F7	SubNetwork=SolarSystem/SubNetwork=Earth/SubNetwork=Europe/SubNetwork=Hungary/AntennaCapability=31	["123","4564","789"]	["123","456","789"]	["123","456","789"]
28AD3EE844766DF508F6287CD1CE18A4	SubNetwork=SolarSystem/SubNetwork=Earth/SubNetwork=Europe/SubNetwork=Hungary/AntennaCapability=32	["123","4564","789"]	["123","456","789"]	["123","456","789"]
C398D6C673267A081C781D84438F4B74	SubNetwork=SolarSystem/SubNetwork=Earth/SubNetwork=Europe/SubNetwork=Hungary/AntennaCapability=33	["123","4564","789"]	["123","456","789"]	["123","456","789"]
0BDAD5DDC19A696244536421E6D26FE3	SubNetwork=SolarSystem/SubNetwork=Earth/SubNetwork=Europe/SubNetwork=Hungary/AntennaCapability=34	["123","4564","789"]	["123","456","789"]	["123","456","789"]
49205881C9121F208BD79149FA799877	SubNetwork=SolarSystem/SubNetwork=Earth/SubNetwork=Europe/SubNetwork=Hungary/AntennaCapability=35	["123","4564","789"]	["123","456","789"]	["123","456","789"]
A32DB9E278FC1DE41FB4A3B50F802650	SubNetwork=SolarSystem/SubNetwork=Earth/SubNetwork=Europe/SubNetwork=Hungary/AntennaCapability=36	["123","4564","789"]	["123","456","789"]	["123","456","789"]
BDE381BACC67290E447BC0177E038AEB	SubNetwork=SolarSystem/SubNetwork=Earth/SubNetwork=Europe/SubNetwork=Hungary/AntennaCapability=37	["123","4564","789"]	["123","456","789"]	["123","456","789"]
B4BC4D1B13EB651690F3195E622CC4BD	SubNetwork=SolarSystem/SubNetwork=Earth/SubNetwork=Europe/SubNetwork=Hungary/AntennaCapability=38	["123","4564","789"]	["123","456","789"]	["123","456","789"]
32EE385EACD26A0046BAD5CC84905ECB	SubNetwork=SolarSystem/SubNetwork=Earth/SubNetwork=Europe/SubNetwork=Hungary/AntennaCapability=39	["123","4564","789"]	["123","456","789"]	["123","456","789"]
43B63106B27FB05C618400EE5AE91637	SubNetwork=SolarSystem/SubNetwork=Earth/SubNetwork=Europe/SubNetwork=Hungary/AntennaCapability=40	["123","4564","789"]	["123","456","789"]	["123","456","789"]
C813E18657C2C5837A3F237BAD557944	SubNetwork=SolarSystem/SubNetwork=Earth/SubNetwork=Europe/SubNetwork=Hungary/AntennaCapability=41	["123","4564","789"]	["123","456","789"]	["123","456","789"]
462DCCDEA5A2892B8C8630724679B676	SubNetwork=SolarSystem/SubNetwork=Earth/SubNetwork=Europe/SubNetwork=Hungary/AntennaCapability=42	["123","4564","789"]	["123","456","789"]	["123","456","789"]
F6D0FF2069F038FF64D072C818DD9BFD	SubNetwork=SolarSystem/SubNetwork=Earth/SubNetwork=Europe/SubNetwork=Hungary/AntennaCapability=43	["123","4564","789"]	["123","456","789"]	["123","456","789"]
C5C598511C7514061E86DA24F8DB359D	SubNetwork=SolarSystem/SubNetwork=Earth/SubNetwork=Europe/SubNetwork=Hungary/AntennaCapability=44	["123","4564","789"]	["123","456","789"]	["123","456","789"]
13876FECEEDF45AE4DCA8C393E478237	SubNetwork=SolarSystem/SubNetwork=Earth/SubNetwork=Europe/SubNetwork=Hungary/AntennaCapability=45	["123","4564","789"]	["123","456","789"]	["123","456","789"]
00833903891D07D0628E03FF4463A14A	SubNetwork=SolarSystem/SubNetwork=Earth/SubNetwork=Europe/SubNetwork=Hungary/AntennaCapability=46	["123","4564","789"]	["123","456","789"]	["123","456","789"]
C4A283EEFD5F1463B7EE0CA782409DFB	SubNetwork=SolarSystem/SubNetwork=Earth/SubNetwork=Europe/SubNetwork=Hungary/AntennaCapability=47	["123","4564","789"]	["123","456","789"]	["123","456","789"]
AFFEAF1D0F2D30524C49BA86D52F39EE	SubNetwork=SolarSystem/SubNetwork=Earth/SubNetwork=Europe/SubNetwork=Hungary/AntennaCapability=48	["123","4564","789"]	["123","456","789"]	["123","456","789"]
E2A13CF56C0E187C62FF9716BB0FCED6	SubNetwork=SolarSystem/SubNetwork=Earth/SubNetwork=Europe/SubNetwork=Hungary/AntennaCapability=49	["123","4564","789"]	["123","456","789"]	["123","456","789"]
E3E1FB31FB5F4FB1CA808036474BDD95	SubNetwork=SolarSystem/SubNetwork=Earth/SubNetwork=Europe/SubNetwork=Hungary/AntennaCapability=50	["123","4564","789"]	["123","456","789"]	["123","456","789"]
5769C026D7993C666C45535EDD8C3EAD	SubNetwork=SolarSystem/SubNetwork=Earth/SubNetwork=Europe/SubNetwork=Hungary/AntennaCapability=51	["123","4564","789"]	["123","456","789"]	["123","456","789"]
2A32475EF4F4AB41904B5AAAA8FF2CA1	SubNetwork=SolarSystem/SubNetwork=Earth/SubNetwork=Europe/SubNetwork=Hungary/AntennaCapability=52	["123","4564","789"]	["123","456","789"]	["123","456","789"]
EB1301BA22E0691114A23445323B649B	SubNetwork=SolarSystem/SubNetwork=Earth/SubNetwork=Europe/SubNetwork=Hungary/AntennaCapability=53	["123","4564","789"]	["123","456","789"]	["123","456","789"]
285A7590CEC0BC46F0C1A8A3D1AA2BA5	SubNetwork=SolarSystem/SubNetwork=Earth/SubNetwork=Europe/SubNetwork=Hungary/AntennaCapability=54	["123","4564","789"]	["123","456","789"]	["123","456","789"]
C606AF1A1AC5A96A43B0B8EBFC1B047C	SubNetwork=SolarSystem/SubNetwork=Earth/SubNetwork=Europe/SubNetwork=Hungary/AntennaCapability=55	["123","4564","789"]	["123","456","789"]	["123","456","789"]
40FB5481402DCE8AD6B3B0357B00CF82	SubNetwork=SolarSystem/SubNetwork=Earth/SubNetwork=Europe/SubNetwork=Hungary/AntennaCapability=56	["123","4564","789"]	["123","456","789"]	["123","456","789"]
FD8F3DE8B8AF2FD102F39D0ED89B3714	SubNetwork=SolarSystem/SubNetwork=Earth/SubNetwork=Europe/SubNetwork=Hungary/AntennaCapability=57	["123","4564","789"]	["123","456","789"]	["123","456","789"]
5CEA2470D99A8A2BB3ED90BC15DB1140	SubNetwork=SolarSystem/SubNetwork=Earth/SubNetwork=Europe/SubNetwork=Hungary/AntennaCapability=58	["123","4564","789"]	["123","456","789"]	["123","456","789"]
6A23A8B8B5ACEA775D6E98BAC1534373	SubNetwork=SolarSystem/SubNetwork=Earth/SubNetwork=Europe/SubNetwork=Hungary/AntennaCapability=59	["123","4564","789"]	["123","456","789"]	["123","456","789"]
1D273FDD45618CBD438D0083873314D5	SubNetwork=SolarSystem/SubNetwork=Earth/SubNetwork=Europe/SubNetwork=Hungary/AntennaCapability=60	["123","4564","789"]	["123","456","789"]	["123","456","789"]
E07F76EEFA3F6D1A5083C99F3D202CCD	SubNetwork=SolarSystem/SubNetwork=Earth/SubNetwork=Europe/SubNetwork=Hungary/AntennaCapability=61	["123","4564","789"]	["123","456","789"]	["123","456","789"]
173388785CB4761B154F448AE6372ADC	SubNetwork=SolarSystem/SubNetwork=Earth/SubNetwork=Europe/SubNetwork=Hungary/AntennaCapability=62	["123","4564","789"]	["123","456","789"]	["123","456","789"]
AA17CE1504CD4512121267C22034620A	SubNetwork=SolarSystem/SubNetwork=Earth/SubNetwork=Europe/SubNetwork=Hungary/AntennaCapability=63	["123","4564","789"]	["123","456","789"]	["123","456","789"]
542D562E72C8025DD560D718FFDE1D45	SubNetwork=SolarSystem/SubNetwork=Earth/SubNetwork=Europe/SubNetwork=Hungary/AntennaCapability=64	["123","4564","789"]	["123","456","789"]	["123","456","789"]
E3C96BA5D7C0755A3011D12A32971BA1	SubNetwork=SolarSystem/SubNetwork=Earth/SubNetwork=Europe/SubNetwork=Hungary/AntennaCapability=65	["123","4564","789"]	["123","456","789"]	["123","456","789"]
B4C333ECD92A7351A38EE3BC510B5DA7	SubNetwork=SolarSystem/SubNetwork=Earth/SubNetwork=Europe/SubNetwork=Hungary/AntennaCapability=66	["123","4564","789"]	["123","456","789"]	["123","456","789"]
6F75116BB289ECD8EB1A96252FD8F7C0	SubNetwork=SolarSystem/SubNetwork=Earth/SubNetwork=Europe/SubNetwork=Hungary/AntennaCapability=67	["123","4564","789"]	["123","456","789"]	["123","456","789"]
16B870511FAAF1183FC92E641B2C3804	SubNetwork=SolarSystem/SubNetwork=Earth/SubNetwork=Europe/SubNetwork=Hungary/AntennaCapability=68	["123","4564","789"]	["123","456","789"]	["123","456","789"]
2C7AA809CD1A92FD74EC4151D7C16A8D	SubNetwork=SolarSystem/SubNetwork=Earth/SubNetwork=Europe/SubNetwork=Hungary/AntennaCapability=69	["123","4564","789"]	["123","456","789"]	["123","456","789"]
2C21D1069460F35FF38952F1050DF7CC	SubNetwork=SolarSystem/SubNetwork=Earth/SubNetwork=Europe/SubNetwork=Hungary/AntennaCapability=70	["123","4564","789"]	["123","456","789"]	["123","456","789"]
AA3ED0C82A9FE6D7412B7C558A96CDA5	SubNetwork=SolarSystem/SubNetwork=Earth/SubNetwork=Europe/SubNetwork=Hungary/AntennaCapability=71	["123","4564","789"]	["123","456","789"]	["123","456","789"]
B5D36905C87DA636611C137159727CEE	SubNetwork=SolarSystem/SubNetwork=Earth/SubNetwork=Europe/SubNetwork=Hungary/AntennaCapability=72	["123","4564","789"]	["123","456","789"]	["123","456","789"]
3EF4C71354EC527AB033A3FB820F48E4	SubNetwork=SolarSystem/SubNetwork=Earth/SubNetwork=Europe/SubNetwork=Hungary/AntennaCapability=73	["123","4564","789"]	["123","456","789"]	["123","456","789"]
0B3681F195584EF1051B914EB63EBBCB	SubNetwork=SolarSystem/SubNetwork=Earth/SubNetwork=Europe/SubNetwork=Hungary/AntennaCapability=74	["123","4564","789"]	["123","456","789"]	["123","456","789"]
59A77FBBDC8E1819741E4728596C435C	SubNetwork=SolarSystem/SubNetwork=Earth/SubNetwork=Europe/SubNetwork=Hungary/AntennaCapability=75	["123","4564","789"]	["123","456","789"]	["123","456","789"]
BDC8E4EAC53C9C39800B4BDC0309C8BB	SubNetwork=SolarSystem/SubNetwork=Earth/SubNetwork=Europe/SubNetwork=Hungary/AntennaCapability=76	["123","4564","789"]	["123","456","789"]	["123","456","789"]
37332299BE1398193F7B7452C16521F8	SubNetwork=SolarSystem/SubNetwork=Earth/SubNetwork=Europe/SubNetwork=Hungary/AntennaCapability=77	["123","4564","789"]	["123","456","789"]	["123","456","789"]
83B8FC3409E9E34F8D4B22CD514CC078	SubNetwork=SolarSystem/SubNetwork=Earth/SubNetwork=Europe/SubNetwork=Hungary/AntennaCapability=78	["123","4564","789"]	["123","456","789"]	["123","456","789"]
587ADBD46FA0A770E1C3ABA210DB57ED	SubNetwork=SolarSystem/SubNetwork=Earth/SubNetwork=Europe/SubNetwork=Hungary/AntennaCapability=79	["123","4564","789"]	["123","456","789"]	["123","456","789"]
604A22BFC72A960115D6B21C3F186841	SubNetwork=SolarSystem/SubNetwork=Earth/SubNetwork=Europe/SubNetwork=Hungary/AntennaCapability=80	["123","4564","789"]	["123","456","789"]	["123","456","789"]
1D4CBC43D62A01B27FA0C7442F9AD0D8	SubNetwork=SolarSystem/SubNetwork=Earth/SubNetwork=Europe/SubNetwork=Hungary/AntennaCapability=81	["123","4564","789"]	["123","456","789"]	["123","456","789"]
892BAE0B45865D3F4DC776662BB37654	SubNetwork=SolarSystem/SubNetwork=Earth/SubNetwork=Europe/SubNetwork=Hungary/AntennaCapability=82	["123","4564","789"]	["123","456","789"]	["123","456","789"]
EE1EAAFDB85206259AA9D9D4BA01BDA2	SubNetwork=SolarSystem/SubNetwork=Earth/SubNetwork=Europe/SubNetwork=Hungary/AntennaCapability=83	["123","4564","789"]	["123","456","789"]	["123","456","789"]
111BD123DCA1B937F0E15E5BEFDE08E9	SubNetwork=SolarSystem/SubNetwork=Earth/SubNetwork=Europe/SubNetwork=Hungary/AntennaCapability=84	["123","4564","789"]	["123","456","789"]	["123","456","789"]
DF7837EEAB65A06859110366E5F45297	SubNetwork=SolarSystem/SubNetwork=Earth/SubNetwork=Europe/SubNetwork=Hungary/AntennaCapability=85	["123","4564","789"]	["123","456","789"]	["123","456","789"]
D0AAE9631AF1554B8F390932E377EA19	SubNetwork=SolarSystem/SubNetwork=Earth/SubNetwork=Europe/SubNetwork=Hungary/AntennaCapability=86	["123","4564","789"]	["123","456","789"]	["123","456","789"]
89B9FE5D2D4A07CCD54E705BFE2D10F0	SubNetwork=SolarSystem/SubNetwork=Earth/SubNetwork=Europe/SubNetwork=Hungary/AntennaCapability=87	["123","4564","789"]	["123","456","789"]	["123","456","789"]
A6E97BA30832C1B7AC36F4D79DD38B71	SubNetwork=SolarSystem/SubNetwork=Earth/SubNetwork=Europe/SubNetwork=Hungary/AntennaCapability=88	["123","4564","789"]	["123","456","789"]	["123","456","789"]
DFA6202FF96DD418EAD4C930F27F0C78	SubNetwork=SolarSystem/SubNetwork=Earth/SubNetwork=Europe/SubNetwork=Hungary/AntennaCapability=89	["123","4564","789"]	["123","456","789"]	["123","456","789"]
01945D7B7D2AFB0B3DFE23822D2C9CCB	SubNetwork=SolarSystem/SubNetwork=Earth/SubNetwork=Europe/SubNetwork=Hungary/AntennaCapability=90	["123","4564","789"]	["123","456","789"]	["123","456","789"]
BE50AC57AB1FAE73531ADD181324067F	SubNetwork=SolarSystem/SubNetwork=Earth/SubNetwork=Europe/SubNetwork=Hungary/AntennaCapability=91	["123","4564","789"]	["123","456","789"]	["123","456","789"]
82D055DE15B97CD866CF454A9688F4DB	SubNetwork=SolarSystem/SubNetwork=Earth/SubNetwork=Europe/SubNetwork=Hungary/AntennaCapability=92	["123","4564","789"]	["123","456","789"]	["123","456","789"]
362EC3B7758D873DF98AE2A9EC2472B5	SubNetwork=SolarSystem/SubNetwork=Earth/SubNetwork=Europe/SubNetwork=Hungary/AntennaCapability=93	["123","4564","789"]	["123","456","789"]	["123","456","789"]
DA5D8A3D1CDC3D55447F7C86EDD8FE50	SubNetwork=SolarSystem/SubNetwork=Earth/SubNetwork=Europe/SubNetwork=Hungary/AntennaCapability=94	["123","4564","789"]	["123","456","789"]	["123","456","789"]
6A39B151C50F73F029B5772299DCF289	SubNetwork=SolarSystem/SubNetwork=Earth/SubNetwork=Europe/SubNetwork=Hungary/AntennaCapability=95	["123","4564","789"]	["123","456","789"]	["123","456","789"]
B0FE880DF9474AA29C7A4BAAA946E55D	SubNetwork=SolarSystem/SubNetwork=Earth/SubNetwork=Europe/SubNetwork=Hungary/AntennaCapability=96	["123","4564","789"]	["123","456","789"]	["123","456","789"]
C23D9D0807E45EF55DC6B7D35EEB08B1	SubNetwork=SolarSystem/SubNetwork=Earth/SubNetwork=Europe/SubNetwork=Hungary/AntennaCapability=97	["123","4564","789"]	["123","456","789"]	["123","456","789"]
CF8EF723BB46C6170DB0490D1FA26B85	SubNetwork=SolarSystem/SubNetwork=Earth/SubNetwork=Europe/SubNetwork=Hungary/AntennaCapability=98	["123","4564","789"]	["123","456","789"]	["123","456","789"]
E1C340DF0FFA51211DDB5F829E2A27EE	SubNetwork=SolarSystem/SubNetwork=Earth/SubNetwork=Europe/SubNetwork=Hungary/AntennaCapability=99	["123","4564","789"]	["123","456","789"]	["123","456","789"]
59E39AEB2CD8EC0018853D7EF75E4E77	SubNetwork=SolarSystem/SubNetwork=Earth/SubNetwork=Europe/SubNetwork=Hungary/AntennaCapability=100	["123","4564","789"]	["123","456","789"]	["123","456","789"]
\.

COPY ties_data."Site" (id, name, "geo-location") FROM stdin;
CF89C174D06854C0C41B74D2C46846DD	ORAN Stockholm	POINT(59.4019881 17.9419888)
26874D3241CEFFF60E084FEFCC72B973	ORAN Stockholm	POINT(59.4019881 17.9419888)
0778A57645DE9D3E4B74D31F9F5CB858	ORAN Stockholm	POINT(59.4019881 17.9419888)
F4B3E6619BBD176B4F2DB754AF6524BC	ORAN Stockholm	POINT(59.4019881 17.9419888)
08ECC9E4A381754174EC4B0045418F53	ORAN Stockholm	POINT(59.4019881 17.9419888)
12B7642C4550D657BE0D0F5FFB6975B4	ORAN Stockholm	POINT(59.4019881 17.9419888)
09C568700E28185534A836946A406656	ORAN Stockholm	POINT(59.4019881 17.9419888)
FEF2244182BB579F5D67C024ADBE8510	ORAN Stockholm	POINT(59.4019881 17.9419888)
8661AEDC92C7A428BBB5137150A84EFF	ORAN Stockholm	POINT(59.4019881 17.9419888)
07674D494908D2B78DFD4A9555E8FEC7	ORAN Stockholm	POINT(59.4019881 17.9419888)
45125B217DEAE03E6FFE99E6410827CB	ORAN Stockholm	POINT(59.4019881 17.9419888)
D6C8C26018EC6B009B466590E0E8CA89	ORAN Stockholm	POINT(59.4019881 17.9419888)
C30A8ED14ED558C42D40AB507E45A20B	ORAN Stockholm	POINT(59.4019881 17.9419888)
AB78BB4CCABEBDA1FAF28B583FECE1F7	ORAN Stockholm	POINT(59.4019881 17.9419888)
0EF3B3C355A1B8229477C73003331ECE	ORAN Stockholm	POINT(59.4019881 17.9419888)
547D71B43F80440CCCF5BBAA592F0BE9	ORAN Stockholm	POINT(59.4019881 17.9419888)
6DA0466361FC7FA801992523CEEBB708	ORAN Stockholm	POINT(59.4019881 17.9419888)
E62D579A6EE1200742024580932FCAB3	ORAN Stockholm	POINT(59.4019881 17.9419888)
DF8BC33203F929BA85E9CE51906C39E7	ORAN Stockholm	POINT(59.4019881 17.9419888)
77B0CCE60DA3CB1A6B7710356F98BF2D	ORAN Stockholm	POINT(59.4019881 17.9419888)
BAE093E95F2AC5FF08C8830896F4074B	ORAN Stockholm	POINT(59.4019881 17.9419888)
80E537AB048E79909DA40298E06B089D	ORAN Stockholm	POINT(59.4019881 17.9419888)
E8BA1F7434A4842150FA259506A55435	ORAN Stockholm	POINT(59.4019881 17.9419888)
2DDD59CA2E860E28CB8DEB1FEAB3CAB4	ORAN Stockholm	POINT(59.4019881 17.9419888)
0B2DBD5B2C81D9283BB458A03ABC305C	ORAN Stockholm	POINT(59.4019881 17.9419888)
EFE3F092FF55C768B4D1E459B2A93DD8	ORAN Stockholm	POINT(59.4019881 17.9419888)
\.

COPY ties_data."AntennaModule" (id, fdn, "antennaModelNumber", "mechanicalAntennaBearing", "mechanicalAntennaTilt", "positionWithinSector", "totalTilt", "electricalAntennaTilt", "REL_ANTENNAMODULE_INSTALLED_AT_SITE_EIID", "REL_SECTOR_GROUPS_ANTENNAMODULE_EIID", "REL_ANTENNAMODULE_INSTALLED_AT_SITE", "REL_SECTOR_GROUPS_ANTENNAMODULE") FROM stdin;
CBAB40BEF2646D20F66542E9D10D7FCA	SubNetwork=SolarSystem/SubNetwork=Earth/SubNetwork=Europe/SubNetwork=Hungary/AntennaModule=1	['123-abc']	123	123	['123', '456', '789']	45	1	urn:base64:QW50ZW5uYU1vZHVsZTpDQkFCNDBCRUYyNjQ2RDIwRjY2NTQyRTlEMTBEN0ZDQTpJTlNUQUxMRURfQVQ6U2l0ZToyNjg3NEQzMjQxQ0VGRkY2MEUwODRGRUZDQzcyQjk3Mw==	urn:base64:U2VjdG9yOjJGNDQ1QUE1NzQ0RkEzRDIzMEZENjgzODUzMUYxNDA3OkdST1VQUzpBbnRlbm5hTW9kdWxlOkNCQUI0MEJFRjI2NDZEMjBGNjY1NDJFOUQxMEQ3RkNB	26874D3241CEFFF60E084FEFCC72B973	2F445AA5744FA3D230FD6838531F1407
7ECED4BE8CF47661D5D3E8674586A9B1	SubNetwork=SolarSystem/SubNetwork=Earth/SubNetwork=Europe/SubNetwork=Hungary/AntennaModule=2	['123-abc']	123	123	['123', '456', '789']	45	1	urn:base64:QW50ZW5uYU1vZHVsZTo3RUNFRDRCRThDRjQ3NjYxRDVEM0U4Njc0NTg2QTlCMTpJTlNUQUxMRURfQVQ6U2l0ZTowNzc4QTU3NjQ1REU5RDNFNEI3NEQzMUY5RjVDQjg1OA==	urn:base64:U2VjdG9yOjJGNDQ1QUE1NzQ0RkEzRDIzMEZENjgzODUzMUYxNDA3OkdST1VQUzpBbnRlbm5hTW9kdWxlOjdFQ0VENEJFOENGNDc2NjFENUQzRTg2NzQ1ODZBOUIx	0778A57645DE9D3E4B74D31F9F5CB858	2F445AA5744FA3D230FD6838531F1407
AA48999302DFC8EC8879572623C0085A	SubNetwork=SolarSystem/SubNetwork=Earth/SubNetwork=Europe/SubNetwork=Hungary/AntennaModule=3	['123-abc']	123	123	['123', '456', '789']	45	1	urn:base64:QW50ZW5uYU1vZHVsZTpBQTQ4OTk5MzAyREZDOEVDODg3OTU3MjYyM0MwMDg1QTpJTlNUQUxMRURfQVQ6U2l0ZTpGNEIzRTY2MTlCQkQxNzZCNEYyREI3NTRBRjY1MjRCQw==	urn:base64:U2VjdG9yOjJGNDQ1QUE1NzQ0RkEzRDIzMEZENjgzODUzMUYxNDA3OkdST1VQUzpBbnRlbm5hTW9kdWxlOkFBNDg5OTkzMDJERkM4RUM4ODc5NTcyNjIzQzAwODVB	F4B3E6619BBD176B4F2DB754AF6524BC	2F445AA5744FA3D230FD6838531F1407
07C63BA08B0C43E18CC964F0B6F4E24D	SubNetwork=SolarSystem/SubNetwork=Earth/SubNetwork=Europe/SubNetwork=Hungary/AntennaModule=4	['123-abc']	123	123	['123', '456', '789']	45	1	urn:base64:QW50ZW5uYU1vZHVsZTowN0M2M0JBMDhCMEM0M0UxOENDOTY0RjBCNkY0RTI0RDpJTlNUQUxMRURfQVQ6U2l0ZTowOEVDQzlFNEEzODE3NTQxNzRFQzRCMDA0NTQxOEY1Mw==	urn:base64:U2VjdG9yOjJGNDQ1QUE1NzQ0RkEzRDIzMEZENjgzODUzMUYxNDA3OkdST1VQUzpBbnRlbm5hTW9kdWxlOjA3QzYzQkEwOEIwQzQzRTE4Q0M5NjRGMEI2RjRFMjRE	08ECC9E4A381754174EC4B0045418F53	2F445AA5744FA3D230FD6838531F1407
FF21E2266B36E92F3C298C9C3497BDAD	SubNetwork=SolarSystem/SubNetwork=Earth/SubNetwork=Europe/SubNetwork=Hungary/AntennaModule=5	['123-abc']	123	123	['123', '456', '789']	45	1	urn:base64:QW50ZW5uYU1vZHVsZTpGRjIxRTIyNjZCMzZFOTJGM0MyOThDOUMzNDk3QkRBRDpJTlNUQUxMRURfQVQ6U2l0ZToxMkI3NjQyQzQ1NTBENjU3QkUwRDBGNUZGQjY5NzVCNA==	urn:base64:U2VjdG9yOjJGNDQ1QUE1NzQ0RkEzRDIzMEZENjgzODUzMUYxNDA3OkdST1VQUzpBbnRlbm5hTW9kdWxlOkZGMjFFMjI2NkIzNkU5MkYzQzI5OEM5QzM0OTdCREFE	12B7642C4550D657BE0D0F5FFB6975B4	2F445AA5744FA3D230FD6838531F1407
002B0219B739B88C8A813552EF1E8942	SubNetwork=SolarSystem/SubNetwork=Earth/SubNetwork=Europe/SubNetwork=Hungary/AntennaModule=6	['123-abc']	123	123	['123', '456', '789']	45	1	urn:base64:QW50ZW5uYU1vZHVsZTowMDJCMDIxOUI3MzlCODhDOEE4MTM1NTJFRjFFODk0MjpJTlNUQUxMRURfQVQ6U2l0ZTowOUM1Njg3MDBFMjgxODU1MzRBODM2OTQ2QTQwNjY1Ng==	urn:base64:U2VjdG9yOjJGNDQ1QUE1NzQ0RkEzRDIzMEZENjgzODUzMUYxNDA3OkdST1VQUzpBbnRlbm5hTW9kdWxlOjAwMkIwMjE5QjczOUI4OEM4QTgxMzU1MkVGMUU4OTQy	09C568700E28185534A836946A406656	2F445AA5744FA3D230FD6838531F1407
BEB01B90AC0099CA7C730D54C6A99F56	SubNetwork=SolarSystem/SubNetwork=Earth/SubNetwork=Europe/SubNetwork=Hungary/AntennaModule=7	['123-abc']	123	123	['123', '456', '789']	45	1	urn:base64:QW50ZW5uYU1vZHVsZTpCRUIwMUI5MEFDMDA5OUNBN0M3MzBENTRDNkE5OUY1NjpJTlNUQUxMRURfQVQ6U2l0ZTpGRUYyMjQ0MTgyQkI1NzlGNUQ2N0MwMjRBREJFODUxMA==	urn:base64:U2VjdG9yOjJGNDQ1QUE1NzQ0RkEzRDIzMEZENjgzODUzMUYxNDA3OkdST1VQUzpBbnRlbm5hTW9kdWxlOkJFQjAxQjkwQUMwMDk5Q0E3QzczMEQ1NEM2QTk5RjU2	FEF2244182BB579F5D67C024ADBE8510	2F445AA5744FA3D230FD6838531F1407
1319EDC0A95609084682B331F0A05E82	SubNetwork=SolarSystem/SubNetwork=Earth/SubNetwork=Europe/SubNetwork=Hungary/AntennaModule=8	['123-abc']	123	123	['123', '456', '789']	45	1	urn:base64:QW50ZW5uYU1vZHVsZToxMzE5RURDMEE5NTYwOTA4NDY4MkIzMzFGMEEwNUU4MjpJTlNUQUxMRURfQVQ6U2l0ZTo4NjYxQUVEQzkyQzdBNDI4QkJCNTEzNzE1MEE4NEVGRg==	urn:base64:U2VjdG9yOjJGNDQ1QUE1NzQ0RkEzRDIzMEZENjgzODUzMUYxNDA3OkdST1VQUzpBbnRlbm5hTW9kdWxlOjEzMTlFREMwQTk1NjA5MDg0NjgyQjMzMUYwQTA1RTgy	8661AEDC92C7A428BBB5137150A84EFF	2F445AA5744FA3D230FD6838531F1407
BD0E10BC55B7286F699DB340045053CA	SubNetwork=SolarSystem/SubNetwork=Earth/SubNetwork=Europe/SubNetwork=Hungary/AntennaModule=9	['123-abc']	123	123	['123', '456', '789']	45	1	urn:base64:QW50ZW5uYU1vZHVsZTpCRDBFMTBCQzU1QjcyODZGNjk5REIzNDAwNDUwNTNDQTpJTlNUQUxMRURfQVQ6U2l0ZTowNzY3NEQ0OTQ5MDhEMkI3OERGRDRBOTU1NUU4RkVDNw==	urn:base64:U2VjdG9yOkY1MTI4QzE3MkE3MEM0RkNENDczOTY1MEIwNkRFOUUyOkdST1VQUzpBbnRlbm5hTW9kdWxlOkJEMEUxMEJDNTVCNzI4NkY2OTlEQjM0MDA0NTA1M0NB	07674D494908D2B78DFD4A9555E8FEC7	F5128C172A70C4FCD4739650B06DE9E2
B4125EFB79D46BF9895709F985C92E99	SubNetwork=SolarSystem/SubNetwork=Earth/SubNetwork=Europe/SubNetwork=Hungary/AntennaModule=10	['123-abc']	123	123	['123', '456', '789']	45	1	urn:base64:QW50ZW5uYU1vZHVsZTpCNDEyNUVGQjc5RDQ2QkY5ODk1NzA5Rjk4NUM5MkU5OTpJTlNUQUxMRURfQVQ6U2l0ZTo0NTEyNUIyMTdERUFFMDNFNkZGRTk5RTY0MTA4MjdDQg==	urn:base64:U2VjdG9yOkY1MTI4QzE3MkE3MEM0RkNENDczOTY1MEIwNkRFOUUyOkdST1VQUzpBbnRlbm5hTW9kdWxlOkI0MTI1RUZCNzlENDZCRjk4OTU3MDlGOTg1QzkyRTk5	45125B217DEAE03E6FFE99E6410827CB	F5128C172A70C4FCD4739650B06DE9E2
72C76C03ED0B42FA3FE4F9D22C4AF9E1	SubNetwork=SolarSystem/SubNetwork=Earth/SubNetwork=Europe/SubNetwork=Hungary/AntennaModule=11	['123-abc']	123	123	['123', '456', '789']	45	1	urn:base64:QW50ZW5uYU1vZHVsZTo3MkM3NkMwM0VEMEI0MkZBM0ZFNEY5RDIyQzRBRjlFMTpJTlNUQUxMRURfQVQ6U2l0ZTpENkM4QzI2MDE4RUM2QjAwOUI0NjY1OTBFMEU4Q0E4OQ==	urn:base64:U2VjdG9yOkY1MTI4QzE3MkE3MEM0RkNENDczOTY1MEIwNkRFOUUyOkdST1VQUzpBbnRlbm5hTW9kdWxlOjcyQzc2QzAzRUQwQjQyRkEzRkU0RjlEMjJDNEFGOUUx	D6C8C26018EC6B009B466590E0E8CA89	F5128C172A70C4FCD4739650B06DE9E2
AD2DD15AC4E1DE0506843887B47C51A3	SubNetwork=SolarSystem/SubNetwork=Earth/SubNetwork=Europe/SubNetwork=Hungary/AntennaModule=12	['123-abc']	123	123	['123', '456', '789']	45	1	urn:base64:QW50ZW5uYU1vZHVsZTpBRDJERDE1QUM0RTFERTA1MDY4NDM4ODdCNDdDNTFBMzpJTlNUQUxMRURfQVQ6U2l0ZTpDMzBBOEVEMTRFRDU1OEM0MkQ0MEFCNTA3RTQ1QTIwQg==	urn:base64:U2VjdG9yOkY1MTI4QzE3MkE3MEM0RkNENDczOTY1MEIwNkRFOUUyOkdST1VQUzpBbnRlbm5hTW9kdWxlOkFEMkREMTVBQzRFMURFMDUwNjg0Mzg4N0I0N0M1MUEz	C30A8ED14ED558C42D40AB507E45A20B	F5128C172A70C4FCD4739650B06DE9E2
4C4E9998DAE30C954A93D78959FD511B	SubNetwork=SolarSystem/SubNetwork=Earth/SubNetwork=Europe/SubNetwork=Hungary/AntennaModule=13	['123-abc']	123	123	['123', '456', '789']	45	1	urn:base64:QW50ZW5uYU1vZHVsZTo0QzRFOTk5OERBRTMwQzk1NEE5M0Q3ODk1OUZENTExQjpJTlNUQUxMRURfQVQ6U2l0ZTpBQjc4QkI0Q0NBQkVCREExRkFGMjhCNTgzRkVDRTFGNw==	urn:base64:U2VjdG9yOkY1MTI4QzE3MkE3MEM0RkNENDczOTY1MEIwNkRFOUUyOkdST1VQUzpBbnRlbm5hTW9kdWxlOjRDNEU5OTk4REFFMzBDOTU0QTkzRDc4OTU5RkQ1MTFC	AB78BB4CCABEBDA1FAF28B583FECE1F7	F5128C172A70C4FCD4739650B06DE9E2
4ECA02165275FA17BE60AF1D27AAB529	SubNetwork=SolarSystem/SubNetwork=Earth/SubNetwork=Europe/SubNetwork=Hungary/AntennaModule=14	['123-abc']	123	123	['123', '456', '789']	45	1	urn:base64:QW50ZW5uYU1vZHVsZTo0RUNBMDIxNjUyNzVGQTE3QkU2MEFGMUQyN0FBQjUyOTpJTlNUQUxMRURfQVQ6U2l0ZTowRUYzQjNDMzU1QTFCODIyOTQ3N0M3MzAwMzMzMUVDRQ==	urn:base64:U2VjdG9yOkY1MTI4QzE3MkE3MEM0RkNENDczOTY1MEIwNkRFOUUyOkdST1VQUzpBbnRlbm5hTW9kdWxlOjRFQ0EwMjE2NTI3NUZBMTdCRTYwQUYxRDI3QUFCNTI5	0EF3B3C355A1B8229477C73003331ECE	F5128C172A70C4FCD4739650B06DE9E2
AF388619F8517CBEAF23D06B4D3744FF	SubNetwork=SolarSystem/SubNetwork=Earth/SubNetwork=Europe/SubNetwork=Hungary/AntennaModule=15	['123-abc']	123	123	['123', '456', '789']	45	1	urn:base64:QW50ZW5uYU1vZHVsZTpBRjM4ODYxOUY4NTE3Q0JFQUYyM0QwNkI0RDM3NDRGRjpJTlNUQUxMRURfQVQ6U2l0ZTo1NDdENzFCNDNGODA0NDBDQ0NGNUJCQUE1OTJGMEJFOQ==	urn:base64:U2VjdG9yOkY1MTI4QzE3MkE3MEM0RkNENDczOTY1MEIwNkRFOUUyOkdST1VQUzpBbnRlbm5hTW9kdWxlOkFGMzg4NjE5Rjg1MTdDQkVBRjIzRDA2QjREMzc0NEZG	547D71B43F80440CCCF5BBAA592F0BE9	F5128C172A70C4FCD4739650B06DE9E2
42B4EEF09E97378B0E365F9BAAB50E1B	SubNetwork=SolarSystem/SubNetwork=Earth/SubNetwork=Europe/SubNetwork=Hungary/AntennaModule=16	['123-abc']	123	123	['123', '456', '789']	45	1	urn:base64:QW50ZW5uYU1vZHVsZTo0MkI0RUVGMDlFOTczNzhCMEUzNjVGOUJBQUI1MEUxQjpJTlNUQUxMRURfQVQ6U2l0ZTo2REEwNDY2MzYxRkM3RkE4MDE5OTI1MjNDRUVCQjcwOA==	urn:base64:U2VjdG9yOkY1MTI4QzE3MkE3MEM0RkNENDczOTY1MEIwNkRFOUUyOkdST1VQUzpBbnRlbm5hTW9kdWxlOjQyQjRFRUYwOUU5NzM3OEIwRTM2NUY5QkFBQjUwRTFC	6DA0466361FC7FA801992523CEEBB708	F5128C172A70C4FCD4739650B06DE9E2
278A05C67D47D117C2DC5BDF5E00AE70	SubNetwork=SolarSystem/SubNetwork=Earth/SubNetwork=Europe/SubNetwork=Hungary/AntennaModule=17	['123-abc']	123	123	['123', '456', '789']	45	1	urn:base64:QW50ZW5uYU1vZHVsZToyNzhBMDVDNjdENDdEMTE3QzJEQzVCREY1RTAwQUU3MDpJTlNUQUxMRURfQVQ6U2l0ZTpFNjJENTc5QTZFRTEyMDA3NDIwMjQ1ODA5MzJGQ0FCMw==	urn:base64:U2VjdG9yOkFEQjFCQUFDODc4QzBCRUVGRTMxNzVDNjBGNDRCQjFEOkdST1VQUzpBbnRlbm5hTW9kdWxlOjI3OEEwNUM2N0Q0N0QxMTdDMkRDNUJERjVFMDBBRTcw	E62D579A6EE1200742024580932FCAB3	ADB1BAAC878C0BEEFE3175C60F44BB1D
D52B212EDCBA464468608400BD348C29	SubNetwork=SolarSystem/SubNetwork=Earth/SubNetwork=Europe/SubNetwork=Hungary/AntennaModule=18	['123-abc']	123	123	['123', '456', '789']	45	1	urn:base64:QW50ZW5uYU1vZHVsZTpENTJCMjEyRURDQkE0NjQ0Njg2MDg0MDBCRDM0OEMyOTpJTlNUQUxMRURfQVQ6U2l0ZTpERjhCQzMzMjAzRjkyOUJBODVFOUNFNTE5MDZDMzlFNw==	urn:base64:U2VjdG9yOkFEQjFCQUFDODc4QzBCRUVGRTMxNzVDNjBGNDRCQjFEOkdST1VQUzpBbnRlbm5hTW9kdWxlOkQ1MkIyMTJFRENCQTQ2NDQ2ODYwODQwMEJEMzQ4QzI5	DF8BC33203F929BA85E9CE51906C39E7	ADB1BAAC878C0BEEFE3175C60F44BB1D
164612A68D6604469057C98DD4E4E3A5	SubNetwork=SolarSystem/SubNetwork=Earth/SubNetwork=Europe/SubNetwork=Hungary/AntennaModule=19	['123-abc']	123	123	['123', '456', '789']	45	1	urn:base64:QW50ZW5uYU1vZHVsZToxNjQ2MTJBNjhENjYwNDQ2OTA1N0M5OERENEU0RTNBNTpJTlNUQUxMRURfQVQ6U2l0ZTo3N0IwQ0NFNjBEQTNDQjFBNkI3NzEwMzU2Rjk4QkYyRA==	urn:base64:U2VjdG9yOkFEQjFCQUFDODc4QzBCRUVGRTMxNzVDNjBGNDRCQjFEOkdST1VQUzpBbnRlbm5hTW9kdWxlOjE2NDYxMkE2OEQ2NjA0NDY5MDU3Qzk4REQ0RTRFM0E1	77B0CCE60DA3CB1A6B7710356F98BF2D	ADB1BAAC878C0BEEFE3175C60F44BB1D
07608E09EFA9DDDAC261FFF29353EB7C	SubNetwork=SolarSystem/SubNetwork=Earth/SubNetwork=Europe/SubNetwork=Hungary/AntennaModule=20	['123-abc']	123	123	['123', '456', '789']	45	1	urn:base64:QW50ZW5uYU1vZHVsZTowNzYwOEUwOUVGQTlERERBQzI2MUZGRjI5MzUzRUI3QzpJTlNUQUxMRURfQVQ6U2l0ZTpCQUUwOTNFOTVGMkFDNUZGMDhDODgzMDg5NkY0MDc0Qg==	urn:base64:U2VjdG9yOkFEQjFCQUFDODc4QzBCRUVGRTMxNzVDNjBGNDRCQjFEOkdST1VQUzpBbnRlbm5hTW9kdWxlOjA3NjA4RTA5RUZBOUREREFDMjYxRkZGMjkzNTNFQjdD	BAE093E95F2AC5FF08C8830896F4074B	ADB1BAAC878C0BEEFE3175C60F44BB1D
D0D8E6F7F0C3E9A975C1A6EC002BB838	SubNetwork=SolarSystem/SubNetwork=Earth/SubNetwork=Europe/SubNetwork=Hungary/AntennaModule=21	['123-abc']	123	123	['123', '456', '789']	45	1	urn:base64:QW50ZW5uYU1vZHVsZTpEMEQ4RTZGN0YwQzNFOUE5NzVDMUE2RUMwMDJCQjgzODpJTlNUQUxMRURfQVQ6U2l0ZTo4MEU1MzdBQjA0OEU3OTkwOURBNDAyOThFMDZCMDg5RA==	urn:base64:U2VjdG9yOkFEQjFCQUFDODc4QzBCRUVGRTMxNzVDNjBGNDRCQjFEOkdST1VQUzpBbnRlbm5hTW9kdWxlOkQwRDhFNkY3RjBDM0U5QTk3NUMxQTZFQzAwMkJCODM4	80E537AB048E79909DA40298E06B089D	ADB1BAAC878C0BEEFE3175C60F44BB1D
407B61608934EBEA646149D59327A8BA	SubNetwork=SolarSystem/SubNetwork=Earth/SubNetwork=Europe/SubNetwork=Hungary/AntennaModule=22	['123-abc']	123	123	['123', '456', '789']	45	1	urn:base64:QW50ZW5uYU1vZHVsZTo0MDdCNjE2MDg5MzRFQkVBNjQ2MTQ5RDU5MzI3QThCQTpJTlNUQUxMRURfQVQ6U2l0ZTpFOEJBMUY3NDM0QTQ4NDIxNTBGQTI1OTUwNkE1NTQzNQ==	urn:base64:U2VjdG9yOkFEQjFCQUFDODc4QzBCRUVGRTMxNzVDNjBGNDRCQjFEOkdST1VQUzpBbnRlbm5hTW9kdWxlOjQwN0I2MTYwODkzNEVCRUE2NDYxNDlENTkzMjdBOEJB	E8BA1F7434A4842150FA259506A55435	ADB1BAAC878C0BEEFE3175C60F44BB1D
0582853FB1CB183BDCCFD5F309FE9BF4	SubNetwork=SolarSystem/SubNetwork=Earth/SubNetwork=Europe/SubNetwork=Hungary/AntennaModule=23	['123-abc']	123	123	['123', '456', '789']	45	1	urn:base64:QW50ZW5uYU1vZHVsZTowNTgyODUzRkIxQ0IxODNCRENDRkQ1RjMwOUZFOUJGNDpJTlNUQUxMRURfQVQ6U2l0ZToyRERENTlDQTJFODYwRTI4Q0I4REVCMUZFQUIzQ0FCNA==	urn:base64:U2VjdG9yOkFEQjFCQUFDODc4QzBCRUVGRTMxNzVDNjBGNDRCQjFEOkdST1VQUzpBbnRlbm5hTW9kdWxlOjA1ODI4NTNGQjFDQjE4M0JEQ0NGRDVGMzA5RkU5QkY0	2DDD59CA2E860E28CB8DEB1FEAB3CAB4	ADB1BAAC878C0BEEFE3175C60F44BB1D
D14658CD5DB0F54275424F619076E408	SubNetwork=SolarSystem/SubNetwork=Earth/SubNetwork=Europe/SubNetwork=Hungary/AntennaModule=24	['123-abc']	123	123	['123', '456', '789']	45	1	urn:base64:QW50ZW5uYU1vZHVsZTpEMTQ2NThDRDVEQjBGNTQyNzU0MjRGNjE5MDc2RTQwODpJTlNUQUxMRURfQVQ6U2l0ZTowQjJEQkQ1QjJDODFEOTI4M0JCNDU4QTAzQUJDMzA1Qw==	urn:base64:U2VjdG9yOkFEQjFCQUFDODc4QzBCRUVGRTMxNzVDNjBGNDRCQjFEOkdST1VQUzpBbnRlbm5hTW9kdWxlOkQxNDY1OENENURCMEY1NDI3NTQyNEY2MTkwNzZFNDA4	0B2DBD5B2C81D9283BB458A03ABC305C	ADB1BAAC878C0BEEFE3175C60F44BB1D
041E829548475CF0AAFC5D4F8F4AB0A3	SubNetwork=SolarSystem/SubNetwork=Earth/SubNetwork=Europe/SubNetwork=Hungary/AntennaModule=25	['123-abc']	123	123	['123', '456', '789']	45	1	urn:base64:QW50ZW5uYU1vZHVsZTowNDFFODI5NTQ4NDc1Q0YwQUFGQzVENEY4RjRBQjBBMzpJTlNUQUxMRURfQVQ6U2l0ZTpFRkUzRjA5MkZGNTVDNzY4QjREMUU0NTlCMkE5M0REOA==	\N	EFE3F092FF55C768B4D1E459B2A93DD8	\N
\.

COPY ties_data."PhysicalNetworkAppliance" (id, name, type, "geo-location", "REL_PHYSICALNETWORKAPPLIANCE_INSTALLED_AT_SITE_EIID", "REL_PHYSICALNETWORKAPPLIANCE_INSTALLED_AT_SITE") FROM stdin;
055A9686FA759CD56ADB783408497661	PhysicalNetworkAppliance=LTE00001234/1	ExampleType	POINT(59.4019881 17.9419888)	urn:base64:UGh5c2ljYWxOZXR3b3JrQXBwbGlhbmNlOjA1NUE5Njg2RkE3NTlDRDU2QURCNzgzNDA4NDk3NjYxOklOU1RBTExFRF9BVDpTaXRlOkNGODlDMTc0RDA2ODU0QzBDNDFCNzREMkM0Njg0NkRE	CF89C174D06854C0C41B74D2C46846DD
D6158434F8DD2DC217EC2198636A5643	PhysicalNetworkAppliance=LTE00001234/2	ExampleType	POINT(59.4019881 17.9419888)	urn:base64:UGh5c2ljYWxOZXR3b3JrQXBwbGlhbmNlOkQ2MTU4NDM0RjhERDJEQzIxN0VDMjE5ODYzNkE1NjQzOklOU1RBTExFRF9BVDpTaXRlOjI2ODc0RDMyNDFDRUZGRjYwRTA4NEZFRkNDNzJCOTcz	26874D3241CEFFF60E084FEFCC72B973
B42BAF4C45D638133FEBDCC87E48866B	PhysicalNetworkAppliance=LTE00001234/3	ExampleType	POINT(59.4019881 17.9419888)	urn:base64:UGh5c2ljYWxOZXR3b3JrQXBwbGlhbmNlOkI0MkJBRjRDNDVENjM4MTMzRkVCRENDODdFNDg4NjZCOklOU1RBTExFRF9BVDpTaXRlOjA3NzhBNTc2NDVERTlEM0U0Qjc0RDMxRjlGNUNCODU4	0778A57645DE9D3E4B74D31F9F5CB858
C29237C44DB2950D7A0AC8508B4B6B18	PhysicalNetworkAppliance=LTE00001234/4	ExampleType	POINT(59.4019881 17.9419888)	urn:base64:UGh5c2ljYWxOZXR3b3JrQXBwbGlhbmNlOkMyOTIzN0M0NERCMjk1MEQ3QTBBQzg1MDhCNEI2QjE4OklOU1RBTExFRF9BVDpTaXRlOkY0QjNFNjYxOUJCRDE3NkI0RjJEQjc1NEFGNjUyNEJD	F4B3E6619BBD176B4F2DB754AF6524BC
E817613E06A4F215CDC8A67C1A0DD937	PhysicalNetworkAppliance=LTE00001234/5	ExampleType	POINT(59.4019881 17.9419888)	urn:base64:UGh5c2ljYWxOZXR3b3JrQXBwbGlhbmNlOkU4MTc2MTNFMDZBNEYyMTVDREM4QTY3QzFBMEREOTM3OklOU1RBTExFRF9BVDpTaXRlOjA4RUNDOUU0QTM4MTc1NDE3NEVDNEIwMDQ1NDE4RjUz	08ECC9E4A381754174EC4B0045418F53
13E106D008FBEED974FAB64773963AF9	PhysicalNetworkAppliance=LTE00001234/6	ExampleType	POINT(59.4019881 17.9419888)	urn:base64:UGh5c2ljYWxOZXR3b3JrQXBwbGlhbmNlOjEzRTEwNkQwMDhGQkVFRDk3NEZBQjY0NzczOTYzQUY5OklOU1RBTExFRF9BVDpTaXRlOjEyQjc2NDJDNDU1MEQ2NTdCRTBEMEY1RkZCNjk3NUI0	12B7642C4550D657BE0D0F5FFB6975B4
6AC6021909616829AD166CC7C924B638	PhysicalNetworkAppliance=LTE00001234/7	ExampleType	POINT(59.4019881 17.9419888)	urn:base64:UGh5c2ljYWxOZXR3b3JrQXBwbGlhbmNlOjZBQzYwMjE5MDk2MTY4MjlBRDE2NkNDN0M5MjRCNjM4OklOU1RBTExFRF9BVDpTaXRlOjA5QzU2ODcwMEUyODE4NTUzNEE4MzY5NDZBNDA2NjU2	09C568700E28185534A836946A406656
EE539591F77499CD48820297DC00441A	PhysicalNetworkAppliance=LTE00001234/8	ExampleType	POINT(59.4019881 17.9419888)	urn:base64:UGh5c2ljYWxOZXR3b3JrQXBwbGlhbmNlOkVFNTM5NTkxRjc3NDk5Q0Q0ODgyMDI5N0RDMDA0NDFBOklOU1RBTExFRF9BVDpTaXRlOkZFRjIyNDQxODJCQjU3OUY1RDY3QzAyNEFEQkU4NTEw	FEF2244182BB579F5D67C024ADBE8510
C9DD6DD96075F773CC2164519956D80A	PhysicalNetworkAppliance=LTE00001234/9	ExampleType	POINT(59.4019881 17.9419888)	urn:base64:UGh5c2ljYWxOZXR3b3JrQXBwbGlhbmNlOkM5REQ2REQ5NjA3NUY3NzNDQzIxNjQ1MTk5NTZEODBBOklOU1RBTExFRF9BVDpTaXRlOjg2NjFBRURDOTJDN0E0MjhCQkI1MTM3MTUwQTg0RUZG	8661AEDC92C7A428BBB5137150A84EFF
1EBBE2C584784CF60E565DDC8D02B3C4	PhysicalNetworkAppliance=LTE00001234/10	ExampleType	POINT(59.4019881 17.9419888)	urn:base64:UGh5c2ljYWxOZXR3b3JrQXBwbGlhbmNlOjFFQkJFMkM1ODQ3ODRDRjYwRTU2NUREQzhEMDJCM0M0OklOU1RBTExFRF9BVDpTaXRlOjA3Njc0RDQ5NDkwOEQyQjc4REZENEE5NTU1RThGRUM3	07674D494908D2B78DFD4A9555E8FEC7
34B63E1FC50D1DA429CF5CA947157EFC	PhysicalNetworkAppliance=LTE00001234/11	ExampleType	POINT(59.4019881 17.9419888)	urn:base64:UGh5c2ljYWxOZXR3b3JrQXBwbGlhbmNlOjM0QjYzRTFGQzUwRDFEQTQyOUNGNUNBOTQ3MTU3RUZDOklOU1RBTExFRF9BVDpTaXRlOjQ1MTI1QjIxN0RFQUUwM0U2RkZFOTlFNjQxMDgyN0NC	45125B217DEAE03E6FFE99E6410827CB
E23C9147FAD7958E85552A805D6DFCFF	PhysicalNetworkAppliance=LTE00001234/12	ExampleType	POINT(59.4019881 17.9419888)	urn:base64:UGh5c2ljYWxOZXR3b3JrQXBwbGlhbmNlOkUyM0M5MTQ3RkFENzk1OEU4NTU1MkE4MDVENkRGQ0ZGOklOU1RBTExFRF9BVDpTaXRlOkQ2QzhDMjYwMThFQzZCMDA5QjQ2NjU5MEUwRThDQTg5	D6C8C26018EC6B009B466590E0E8CA89
EA2953CF0A080F10E6722AE92E858CBB	PhysicalNetworkAppliance=LTE00001234/13	ExampleType	POINT(59.4019881 17.9419888)	urn:base64:UGh5c2ljYWxOZXR3b3JrQXBwbGlhbmNlOkVBMjk1M0NGMEEwODBGMTBFNjcyMkFFOTJFODU4Q0JCOklOU1RBTExFRF9BVDpTaXRlOkMzMEE4RUQxNEVENTU4QzQyRDQwQUI1MDdFNDVBMjBC	C30A8ED14ED558C42D40AB507E45A20B
D92495521DCCC7DE492B5FEDC9D4A6E1	PhysicalNetworkAppliance=LTE00001234/14	ExampleType	POINT(59.4019881 17.9419888)	urn:base64:UGh5c2ljYWxOZXR3b3JrQXBwbGlhbmNlOkQ5MjQ5NTUyMURDQ0M3REU0OTJCNUZFREM5RDRBNkUxOklOU1RBTExFRF9BVDpTaXRlOkFCNzhCQjRDQ0FCRUJEQTFGQUYyOEI1ODNGRUNFMUY3	AB78BB4CCABEBDA1FAF28B583FECE1F7
B9B042D33BCC1CB074144DA3D5351DBF	PhysicalNetworkAppliance=LTE00001234/15	ExampleType	POINT(59.4019881 17.9419888)	urn:base64:UGh5c2ljYWxOZXR3b3JrQXBwbGlhbmNlOkI5QjA0MkQzM0JDQzFDQjA3NDE0NERBM0Q1MzUxREJGOklOU1RBTExFRF9BVDpTaXRlOjBFRjNCM0MzNTVBMUI4MjI5NDc3QzczMDAzMzMxRUNF	0EF3B3C355A1B8229477C73003331ECE
2E27426BC7D0DC99770528300F2DC74C	PhysicalNetworkAppliance=LTE00001234/16	ExampleType	POINT(59.4019881 17.9419888)	urn:base64:UGh5c2ljYWxOZXR3b3JrQXBwbGlhbmNlOjJFMjc0MjZCQzdEMERDOTk3NzA1MjgzMDBGMkRDNzRDOklOU1RBTExFRF9BVDpTaXRlOjU0N0Q3MUI0M0Y4MDQ0MENDQ0Y1QkJBQTU5MkYwQkU5	547D71B43F80440CCCF5BBAA592F0BE9
2312B923E694DBE508AC94E232D87CFF	PhysicalNetworkAppliance=LTE00001234/17	ExampleType	POINT(59.4019881 17.9419888)	urn:base64:UGh5c2ljYWxOZXR3b3JrQXBwbGlhbmNlOjIzMTJCOTIzRTY5NERCRTUwOEFDOTRFMjMyRDg3Q0ZGOklOU1RBTExFRF9BVDpTaXRlOjZEQTA0NjYzNjFGQzdGQTgwMTk5MjUyM0NFRUJCNzA4	6DA0466361FC7FA801992523CEEBB708
041FA4CF0EE87A4C8F4D77C18A382819	PhysicalNetworkAppliance=LTE00001234/18	ExampleType	POINT(59.4019881 17.9419888)	urn:base64:UGh5c2ljYWxOZXR3b3JrQXBwbGlhbmNlOjA0MUZBNENGMEVFODdBNEM4RjRENzdDMThBMzgyODE5OklOU1RBTExFRF9BVDpTaXRlOkU2MkQ1NzlBNkVFMTIwMDc0MjAyNDU4MDkzMkZDQUIz	E62D579A6EE1200742024580932FCAB3
268C22D2FBF9BFD9A46FCABD79E7423A	PhysicalNetworkAppliance=LTE00001234/19	ExampleType	POINT(59.4019881 17.9419888)	urn:base64:UGh5c2ljYWxOZXR3b3JrQXBwbGlhbmNlOjI2OEMyMkQyRkJGOUJGRDlBNDZGQ0FCRDc5RTc0MjNBOklOU1RBTExFRF9BVDpTaXRlOkRGOEJDMzMyMDNGOTI5QkE4NUU5Q0U1MTkwNkMzOUU3	DF8BC33203F929BA85E9CE51906C39E7
3B02F5A1C69470E91834432761CAEBFB	PhysicalNetworkAppliance=LTE00001234/20	ExampleType	POINT(59.4019881 17.9419888)	urn:base64:UGh5c2ljYWxOZXR3b3JrQXBwbGlhbmNlOjNCMDJGNUExQzY5NDcwRTkxODM0NDMyNzYxQ0FFQkZCOklOU1RBTExFRF9BVDpTaXRlOjc3QjBDQ0U2MERBM0NCMUE2Qjc3MTAzNTZGOThCRjJE	77B0CCE60DA3CB1A6B7710356F98BF2D
\.

COPY ties_data."ENodeBFunction" (id, fdn, "eNBId", "eNodeBPlmnId", "REL_ENODEBFUNCTION_REALISED_BY_PHYSICALNETWORKAPPLIANCE_EIID", "REL_ENODEBFUNCTION_REALISED_BY_PHYSICALNETWORKAPPLIANCE") FROM stdin;
8EFAD2F305499DCD360040BD6F57B54E	SubNetwork=SolarSystem/SubNetwork=Earth/SubNetwork=Europe/SubNetwork=Hungary/ENodeBFunction=1	1	{"mcc": "02", "mnc": "456", "mncLength": "3"}	urn:base64:RU5vZGVCRnVuY3Rpb246OEVGQUQyRjMwNTQ5OURDRDM2MDA0MEJENkY1N0I1NEU6UkVBTElTRURfQlk6UGh5c2ljYWxOZXR3b3JrQXBwbGlhbmNlOjA1NUE5Njg2RkE3NTlDRDU2QURCNzgzNDA4NDk3NjYx	055A9686FA759CD56ADB783408497661
C6694F03768AF9EE83DC293C10473076	SubNetwork=SolarSystem/SubNetwork=Earth/SubNetwork=Europe/SubNetwork=Hungary/ENodeBFunction=2	2	{"mcc": "02", "mnc": "456", "mncLength": "3"}	urn:base64:RU5vZGVCRnVuY3Rpb246QzY2OTRGMDM3NjhBRjlFRTgzREMyOTNDMTA0NzMwNzY6UkVBTElTRURfQlk6UGh5c2ljYWxOZXR3b3JrQXBwbGlhbmNlOkQ2MTU4NDM0RjhERDJEQzIxN0VDMjE5ODYzNkE1NjQz	D6158434F8DD2DC217EC2198636A5643
54D62577A2B3ED373FA47BBD89A67473	SubNetwork=SolarSystem/SubNetwork=Earth/SubNetwork=Europe/SubNetwork=Hungary/ENodeBFunction=3	3	{"mcc": "02", "mnc": "456", "mncLength": "3"}	urn:base64:RU5vZGVCRnVuY3Rpb246NTRENjI1NzdBMkIzRUQzNzNGQTQ3QkJEODlBNjc0NzM6UkVBTElTRURfQlk6UGh5c2ljYWxOZXR3b3JrQXBwbGlhbmNlOkI0MkJBRjRDNDVENjM4MTMzRkVCRENDODdFNDg4NjZC	B42BAF4C45D638133FEBDCC87E48866B
3B603CD3E74F0F9053DEF063EFAF2012	SubNetwork=SolarSystem/SubNetwork=Earth/SubNetwork=Europe/SubNetwork=Hungary/ENodeBFunction=4	4	{"mcc": "02", "mnc": "456", "mncLength": "3"}	urn:base64:RU5vZGVCRnVuY3Rpb246M0I2MDNDRDNFNzRGMEY5MDUzREVGMDYzRUZBRjIwMTI6UkVBTElTRURfQlk6UGh5c2ljYWxOZXR3b3JrQXBwbGlhbmNlOkMyOTIzN0M0NERCMjk1MEQ3QTBBQzg1MDhCNEI2QjE4	C29237C44DB2950D7A0AC8508B4B6B18
1D9917590E5F75F44DF7EF626592C2C7	SubNetwork=SolarSystem/SubNetwork=Earth/SubNetwork=Europe/SubNetwork=Hungary/ENodeBFunction=5	5	{"mcc": "02", "mnc": "456", "mncLength": "3"}	urn:base64:RU5vZGVCRnVuY3Rpb246MUQ5OTE3NTkwRTVGNzVGNDRERjdFRjYyNjU5MkMyQzc6UkVBTElTRURfQlk6UGh5c2ljYWxOZXR3b3JrQXBwbGlhbmNlOkU4MTc2MTNFMDZBNEYyMTVDREM4QTY3QzFBMEREOTM3	E817613E06A4F215CDC8A67C1A0DD937
B3B3845E7D8910D6906B5EB41A8E0696	SubNetwork=SolarSystem/SubNetwork=Earth/SubNetwork=Europe/SubNetwork=Hungary/ENodeBFunction=6	6	{"mcc": "02", "mnc": "456", "mncLength": "3"}	urn:base64:RU5vZGVCRnVuY3Rpb246QjNCMzg0NUU3RDg5MTBENjkwNkI1RUI0MUE4RTA2OTY6UkVBTElTRURfQlk6UGh5c2ljYWxOZXR3b3JrQXBwbGlhbmNlOjEzRTEwNkQwMDhGQkVFRDk3NEZBQjY0NzczOTYzQUY5	13E106D008FBEED974FAB64773963AF9
4C8B24AC011A734A5FEBF321C77289AB	SubNetwork=SolarSystem/SubNetwork=Earth/SubNetwork=Europe/SubNetwork=Hungary/ENodeBFunction=7	7	{"mcc": "02", "mnc": "456", "mncLength": "3"}	urn:base64:RU5vZGVCRnVuY3Rpb246NEM4QjI0QUMwMTFBNzM0QTVGRUJGMzIxQzc3Mjg5QUI6UkVBTElTRURfQlk6UGh5c2ljYWxOZXR3b3JrQXBwbGlhbmNlOjZBQzYwMjE5MDk2MTY4MjlBRDE2NkNDN0M5MjRCNjM4	6AC6021909616829AD166CC7C924B638
96220B64D4A4C6F6B17DF30B12B841D3	SubNetwork=SolarSystem/SubNetwork=Earth/SubNetwork=Europe/SubNetwork=Hungary/ENodeBFunction=8	8	{"mcc": "02", "mnc": "456", "mncLength": "3"}	urn:base64:RU5vZGVCRnVuY3Rpb246OTYyMjBCNjRENEE0QzZGNkIxN0RGMzBCMTJCODQxRDM6UkVBTElTRURfQlk6UGh5c2ljYWxOZXR3b3JrQXBwbGlhbmNlOkVFNTM5NTkxRjc3NDk5Q0Q0ODgyMDI5N0RDMDA0NDFB	EE539591F77499CD48820297DC00441A
4FBA45FB12D28F9106A09E045DE90254	SubNetwork=SolarSystem/SubNetwork=Earth/SubNetwork=Europe/SubNetwork=Hungary/ENodeBFunction=9	9	{"mcc": "02", "mnc": "456", "mncLength": "3"}	urn:base64:RU5vZGVCRnVuY3Rpb246NEZCQTQ1RkIxMkQyOEY5MTA2QTA5RTA0NURFOTAyNTQ6UkVBTElTRURfQlk6UGh5c2ljYWxOZXR3b3JrQXBwbGlhbmNlOkM5REQ2REQ5NjA3NUY3NzNDQzIxNjQ1MTk5NTZEODBB	C9DD6DD96075F773CC2164519956D80A
222B3B5942A23115B9C1AC2B94AF8548	SubNetwork=SolarSystem/SubNetwork=Earth/SubNetwork=Europe/SubNetwork=Hungary/ENodeBFunction=10	10	{"mcc": "02", "mnc": "456", "mncLength": "3"}	urn:base64:RU5vZGVCRnVuY3Rpb246MjIyQjNCNTk0MkEyMzExNUI5QzFBQzJCOTRBRjg1NDg6UkVBTElTRURfQlk6UGh5c2ljYWxOZXR3b3JrQXBwbGlhbmNlOjFFQkJFMkM1ODQ3ODRDRjYwRTU2NUREQzhEMDJCM0M0	1EBBE2C584784CF60E565DDC8D02B3C4
FDB1D1C7AC573BA174781DD2DD7359FE	SubNetwork=SolarSystem/SubNetwork=Earth/SubNetwork=Europe/SubNetwork=Hungary/ENodeBFunction=11	11	{"mcc": "02", "mnc": "456", "mncLength": "3"}	urn:base64:RU5vZGVCRnVuY3Rpb246RkRCMUQxQzdBQzU3M0JBMTc0NzgxREQyREQ3MzU5RkU6UkVBTElTRURfQlk6UGh5c2ljYWxOZXR3b3JrQXBwbGlhbmNlOjM0QjYzRTFGQzUwRDFEQTQyOUNGNUNBOTQ3MTU3RUZD	34B63E1FC50D1DA429CF5CA947157EFC
FE3075645E2303A67B9D0BAD3CCB29BC	SubNetwork=SolarSystem/SubNetwork=Earth/SubNetwork=Europe/SubNetwork=Hungary/ENodeBFunction=12	12	{"mcc": "02", "mnc": "456", "mncLength": "3"}	urn:base64:RU5vZGVCRnVuY3Rpb246RkUzMDc1NjQ1RTIzMDNBNjdCOUQwQkFEM0NDQjI5QkM6UkVBTElTRURfQlk6UGh5c2ljYWxOZXR3b3JrQXBwbGlhbmNlOkUyM0M5MTQ3RkFENzk1OEU4NTU1MkE4MDVENkRGQ0ZG	E23C9147FAD7958E85552A805D6DFCFF
CF6B05084CD85A8C0943B77317510652	SubNetwork=SolarSystem/SubNetwork=Earth/SubNetwork=Europe/SubNetwork=Hungary/ENodeBFunction=13	13	{"mcc": "02", "mnc": "456", "mncLength": "3"}	urn:base64:RU5vZGVCRnVuY3Rpb246Q0Y2QjA1MDg0Q0Q4NUE4QzA5NDNCNzczMTc1MTA2NTI6UkVBTElTRURfQlk6UGh5c2ljYWxOZXR3b3JrQXBwbGlhbmNlOkVBMjk1M0NGMEEwODBGMTBFNjcyMkFFOTJFODU4Q0JC	EA2953CF0A080F10E6722AE92E858CBB
8094F5C9E30C346536F0A08A851338F6	SubNetwork=SolarSystem/SubNetwork=Earth/SubNetwork=Europe/SubNetwork=Hungary/ENodeBFunction=14	14	{"mcc": "02", "mnc": "456", "mncLength": "3"}	urn:base64:RU5vZGVCRnVuY3Rpb246ODA5NEY1QzlFMzBDMzQ2NTM2RjBBMDhBODUxMzM4RjY6UkVBTElTRURfQlk6UGh5c2ljYWxOZXR3b3JrQXBwbGlhbmNlOkQ5MjQ5NTUyMURDQ0M3REU0OTJCNUZFREM5RDRBNkUx	D92495521DCCC7DE492B5FEDC9D4A6E1
E87A72FDF835513E6BACBF730D5BA6C8	SubNetwork=SolarSystem/SubNetwork=Earth/SubNetwork=Europe/SubNetwork=Hungary/ENodeBFunction=15	15	{"mcc": "02", "mnc": "456", "mncLength": "3"}	urn:base64:RU5vZGVCRnVuY3Rpb246RTg3QTcyRkRGODM1NTEzRTZCQUNCRjczMEQ1QkE2Qzg6UkVBTElTRURfQlk6UGh5c2ljYWxOZXR3b3JrQXBwbGlhbmNlOkI5QjA0MkQzM0JDQzFDQjA3NDE0NERBM0Q1MzUxREJG	B9B042D33BCC1CB074144DA3D5351DBF
8E99154C3A70826BBD373F06BC1C752B	SubNetwork=SolarSystem/SubNetwork=Earth/SubNetwork=Europe/SubNetwork=Hungary/ENodeBFunction=16	16	{"mcc": "02", "mnc": "456", "mncLength": "3"}	urn:base64:RU5vZGVCRnVuY3Rpb246OEU5OTE1NEMzQTcwODI2QkJEMzczRjA2QkMxQzc1MkI6UkVBTElTRURfQlk6UGh5c2ljYWxOZXR3b3JrQXBwbGlhbmNlOjJFMjc0MjZCQzdEMERDOTk3NzA1MjgzMDBGMkRDNzRD	2E27426BC7D0DC99770528300F2DC74C
CEE5D7B02D903A316D0A017C50FC9993	SubNetwork=SolarSystem/SubNetwork=Earth/SubNetwork=Europe/SubNetwork=Hungary/ENodeBFunction=17	17	{"mcc": "02", "mnc": "456", "mncLength": "3"}	urn:base64:RU5vZGVCRnVuY3Rpb246Q0VFNUQ3QjAyRDkwM0EzMTZEMEEwMTdDNTBGQzk5OTM6UkVBTElTRURfQlk6UGh5c2ljYWxOZXR3b3JrQXBwbGlhbmNlOjIzMTJCOTIzRTY5NERCRTUwOEFDOTRFMjMyRDg3Q0ZG	2312B923E694DBE508AC94E232D87CFF
E240B26BA8EE38087134B6D22E24BBDB	SubNetwork=SolarSystem/SubNetwork=Earth/SubNetwork=Europe/SubNetwork=Hungary/ENodeBFunction=18	18	{"mcc": "02", "mnc": "456", "mncLength": "3"}	urn:base64:RU5vZGVCRnVuY3Rpb246RTI0MEIyNkJBOEVFMzgwODcxMzRCNkQyMkUyNEJCREI6UkVBTElTRURfQlk6UGh5c2ljYWxOZXR3b3JrQXBwbGlhbmNlOjA0MUZBNENGMEVFODdBNEM4RjRENzdDMThBMzgyODE5	041FA4CF0EE87A4C8F4D77C18A382819
FC195225D4CD060E249281C9BBDAF964	SubNetwork=SolarSystem/SubNetwork=Earth/SubNetwork=Europe/SubNetwork=Hungary/ENodeBFunction=19	19	{"mcc": "02", "mnc": "456", "mncLength": "3"}	urn:base64:RU5vZGVCRnVuY3Rpb246RkMxOTUyMjVENENEMDYwRTI0OTI4MUM5QkJEQUY5NjQ6UkVBTElTRURfQlk6UGh5c2ljYWxOZXR3b3JrQXBwbGlhbmNlOjI2OEMyMkQyRkJGOUJGRDlBNDZGQ0FCRDc5RTc0MjNB	268C22D2FBF9BFD9A46FCABD79E7423A
0C2651AB5D430123729B336E8635E0E0	SubNetwork=SolarSystem/SubNetwork=Earth/SubNetwork=Europe/SubNetwork=Hungary/ENodeBFunction=20	20	{"mcc": "02", "mnc": "456", "mncLength": "3"}	urn:base64:RU5vZGVCRnVuY3Rpb246MEMyNjUxQUI1RDQzMDEyMzcyOUIzMzZFODYzNUUwRTA6UkVBTElTRURfQlk6UGh5c2ljYWxOZXR3b3JrQXBwbGlhbmNlOjNCMDJGNUExQzY5NDcwRTkxODM0NDMyNzYxQ0FFQkZC	3B02F5A1C69470E91834432761CAEBFB
\.

COPY ties_data."EUtranCell" (id, fdn, "cellId", earfcndl, earfcnul, earfcn, tac, "duplexType", "REL_ENODEBFUNCTION_PROVIDES_EUTRANCELL_EIID", "REL_SECTOR_GROUPS_EUTRANCELL_EIID", "REL_ENODEBFUNCTION_PROVIDES_EUTRANCELL", "REL_SECTOR_GROUPS_EUTRANCELL") FROM stdin;
12AE3AAB332B7CBA75F5B61A3E11D9D7	SubNetwork=SolarSystem/SubNetwork=Earth/SubNetwork=Europe/SubNetwork=Hungary/EUtranCell=1	1	456	789	123	1	FDD	urn:base64:RU5vZGVCRnVuY3Rpb246OEVGQUQyRjMwNTQ5OURDRDM2MDA0MEJENkY1N0I1NEU6UFJPVklERVM6RVV0cmFuQ2VsbDoxMkFFM0FBQjMzMkI3Q0JBNzVGNUI2MUEzRTExRDlENw==	urn:base64:U2VjdG9yOjJGNDQ1QUE1NzQ0RkEzRDIzMEZENjgzODUzMUYxNDA3OkdST1VQUzpFVXRyYW5DZWxsOjEyQUUzQUFCMzMyQjdDQkE3NUY1QjYxQTNFMTFEOUQ3	8EFAD2F305499DCD360040BD6F57B54E	2F445AA5744FA3D230FD6838531F1407
21212B52246A87F922337659491424E2	SubNetwork=SolarSystem/SubNetwork=Earth/SubNetwork=Europe/SubNetwork=Hungary/EUtranCell=2	2	456	789	123	1	FDD	urn:base64:RU5vZGVCRnVuY3Rpb246OEVGQUQyRjMwNTQ5OURDRDM2MDA0MEJENkY1N0I1NEU6UFJPVklERVM6RVV0cmFuQ2VsbDoyMTIxMkI1MjI0NkE4N0Y5MjIzMzc2NTk0OTE0MjRFMg==	urn:base64:U2VjdG9yOjJGNDQ1QUE1NzQ0RkEzRDIzMEZENjgzODUzMUYxNDA3OkdST1VQUzpFVXRyYW5DZWxsOjIxMjEyQjUyMjQ2QTg3RjkyMjMzNzY1OTQ5MTQyNEUy	8EFAD2F305499DCD360040BD6F57B54E	2F445AA5744FA3D230FD6838531F1407
C9DD733A18BC9CA66EAE0AA5688EE685	SubNetwork=SolarSystem/SubNetwork=Earth/SubNetwork=Europe/SubNetwork=Hungary/EUtranCell=3	3	456	789	123	1	FDD	urn:base64:RU5vZGVCRnVuY3Rpb246OEVGQUQyRjMwNTQ5OURDRDM2MDA0MEJENkY1N0I1NEU6UFJPVklERVM6RVV0cmFuQ2VsbDpDOURENzMzQTE4QkM5Q0E2NkVBRTBBQTU2ODhFRTY4NQ==	urn:base64:U2VjdG9yOjJGNDQ1QUE1NzQ0RkEzRDIzMEZENjgzODUzMUYxNDA3OkdST1VQUzpFVXRyYW5DZWxsOkM5REQ3MzNBMThCQzlDQTY2RUFFMEFBNTY4OEVFNjg1	8EFAD2F305499DCD360040BD6F57B54E	2F445AA5744FA3D230FD6838531F1407
63E88935744D6C3EB59EFE02CDABC063	SubNetwork=SolarSystem/SubNetwork=Earth/SubNetwork=Europe/SubNetwork=Hungary/EUtranCell=4	4	456	789	123	1	FDD	urn:base64:RU5vZGVCRnVuY3Rpb246OEVGQUQyRjMwNTQ5OURDRDM2MDA0MEJENkY1N0I1NEU6UFJPVklERVM6RVV0cmFuQ2VsbDo2M0U4ODkzNTc0NEQ2QzNFQjU5RUZFMDJDREFCQzA2Mw==	urn:base64:U2VjdG9yOjJGNDQ1QUE1NzQ0RkEzRDIzMEZENjgzODUzMUYxNDA3OkdST1VQUzpFVXRyYW5DZWxsOjYzRTg4OTM1NzQ0RDZDM0VCNTlFRkUwMkNEQUJDMDYz	8EFAD2F305499DCD360040BD6F57B54E	2F445AA5744FA3D230FD6838531F1407
59A2204924C4C1601A19AC8847D302E8	SubNetwork=SolarSystem/SubNetwork=Earth/SubNetwork=Europe/SubNetwork=Hungary/EUtranCell=5	5	456	789	123	1	FDD	urn:base64:RU5vZGVCRnVuY3Rpb246QzY2OTRGMDM3NjhBRjlFRTgzREMyOTNDMTA0NzMwNzY6UFJPVklERVM6RVV0cmFuQ2VsbDo1OUEyMjA0OTI0QzRDMTYwMUExOUFDODg0N0QzMDJFOA==	urn:base64:U2VjdG9yOjJGNDQ1QUE1NzQ0RkEzRDIzMEZENjgzODUzMUYxNDA3OkdST1VQUzpFVXRyYW5DZWxsOjU5QTIyMDQ5MjRDNEMxNjAxQTE5QUM4ODQ3RDMwMkU4	C6694F03768AF9EE83DC293C10473076	2F445AA5744FA3D230FD6838531F1407
8926691599892761C9FF8CF3F325068E	SubNetwork=SolarSystem/SubNetwork=Earth/SubNetwork=Europe/SubNetwork=Hungary/EUtranCell=6	6	456	789	123	1	FDD	urn:base64:RU5vZGVCRnVuY3Rpb246QzY2OTRGMDM3NjhBRjlFRTgzREMyOTNDMTA0NzMwNzY6UFJPVklERVM6RVV0cmFuQ2VsbDo4OTI2NjkxNTk5ODkyNzYxQzlGRjhDRjNGMzI1MDY4RQ==	urn:base64:U2VjdG9yOjJGNDQ1QUE1NzQ0RkEzRDIzMEZENjgzODUzMUYxNDA3OkdST1VQUzpFVXRyYW5DZWxsOjg5MjY2OTE1OTk4OTI3NjFDOUZGOENGM0YzMjUwNjhF	C6694F03768AF9EE83DC293C10473076	2F445AA5744FA3D230FD6838531F1407
689B6BBFDD5B426FEDA6B1CE46F8B893	SubNetwork=SolarSystem/SubNetwork=Earth/SubNetwork=Europe/SubNetwork=Hungary/EUtranCell=7	7	456	789	123	1	FDD	urn:base64:RU5vZGVCRnVuY3Rpb246QzY2OTRGMDM3NjhBRjlFRTgzREMyOTNDMTA0NzMwNzY6UFJPVklERVM6RVV0cmFuQ2VsbDo2ODlCNkJCRkRENUI0MjZGRURBNkIxQ0U0NkY4Qjg5Mw==	urn:base64:U2VjdG9yOjJGNDQ1QUE1NzQ0RkEzRDIzMEZENjgzODUzMUYxNDA3OkdST1VQUzpFVXRyYW5DZWxsOjY4OUI2QkJGREQ1QjQyNkZFREE2QjFDRTQ2RjhCODkz	C6694F03768AF9EE83DC293C10473076	2F445AA5744FA3D230FD6838531F1407
A275D1706536A77D7ABA6BA2A3C56DFE	SubNetwork=SolarSystem/SubNetwork=Earth/SubNetwork=Europe/SubNetwork=Hungary/EUtranCell=8	8	456	789	123	1	FDD	urn:base64:RU5vZGVCRnVuY3Rpb246QzY2OTRGMDM3NjhBRjlFRTgzREMyOTNDMTA0NzMwNzY6UFJPVklERVM6RVV0cmFuQ2VsbDpBMjc1RDE3MDY1MzZBNzdEN0FCQTZCQTJBM0M1NkRGRQ==	urn:base64:U2VjdG9yOjJGNDQ1QUE1NzQ0RkEzRDIzMEZENjgzODUzMUYxNDA3OkdST1VQUzpFVXRyYW5DZWxsOkEyNzVEMTcwNjUzNkE3N0Q3QUJBNkJBMkEzQzU2REZF	C6694F03768AF9EE83DC293C10473076	2F445AA5744FA3D230FD6838531F1407
08ABC73D86C5B8380BBC5B524CCEC862	SubNetwork=SolarSystem/SubNetwork=Earth/SubNetwork=Europe/SubNetwork=Hungary/EUtranCell=9	9	456	789	123	1	FDD	urn:base64:RU5vZGVCRnVuY3Rpb246NTRENjI1NzdBMkIzRUQzNzNGQTQ3QkJEODlBNjc0NzM6UFJPVklERVM6RVV0cmFuQ2VsbDowOEFCQzczRDg2QzVCODM4MEJCQzVCNTI0Q0NFQzg2Mg==	urn:base64:U2VjdG9yOjJGNDQ1QUE1NzQ0RkEzRDIzMEZENjgzODUzMUYxNDA3OkdST1VQUzpFVXRyYW5DZWxsOjA4QUJDNzNEODZDNUI4MzgwQkJDNUI1MjRDQ0VDODYy	54D62577A2B3ED373FA47BBD89A67473	2F445AA5744FA3D230FD6838531F1407
B611F63DE77FC5C333A17EC047E5EF43	SubNetwork=SolarSystem/SubNetwork=Earth/SubNetwork=Europe/SubNetwork=Hungary/EUtranCell=10	10	456	789	123	1	FDD	urn:base64:RU5vZGVCRnVuY3Rpb246NTRENjI1NzdBMkIzRUQzNzNGQTQ3QkJEODlBNjc0NzM6UFJPVklERVM6RVV0cmFuQ2VsbDpCNjExRjYzREU3N0ZDNUMzMzNBMTdFQzA0N0U1RUY0Mw==	urn:base64:U2VjdG9yOjJGNDQ1QUE1NzQ0RkEzRDIzMEZENjgzODUzMUYxNDA3OkdST1VQUzpFVXRyYW5DZWxsOkI2MTFGNjNERTc3RkM1QzMzM0ExN0VDMDQ3RTVFRjQz	54D62577A2B3ED373FA47BBD89A67473	2F445AA5744FA3D230FD6838531F1407
CF8344F795B13350050E52C83B97DCB9	SubNetwork=SolarSystem/SubNetwork=Earth/SubNetwork=Europe/SubNetwork=Hungary/EUtranCell=11	11	456	789	123	1	FDD	urn:base64:RU5vZGVCRnVuY3Rpb246NTRENjI1NzdBMkIzRUQzNzNGQTQ3QkJEODlBNjc0NzM6UFJPVklERVM6RVV0cmFuQ2VsbDpDRjgzNDRGNzk1QjEzMzUwMDUwRTUyQzgzQjk3RENCOQ==	urn:base64:U2VjdG9yOjJGNDQ1QUE1NzQ0RkEzRDIzMEZENjgzODUzMUYxNDA3OkdST1VQUzpFVXRyYW5DZWxsOkNGODM0NEY3OTVCMTMzNTAwNTBFNTJDODNCOTdEQ0I5	54D62577A2B3ED373FA47BBD89A67473	2F445AA5744FA3D230FD6838531F1407
59A2E7E8504125EB8DF3765FAEBAA53B	SubNetwork=SolarSystem/SubNetwork=Earth/SubNetwork=Europe/SubNetwork=Hungary/EUtranCell=12	12	456	789	123	1	FDD	urn:base64:RU5vZGVCRnVuY3Rpb246NTRENjI1NzdBMkIzRUQzNzNGQTQ3QkJEODlBNjc0NzM6UFJPVklERVM6RVV0cmFuQ2VsbDo1OUEyRTdFODUwNDEyNUVCOERGMzc2NUZBRUJBQTUzQg==	urn:base64:U2VjdG9yOjJGNDQ1QUE1NzQ0RkEzRDIzMEZENjgzODUzMUYxNDA3OkdST1VQUzpFVXRyYW5DZWxsOjU5QTJFN0U4NTA0MTI1RUI4REYzNzY1RkFFQkFBNTNC	54D62577A2B3ED373FA47BBD89A67473	2F445AA5744FA3D230FD6838531F1407
DBA83230C0FA71993F8FDD836354223E	SubNetwork=SolarSystem/SubNetwork=Earth/SubNetwork=Europe/SubNetwork=Hungary/EUtranCell=13	13	456	789	123	1	FDD	urn:base64:RU5vZGVCRnVuY3Rpb246M0I2MDNDRDNFNzRGMEY5MDUzREVGMDYzRUZBRjIwMTI6UFJPVklERVM6RVV0cmFuQ2VsbDpEQkE4MzIzMEMwRkE3MTk5M0Y4RkREODM2MzU0MjIzRQ==	\N	3B603CD3E74F0F9053DEF063EFAF2012	\N
E0FECB6B51C69932562B6C194362CC8E	SubNetwork=SolarSystem/SubNetwork=Earth/SubNetwork=Europe/SubNetwork=Hungary/EUtranCell=14	14	456	789	123	1	FDD	urn:base64:RU5vZGVCRnVuY3Rpb246M0I2MDNDRDNFNzRGMEY5MDUzREVGMDYzRUZBRjIwMTI6UFJPVklERVM6RVV0cmFuQ2VsbDpFMEZFQ0I2QjUxQzY5OTMyNTYyQjZDMTk0MzYyQ0M4RQ==	\N	3B603CD3E74F0F9053DEF063EFAF2012	\N
227EC58BE9277A999B66B53E6C616CF8	SubNetwork=SolarSystem/SubNetwork=Earth/SubNetwork=Europe/SubNetwork=Hungary/EUtranCell=15	15	456	789	123	1	FDD	urn:base64:RU5vZGVCRnVuY3Rpb246M0I2MDNDRDNFNzRGMEY5MDUzREVGMDYzRUZBRjIwMTI6UFJPVklERVM6RVV0cmFuQ2VsbDoyMjdFQzU4QkU5Mjc3QTk5OUI2NkI1M0U2QzYxNkNGOA==	\N	3B603CD3E74F0F9053DEF063EFAF2012	\N
A5D220B1DFEA928C17B8BB92DF126488	SubNetwork=SolarSystem/SubNetwork=Earth/SubNetwork=Europe/SubNetwork=Hungary/EUtranCell=16	16	456	789	123	1	FDD	urn:base64:RU5vZGVCRnVuY3Rpb246M0I2MDNDRDNFNzRGMEY5MDUzREVGMDYzRUZBRjIwMTI6UFJPVklERVM6RVV0cmFuQ2VsbDpBNUQyMjBCMURGRUE5MjhDMTdCOEJCOTJERjEyNjQ4OA==	\N	3B603CD3E74F0F9053DEF063EFAF2012	\N
67FFC7F75A2EF0CAAC8CE70AAF72B105	SubNetwork=SolarSystem/SubNetwork=Earth/SubNetwork=Europe/SubNetwork=Hungary/EUtranCell=17	17	456	789	123	1	FDD	urn:base64:RU5vZGVCRnVuY3Rpb246MUQ5OTE3NTkwRTVGNzVGNDRERjdFRjYyNjU5MkMyQzc6UFJPVklERVM6RVV0cmFuQ2VsbDo2N0ZGQzdGNzVBMkVGMENBQUM4Q0U3MEFBRjcyQjEwNQ==	\N	1D9917590E5F75F44DF7EF626592C2C7	\N
BB1843D2601AE705F34BF12D2A422033	SubNetwork=SolarSystem/SubNetwork=Earth/SubNetwork=Europe/SubNetwork=Hungary/EUtranCell=18	18	456	789	123	1	FDD	urn:base64:RU5vZGVCRnVuY3Rpb246MUQ5OTE3NTkwRTVGNzVGNDRERjdFRjYyNjU5MkMyQzc6UFJPVklERVM6RVV0cmFuQ2VsbDpCQjE4NDNEMjYwMUFFNzA1RjM0QkYxMkQyQTQyMjAzMw==	\N	1D9917590E5F75F44DF7EF626592C2C7	\N
8F6E230CF265F8C5A14792C09A668690	SubNetwork=SolarSystem/SubNetwork=Earth/SubNetwork=Europe/SubNetwork=Hungary/EUtranCell=19	19	456	789	123	1	FDD	urn:base64:RU5vZGVCRnVuY3Rpb246MUQ5OTE3NTkwRTVGNzVGNDRERjdFRjYyNjU5MkMyQzc6UFJPVklERVM6RVV0cmFuQ2VsbDo4RjZFMjMwQ0YyNjVGOEM1QTE0NzkyQzA5QTY2ODY5MA==	\N	1D9917590E5F75F44DF7EF626592C2C7	\N
65A7BB72ABC34E7D2C9D20BD22B03F60	SubNetwork=SolarSystem/SubNetwork=Earth/SubNetwork=Europe/SubNetwork=Hungary/EUtranCell=20	20	456	789	123	1	FDD	urn:base64:RU5vZGVCRnVuY3Rpb246MUQ5OTE3NTkwRTVGNzVGNDRERjdFRjYyNjU5MkMyQzc6UFJPVklERVM6RVV0cmFuQ2VsbDo2NUE3QkI3MkFCQzM0RTdEMkM5RDIwQkQyMkIwM0Y2MA==	\N	1D9917590E5F75F44DF7EF626592C2C7	\N
47518775399CE9F74BA299FC7C033732	SubNetwork=SolarSystem/SubNetwork=Earth/SubNetwork=Europe/SubNetwork=Hungary/EUtranCell=21	21	456	789	123	1	FDD	urn:base64:RU5vZGVCRnVuY3Rpb246QjNCMzg0NUU3RDg5MTBENjkwNkI1RUI0MUE4RTA2OTY6UFJPVklERVM6RVV0cmFuQ2VsbDo0NzUxODc3NTM5OUNFOUY3NEJBMjk5RkM3QzAzMzczMg==	\N	B3B3845E7D8910D6906B5EB41A8E0696	\N
F4C7D348240B9E2AE1C30DBA8A8225FC	SubNetwork=SolarSystem/SubNetwork=Earth/SubNetwork=Europe/SubNetwork=Hungary/EUtranCell=22	22	456	789	123	1	FDD	urn:base64:RU5vZGVCRnVuY3Rpb246QjNCMzg0NUU3RDg5MTBENjkwNkI1RUI0MUE4RTA2OTY6UFJPVklERVM6RVV0cmFuQ2VsbDpGNEM3RDM0ODI0MEI5RTJBRTFDMzBEQkE4QTgyMjVGQw==	\N	B3B3845E7D8910D6906B5EB41A8E0696	\N
0157056AAD7D700AB74649AD23AB3516	SubNetwork=SolarSystem/SubNetwork=Earth/SubNetwork=Europe/SubNetwork=Hungary/EUtranCell=23	23	456	789	123	1	FDD	urn:base64:RU5vZGVCRnVuY3Rpb246QjNCMzg0NUU3RDg5MTBENjkwNkI1RUI0MUE4RTA2OTY6UFJPVklERVM6RVV0cmFuQ2VsbDowMTU3MDU2QUFEN0Q3MDBBQjc0NjQ5QUQyM0FCMzUxNg==	\N	B3B3845E7D8910D6906B5EB41A8E0696	\N
B4066E743DCF48F02433A30045B2BD67	SubNetwork=SolarSystem/SubNetwork=Earth/SubNetwork=Europe/SubNetwork=Hungary/EUtranCell=24	24	456	789	123	1	FDD	urn:base64:RU5vZGVCRnVuY3Rpb246QjNCMzg0NUU3RDg5MTBENjkwNkI1RUI0MUE4RTA2OTY6UFJPVklERVM6RVV0cmFuQ2VsbDpCNDA2NkU3NDNEQ0Y0OEYwMjQzM0EzMDA0NUIyQkQ2Nw==	\N	B3B3845E7D8910D6906B5EB41A8E0696	\N
9481FE5EE7027E8FFC5F6C5054E0458D	SubNetwork=SolarSystem/SubNetwork=Earth/SubNetwork=Europe/SubNetwork=Hungary/EUtranCell=25	25	456	789	123	1	FDD	urn:base64:RU5vZGVCRnVuY3Rpb246NEM4QjI0QUMwMTFBNzM0QTVGRUJGMzIxQzc3Mjg5QUI6UFJPVklERVM6RVV0cmFuQ2VsbDo5NDgxRkU1RUU3MDI3RThGRkM1RjZDNTA1NEUwNDU4RA==	\N	4C8B24AC011A734A5FEBF321C77289AB	\N
642E1BBE8723AC9C4590F6703EDC44F1	SubNetwork=SolarSystem/SubNetwork=Earth/SubNetwork=Europe/SubNetwork=Hungary/EUtranCell=26	26	456	789	123	1	FDD	urn:base64:RU5vZGVCRnVuY3Rpb246NEM4QjI0QUMwMTFBNzM0QTVGRUJGMzIxQzc3Mjg5QUI6UFJPVklERVM6RVV0cmFuQ2VsbDo2NDJFMUJCRTg3MjNBQzlDNDU5MEY2NzAzRURDNDRGMQ==	\N	4C8B24AC011A734A5FEBF321C77289AB	\N
123345DFD745627E51F8E140993329B1	SubNetwork=SolarSystem/SubNetwork=Earth/SubNetwork=Europe/SubNetwork=Hungary/EUtranCell=27	27	456	789	123	1	FDD	urn:base64:RU5vZGVCRnVuY3Rpb246NEM4QjI0QUMwMTFBNzM0QTVGRUJGMzIxQzc3Mjg5QUI6UFJPVklERVM6RVV0cmFuQ2VsbDoxMjMzNDVERkQ3NDU2MjdFNTFGOEUxNDA5OTMzMjlCMQ==	\N	4C8B24AC011A734A5FEBF321C77289AB	\N
204DA5409FF80E9758648DB75A639FB3	SubNetwork=SolarSystem/SubNetwork=Earth/SubNetwork=Europe/SubNetwork=Hungary/EUtranCell=28	28	456	789	123	1	FDD	urn:base64:RU5vZGVCRnVuY3Rpb246NEM4QjI0QUMwMTFBNzM0QTVGRUJGMzIxQzc3Mjg5QUI6UFJPVklERVM6RVV0cmFuQ2VsbDoyMDREQTU0MDlGRjgwRTk3NTg2NDhEQjc1QTYzOUZCMw==	\N	4C8B24AC011A734A5FEBF321C77289AB	\N
02D627EE69354C3244CF3CE887BE50F3	SubNetwork=SolarSystem/SubNetwork=Earth/SubNetwork=Europe/SubNetwork=Hungary/EUtranCell=29	29	456	789	123	1	FDD	urn:base64:RU5vZGVCRnVuY3Rpb246OTYyMjBCNjRENEE0QzZGNkIxN0RGMzBCMTJCODQxRDM6UFJPVklERVM6RVV0cmFuQ2VsbDowMkQ2MjdFRTY5MzU0QzMyNDRDRjNDRTg4N0JFNTBGMw==	\N	96220B64D4A4C6F6B17DF30B12B841D3	\N
E7970AA806886DD3DD228D9AD939E8B5	SubNetwork=SolarSystem/SubNetwork=Earth/SubNetwork=Europe/SubNetwork=Hungary/EUtranCell=30	30	456	789	123	1	FDD	urn:base64:RU5vZGVCRnVuY3Rpb246OTYyMjBCNjRENEE0QzZGNkIxN0RGMzBCMTJCODQxRDM6UFJPVklERVM6RVV0cmFuQ2VsbDpFNzk3MEFBODA2ODg2REQzREQyMjhEOUFEOTM5RThCNQ==	\N	96220B64D4A4C6F6B17DF30B12B841D3	\N
C677054B2AA8339E00BCD230E3785DA3	SubNetwork=SolarSystem/SubNetwork=Earth/SubNetwork=Europe/SubNetwork=Hungary/EUtranCell=31	31	456	789	123	1	FDD	urn:base64:RU5vZGVCRnVuY3Rpb246OTYyMjBCNjRENEE0QzZGNkIxN0RGMzBCMTJCODQxRDM6UFJPVklERVM6RVV0cmFuQ2VsbDpDNjc3MDU0QjJBQTgzMzlFMDBCQ0QyMzBFMzc4NURBMw==	\N	96220B64D4A4C6F6B17DF30B12B841D3	\N
7FAE51F52ECAC791B2407BDB68B5A7F7	SubNetwork=SolarSystem/SubNetwork=Earth/SubNetwork=Europe/SubNetwork=Hungary/EUtranCell=32	32	456	789	123	1	FDD	urn:base64:RU5vZGVCRnVuY3Rpb246OTYyMjBCNjRENEE0QzZGNkIxN0RGMzBCMTJCODQxRDM6UFJPVklERVM6RVV0cmFuQ2VsbDo3RkFFNTFGNTJFQ0FDNzkxQjI0MDdCREI2OEI1QTdGNw==	\N	96220B64D4A4C6F6B17DF30B12B841D3	\N
67D200D0CC216063129C7A9E844BF0F0	SubNetwork=SolarSystem/SubNetwork=Earth/SubNetwork=Europe/SubNetwork=Hungary/EUtranCell=33	33	456	789	123	1	FDD	urn:base64:RU5vZGVCRnVuY3Rpb246NEZCQTQ1RkIxMkQyOEY5MTA2QTA5RTA0NURFOTAyNTQ6UFJPVklERVM6RVV0cmFuQ2VsbDo2N0QyMDBEMENDMjE2MDYzMTI5QzdBOUU4NDRCRjBGMA==	\N	4FBA45FB12D28F9106A09E045DE90254	\N
30B303C19C0C8F057A1D2397105D346E	SubNetwork=SolarSystem/SubNetwork=Earth/SubNetwork=Europe/SubNetwork=Hungary/EUtranCell=34	34	456	789	123	1	FDD	urn:base64:RU5vZGVCRnVuY3Rpb246NEZCQTQ1RkIxMkQyOEY5MTA2QTA5RTA0NURFOTAyNTQ6UFJPVklERVM6RVV0cmFuQ2VsbDozMEIzMDNDMTlDMEM4RjA1N0ExRDIzOTcxMDVEMzQ2RQ==	\N	4FBA45FB12D28F9106A09E045DE90254	\N
98037769BA85EBE942522D5C4C6CB02F	SubNetwork=SolarSystem/SubNetwork=Earth/SubNetwork=Europe/SubNetwork=Hungary/EUtranCell=35	35	456	789	123	1	FDD	urn:base64:RU5vZGVCRnVuY3Rpb246NEZCQTQ1RkIxMkQyOEY5MTA2QTA5RTA0NURFOTAyNTQ6UFJPVklERVM6RVV0cmFuQ2VsbDo5ODAzNzc2OUJBODVFQkU5NDI1MjJENUM0QzZDQjAyRg==	\N	4FBA45FB12D28F9106A09E045DE90254	\N
B2C3516887144F66EF3F31F641737DA0	SubNetwork=SolarSystem/SubNetwork=Earth/SubNetwork=Europe/SubNetwork=Hungary/EUtranCell=36	36	456	789	123	1	FDD	urn:base64:RU5vZGVCRnVuY3Rpb246NEZCQTQ1RkIxMkQyOEY5MTA2QTA5RTA0NURFOTAyNTQ6UFJPVklERVM6RVV0cmFuQ2VsbDpCMkMzNTE2ODg3MTQ0RjY2RUYzRjMxRjY0MTczN0RBMA==	\N	4FBA45FB12D28F9106A09E045DE90254	\N
E312426E3CEA83823D343B265B38818A	SubNetwork=SolarSystem/SubNetwork=Earth/SubNetwork=Europe/SubNetwork=Hungary/EUtranCell=37	37	456	789	123	1	FDD	urn:base64:RU5vZGVCRnVuY3Rpb246MjIyQjNCNTk0MkEyMzExNUI5QzFBQzJCOTRBRjg1NDg6UFJPVklERVM6RVV0cmFuQ2VsbDpFMzEyNDI2RTNDRUE4MzgyM0QzNDNCMjY1QjM4ODE4QQ==	\N	222B3B5942A23115B9C1AC2B94AF8548	\N
A7925E8575009D0F16D185E257879770	SubNetwork=SolarSystem/SubNetwork=Earth/SubNetwork=Europe/SubNetwork=Hungary/EUtranCell=38	38	456	789	123	1	FDD	urn:base64:RU5vZGVCRnVuY3Rpb246MjIyQjNCNTk0MkEyMzExNUI5QzFBQzJCOTRBRjg1NDg6UFJPVklERVM6RVV0cmFuQ2VsbDpBNzkyNUU4NTc1MDA5RDBGMTZEMTg1RTI1Nzg3OTc3MA==	\N	222B3B5942A23115B9C1AC2B94AF8548	\N
72BC25B5613B9BC530820958F393E90C	SubNetwork=SolarSystem/SubNetwork=Earth/SubNetwork=Europe/SubNetwork=Hungary/EUtranCell=39	39	456	789	123	1	FDD	urn:base64:RU5vZGVCRnVuY3Rpb246MjIyQjNCNTk0MkEyMzExNUI5QzFBQzJCOTRBRjg1NDg6UFJPVklERVM6RVV0cmFuQ2VsbDo3MkJDMjVCNTYxM0I5QkM1MzA4MjA5NThGMzkzRTkwQw==	\N	222B3B5942A23115B9C1AC2B94AF8548	\N
AAF63B5C5CE80B318F4452560C9B5E5B	SubNetwork=SolarSystem/SubNetwork=Earth/SubNetwork=Europe/SubNetwork=Hungary/EUtranCell=40	40	456	789	123	1	FDD	urn:base64:RU5vZGVCRnVuY3Rpb246MjIyQjNCNTk0MkEyMzExNUI5QzFBQzJCOTRBRjg1NDg6UFJPVklERVM6RVV0cmFuQ2VsbDpBQUY2M0I1QzVDRTgwQjMxOEY0NDUyNTYwQzlCNUU1Qg==	\N	222B3B5942A23115B9C1AC2B94AF8548	\N
E0F686B41ABE51CF5C009608A1BB984F	SubNetwork=SolarSystem/SubNetwork=Earth/SubNetwork=Europe/SubNetwork=Hungary/EUtranCell=41	41	456	789	123	1	FDD	urn:base64:RU5vZGVCRnVuY3Rpb246RkRCMUQxQzdBQzU3M0JBMTc0NzgxREQyREQ3MzU5RkU6UFJPVklERVM6RVV0cmFuQ2VsbDpFMEY2ODZCNDFBQkU1MUNGNUMwMDk2MDhBMUJCOTg0Rg==	\N	FDB1D1C7AC573BA174781DD2DD7359FE	\N
0AB0C425E937EE4E7B798798520F1CA3	SubNetwork=SolarSystem/SubNetwork=Earth/SubNetwork=Europe/SubNetwork=Hungary/EUtranCell=42	42	456	789	123	1	FDD	urn:base64:RU5vZGVCRnVuY3Rpb246RkRCMUQxQzdBQzU3M0JBMTc0NzgxREQyREQ3MzU5RkU6UFJPVklERVM6RVV0cmFuQ2VsbDowQUIwQzQyNUU5MzdFRTRFN0I3OTg3OTg1MjBGMUNBMw==	\N	FDB1D1C7AC573BA174781DD2DD7359FE	\N
ABAC1A34D71EAE18E71987C15DED1D71	SubNetwork=SolarSystem/SubNetwork=Earth/SubNetwork=Europe/SubNetwork=Hungary/EUtranCell=43	43	456	789	123	1	FDD	urn:base64:RU5vZGVCRnVuY3Rpb246RkRCMUQxQzdBQzU3M0JBMTc0NzgxREQyREQ3MzU5RkU6UFJPVklERVM6RVV0cmFuQ2VsbDpBQkFDMUEzNEQ3MUVBRTE4RTcxOTg3QzE1REVEMUQ3MQ==	\N	FDB1D1C7AC573BA174781DD2DD7359FE	\N
BB47B85699CA2CACFF9F2011FA2D6CC2	SubNetwork=SolarSystem/SubNetwork=Earth/SubNetwork=Europe/SubNetwork=Hungary/EUtranCell=44	44	456	789	123	1	FDD	urn:base64:RU5vZGVCRnVuY3Rpb246RkRCMUQxQzdBQzU3M0JBMTc0NzgxREQyREQ3MzU5RkU6UFJPVklERVM6RVV0cmFuQ2VsbDpCQjQ3Qjg1Njk5Q0EyQ0FDRkY5RjIwMTFGQTJENkNDMg==	\N	FDB1D1C7AC573BA174781DD2DD7359FE	\N
FB6CBB0CBBC6F11868B94ED977156677	SubNetwork=SolarSystem/SubNetwork=Earth/SubNetwork=Europe/SubNetwork=Hungary/EUtranCell=45	45	456	789	123	1	FDD	urn:base64:RU5vZGVCRnVuY3Rpb246RkUzMDc1NjQ1RTIzMDNBNjdCOUQwQkFEM0NDQjI5QkM6UFJPVklERVM6RVV0cmFuQ2VsbDpGQjZDQkIwQ0JCQzZGMTE4NjhCOTRFRDk3NzE1NjY3Nw==	\N	FE3075645E2303A67B9D0BAD3CCB29BC	\N
04288A9A95188D1F1DD59C90A49D2649	SubNetwork=SolarSystem/SubNetwork=Earth/SubNetwork=Europe/SubNetwork=Hungary/EUtranCell=46	46	456	789	123	1	FDD	urn:base64:RU5vZGVCRnVuY3Rpb246RkUzMDc1NjQ1RTIzMDNBNjdCOUQwQkFEM0NDQjI5QkM6UFJPVklERVM6RVV0cmFuQ2VsbDowNDI4OEE5QTk1MTg4RDFGMURENTlDOTBBNDlEMjY0OQ==	\N	FE3075645E2303A67B9D0BAD3CCB29BC	\N
2A6054CCCD7179F09BC118B2818B1ADE	SubNetwork=SolarSystem/SubNetwork=Earth/SubNetwork=Europe/SubNetwork=Hungary/EUtranCell=47	47	456	789	123	1	FDD	urn:base64:RU5vZGVCRnVuY3Rpb246RkUzMDc1NjQ1RTIzMDNBNjdCOUQwQkFEM0NDQjI5QkM6UFJPVklERVM6RVV0cmFuQ2VsbDoyQTYwNTRDQ0NENzE3OUYwOUJDMTE4QjI4MThCMUFERQ==	\N	FE3075645E2303A67B9D0BAD3CCB29BC	\N
51C5046896461BA89744F75384ABDB93	SubNetwork=SolarSystem/SubNetwork=Earth/SubNetwork=Europe/SubNetwork=Hungary/EUtranCell=48	48	456	789	123	1	FDD	urn:base64:RU5vZGVCRnVuY3Rpb246RkUzMDc1NjQ1RTIzMDNBNjdCOUQwQkFEM0NDQjI5QkM6UFJPVklERVM6RVV0cmFuQ2VsbDo1MUM1MDQ2ODk2NDYxQkE4OTc0NEY3NTM4NEFCREI5Mw==	\N	FE3075645E2303A67B9D0BAD3CCB29BC	\N
7C9D2459365CC80BCEC84E4DB9713120	SubNetwork=SolarSystem/SubNetwork=Earth/SubNetwork=Europe/SubNetwork=Hungary/EUtranCell=49	49	456	789	123	1	FDD	urn:base64:RU5vZGVCRnVuY3Rpb246Q0Y2QjA1MDg0Q0Q4NUE4QzA5NDNCNzczMTc1MTA2NTI6UFJPVklERVM6RVV0cmFuQ2VsbDo3QzlEMjQ1OTM2NUNDODBCQ0VDODRFNERCOTcxMzEyMA==	\N	CF6B05084CD85A8C0943B77317510652	\N
9C4358CADC08E56A19E8FEE1C01A706F	SubNetwork=SolarSystem/SubNetwork=Earth/SubNetwork=Europe/SubNetwork=Hungary/EUtranCell=50	50	456	789	123	1	FDD	urn:base64:RU5vZGVCRnVuY3Rpb246Q0Y2QjA1MDg0Q0Q4NUE4QzA5NDNCNzczMTc1MTA2NTI6UFJPVklERVM6RVV0cmFuQ2VsbDo5QzQzNThDQURDMDhFNTZBMTlFOEZFRTFDMDFBNzA2Rg==	\N	CF6B05084CD85A8C0943B77317510652	\N
F40242B0F0708E09BB07635BC7505776	SubNetwork=SolarSystem/SubNetwork=Earth/SubNetwork=Europe/SubNetwork=Hungary/EUtranCell=51	51	456	789	123	1	FDD	urn:base64:RU5vZGVCRnVuY3Rpb246Q0Y2QjA1MDg0Q0Q4NUE4QzA5NDNCNzczMTc1MTA2NTI6UFJPVklERVM6RVV0cmFuQ2VsbDpGNDAyNDJCMEYwNzA4RTA5QkIwNzYzNUJDNzUwNTc3Ng==	\N	CF6B05084CD85A8C0943B77317510652	\N
353E445EAFE3FA586D6768F72A2623A4	SubNetwork=SolarSystem/SubNetwork=Earth/SubNetwork=Europe/SubNetwork=Hungary/EUtranCell=52	52	456	789	123	1	FDD	urn:base64:RU5vZGVCRnVuY3Rpb246Q0Y2QjA1MDg0Q0Q4NUE4QzA5NDNCNzczMTc1MTA2NTI6UFJPVklERVM6RVV0cmFuQ2VsbDozNTNFNDQ1RUFGRTNGQTU4NkQ2NzY4RjcyQTI2MjNBNA==	\N	CF6B05084CD85A8C0943B77317510652	\N
7DF9374EADA6885BF3CEF2318894608C	SubNetwork=SolarSystem/SubNetwork=Earth/SubNetwork=Europe/SubNetwork=Hungary/EUtranCell=53	53	456	789	123	1	FDD	urn:base64:RU5vZGVCRnVuY3Rpb246ODA5NEY1QzlFMzBDMzQ2NTM2RjBBMDhBODUxMzM4RjY6UFJPVklERVM6RVV0cmFuQ2VsbDo3REY5Mzc0RUFEQTY4ODVCRjNDRUYyMzE4ODk0NjA4Qw==	\N	8094F5C9E30C346536F0A08A851338F6	\N
3DA35D49D1D9C51A234035AD3A3FD37E	SubNetwork=SolarSystem/SubNetwork=Earth/SubNetwork=Europe/SubNetwork=Hungary/EUtranCell=54	54	456	789	123	1	FDD	urn:base64:RU5vZGVCRnVuY3Rpb246ODA5NEY1QzlFMzBDMzQ2NTM2RjBBMDhBODUxMzM4RjY6UFJPVklERVM6RVV0cmFuQ2VsbDozREEzNUQ0OUQxRDlDNTFBMjM0MDM1QUQzQTNGRDM3RQ==	\N	8094F5C9E30C346536F0A08A851338F6	\N
2A112353EC75F9AC2BA43EE708296A01	SubNetwork=SolarSystem/SubNetwork=Earth/SubNetwork=Europe/SubNetwork=Hungary/EUtranCell=55	55	456	789	123	1	FDD	urn:base64:RU5vZGVCRnVuY3Rpb246ODA5NEY1QzlFMzBDMzQ2NTM2RjBBMDhBODUxMzM4RjY6UFJPVklERVM6RVV0cmFuQ2VsbDoyQTExMjM1M0VDNzVGOUFDMkJBNDNFRTcwODI5NkEwMQ==	\N	8094F5C9E30C346536F0A08A851338F6	\N
139F0AD2D641D97177702FBF5EFF30FE	SubNetwork=SolarSystem/SubNetwork=Earth/SubNetwork=Europe/SubNetwork=Hungary/EUtranCell=56	56	456	789	123	1	FDD	urn:base64:RU5vZGVCRnVuY3Rpb246ODA5NEY1QzlFMzBDMzQ2NTM2RjBBMDhBODUxMzM4RjY6UFJPVklERVM6RVV0cmFuQ2VsbDoxMzlGMEFEMkQ2NDFEOTcxNzc3MDJGQkY1RUZGMzBGRQ==	\N	8094F5C9E30C346536F0A08A851338F6	\N
8FF0611DA8F0CD68E3A215AA07CBB20D	SubNetwork=SolarSystem/SubNetwork=Earth/SubNetwork=Europe/SubNetwork=Hungary/EUtranCell=57	57	456	789	123	1	FDD	urn:base64:RU5vZGVCRnVuY3Rpb246RTg3QTcyRkRGODM1NTEzRTZCQUNCRjczMEQ1QkE2Qzg6UFJPVklERVM6RVV0cmFuQ2VsbDo4RkYwNjExREE4RjBDRDY4RTNBMjE1QUEwN0NCQjIwRA==	\N	E87A72FDF835513E6BACBF730D5BA6C8	\N
5CAC3487A85DDDD336B1F580FD5F72DD	SubNetwork=SolarSystem/SubNetwork=Earth/SubNetwork=Europe/SubNetwork=Hungary/EUtranCell=58	58	456	789	123	1	FDD	urn:base64:RU5vZGVCRnVuY3Rpb246RTg3QTcyRkRGODM1NTEzRTZCQUNCRjczMEQ1QkE2Qzg6UFJPVklERVM6RVV0cmFuQ2VsbDo1Q0FDMzQ4N0E4NUREREQzMzZCMUY1ODBGRDVGNzJERA==	\N	E87A72FDF835513E6BACBF730D5BA6C8	\N
73C0EC78E9DAEE5347D45F10570EC851	SubNetwork=SolarSystem/SubNetwork=Earth/SubNetwork=Europe/SubNetwork=Hungary/EUtranCell=59	59	456	789	123	1	FDD	urn:base64:RU5vZGVCRnVuY3Rpb246RTg3QTcyRkRGODM1NTEzRTZCQUNCRjczMEQ1QkE2Qzg6UFJPVklERVM6RVV0cmFuQ2VsbDo3M0MwRUM3OEU5REFFRTUzNDdENDVGMTA1NzBFQzg1MQ==	\N	E87A72FDF835513E6BACBF730D5BA6C8	\N
98BDDA8B54B7B8927675E77C927D8283	SubNetwork=SolarSystem/SubNetwork=Earth/SubNetwork=Europe/SubNetwork=Hungary/EUtranCell=60	60	456	789	123	1	FDD	urn:base64:RU5vZGVCRnVuY3Rpb246RTg3QTcyRkRGODM1NTEzRTZCQUNCRjczMEQ1QkE2Qzg6UFJPVklERVM6RVV0cmFuQ2VsbDo5OEJEREE4QjU0QjdCODkyNzY3NUU3N0M5MjdEODI4Mw==	\N	E87A72FDF835513E6BACBF730D5BA6C8	\N
71356FCE5C6358DAE8F8BF3F7C9BF014	SubNetwork=SolarSystem/SubNetwork=Earth/SubNetwork=Europe/SubNetwork=Hungary/EUtranCell=61	61	456	789	123	1	FDD	urn:base64:RU5vZGVCRnVuY3Rpb246OEU5OTE1NEMzQTcwODI2QkJEMzczRjA2QkMxQzc1MkI6UFJPVklERVM6RVV0cmFuQ2VsbDo3MTM1NkZDRTVDNjM1OERBRThGOEJGM0Y3QzlCRjAxNA==	\N	8E99154C3A70826BBD373F06BC1C752B	\N
E5489E6D6CC07891F541BE41EF37AA63	SubNetwork=SolarSystem/SubNetwork=Earth/SubNetwork=Europe/SubNetwork=Hungary/EUtranCell=62	62	456	789	123	1	FDD	urn:base64:RU5vZGVCRnVuY3Rpb246OEU5OTE1NEMzQTcwODI2QkJEMzczRjA2QkMxQzc1MkI6UFJPVklERVM6RVV0cmFuQ2VsbDpFNTQ4OUU2RDZDQzA3ODkxRjU0MUJFNDFFRjM3QUE2Mw==	\N	8E99154C3A70826BBD373F06BC1C752B	\N
D0EA58BE0AC1671B936F15C67DEA8892	SubNetwork=SolarSystem/SubNetwork=Earth/SubNetwork=Europe/SubNetwork=Hungary/EUtranCell=63	63	456	789	123	1	FDD	urn:base64:RU5vZGVCRnVuY3Rpb246OEU5OTE1NEMzQTcwODI2QkJEMzczRjA2QkMxQzc1MkI6UFJPVklERVM6RVV0cmFuQ2VsbDpEMEVBNThCRTBBQzE2NzFCOTM2RjE1QzY3REVBODg5Mg==	\N	8E99154C3A70826BBD373F06BC1C752B	\N
9A030D9EDC0C8B04A0C5D24A3A223137	SubNetwork=SolarSystem/SubNetwork=Earth/SubNetwork=Europe/SubNetwork=Hungary/EUtranCell=64	64	456	789	123	1	FDD	urn:base64:RU5vZGVCRnVuY3Rpb246OEU5OTE1NEMzQTcwODI2QkJEMzczRjA2QkMxQzc1MkI6UFJPVklERVM6RVV0cmFuQ2VsbDo5QTAzMEQ5RURDMEM4QjA0QTBDNUQyNEEzQTIyMzEzNw==	\N	8E99154C3A70826BBD373F06BC1C752B	\N
566B9566A40AB0CCF1684A8C75D6E8F0	SubNetwork=SolarSystem/SubNetwork=Earth/SubNetwork=Europe/SubNetwork=Hungary/EUtranCell=65	65	456	789	123	1	FDD	urn:base64:RU5vZGVCRnVuY3Rpb246Q0VFNUQ3QjAyRDkwM0EzMTZEMEEwMTdDNTBGQzk5OTM6UFJPVklERVM6RVV0cmFuQ2VsbDo1NjZCOTU2NkE0MEFCMENDRjE2ODRBOEM3NUQ2RThGMA==	\N	CEE5D7B02D903A316D0A017C50FC9993	\N
A5587D51DDB4D1AAF88075EFAFD3FF1A	SubNetwork=SolarSystem/SubNetwork=Earth/SubNetwork=Europe/SubNetwork=Hungary/EUtranCell=66	66	456	789	123	1	FDD	urn:base64:RU5vZGVCRnVuY3Rpb246Q0VFNUQ3QjAyRDkwM0EzMTZEMEEwMTdDNTBGQzk5OTM6UFJPVklERVM6RVV0cmFuQ2VsbDpBNTU4N0Q1MUREQjREMUFBRjg4MDc1RUZBRkQzRkYxQQ==	\N	CEE5D7B02D903A316D0A017C50FC9993	\N
792FC15FA3F55562373FF5B67C8979D9	SubNetwork=SolarSystem/SubNetwork=Earth/SubNetwork=Europe/SubNetwork=Hungary/EUtranCell=67	67	456	789	123	1	FDD	urn:base64:RU5vZGVCRnVuY3Rpb246Q0VFNUQ3QjAyRDkwM0EzMTZEMEEwMTdDNTBGQzk5OTM6UFJPVklERVM6RVV0cmFuQ2VsbDo3OTJGQzE1RkEzRjU1NTYyMzczRkY1QjY3Qzg5NzlEOQ==	\N	CEE5D7B02D903A316D0A017C50FC9993	\N
6FAAB53473F084DC886D1E04265EEAD1	SubNetwork=SolarSystem/SubNetwork=Earth/SubNetwork=Europe/SubNetwork=Hungary/EUtranCell=68	68	456	789	123	1	FDD	urn:base64:RU5vZGVCRnVuY3Rpb246Q0VFNUQ3QjAyRDkwM0EzMTZEMEEwMTdDNTBGQzk5OTM6UFJPVklERVM6RVV0cmFuQ2VsbDo2RkFBQjUzNDczRjA4NERDODg2RDFFMDQyNjVFRUFEMQ==	\N	CEE5D7B02D903A316D0A017C50FC9993	\N
07B3711677085E16F48AED99BEA40966	SubNetwork=SolarSystem/SubNetwork=Earth/SubNetwork=Europe/SubNetwork=Hungary/EUtranCell=69	69	456	789	123	1	FDD	urn:base64:RU5vZGVCRnVuY3Rpb246RTI0MEIyNkJBOEVFMzgwODcxMzRCNkQyMkUyNEJCREI6UFJPVklERVM6RVV0cmFuQ2VsbDowN0IzNzExNjc3MDg1RTE2RjQ4QUVEOTlCRUE0MDk2Ng==	\N	E240B26BA8EE38087134B6D22E24BBDB	\N
B95EBE4245801D7185E1D05E5BBDA3F3	SubNetwork=SolarSystem/SubNetwork=Earth/SubNetwork=Europe/SubNetwork=Hungary/EUtranCell=70	70	456	789	123	1	FDD	urn:base64:RU5vZGVCRnVuY3Rpb246RTI0MEIyNkJBOEVFMzgwODcxMzRCNkQyMkUyNEJCREI6UFJPVklERVM6RVV0cmFuQ2VsbDpCOTVFQkU0MjQ1ODAxRDcxODVFMUQwNUU1QkJEQTNGMw==	\N	E240B26BA8EE38087134B6D22E24BBDB	\N
ABFBE9EA7673A191DB6A51439D5515D5	SubNetwork=SolarSystem/SubNetwork=Earth/SubNetwork=Europe/SubNetwork=Hungary/EUtranCell=71	71	456	789	123	1	FDD	urn:base64:RU5vZGVCRnVuY3Rpb246RTI0MEIyNkJBOEVFMzgwODcxMzRCNkQyMkUyNEJCREI6UFJPVklERVM6RVV0cmFuQ2VsbDpBQkZCRTlFQTc2NzNBMTkxREI2QTUxNDM5RDU1MTVENQ==	\N	E240B26BA8EE38087134B6D22E24BBDB	\N
62EDC7D4D6A1D361E12FEB2688E43A89	SubNetwork=SolarSystem/SubNetwork=Earth/SubNetwork=Europe/SubNetwork=Hungary/EUtranCell=72	72	456	789	123	1	FDD	urn:base64:RU5vZGVCRnVuY3Rpb246RTI0MEIyNkJBOEVFMzgwODcxMzRCNkQyMkUyNEJCREI6UFJPVklERVM6RVV0cmFuQ2VsbDo2MkVEQzdENEQ2QTFEMzYxRTEyRkVCMjY4OEU0M0E4OQ==	\N	E240B26BA8EE38087134B6D22E24BBDB	\N
EE7B5EBAE21343E68AC197150FA2655E	SubNetwork=SolarSystem/SubNetwork=Earth/SubNetwork=Europe/SubNetwork=Hungary/EUtranCell=73	73	456	789	123	1	FDD	urn:base64:RU5vZGVCRnVuY3Rpb246RkMxOTUyMjVENENEMDYwRTI0OTI4MUM5QkJEQUY5NjQ6UFJPVklERVM6RVV0cmFuQ2VsbDpFRTdCNUVCQUUyMTM0M0U2OEFDMTk3MTUwRkEyNjU1RQ==	\N	FC195225D4CD060E249281C9BBDAF964	\N
478CB1731C71BE849B0D82F3208F70CF	SubNetwork=SolarSystem/SubNetwork=Earth/SubNetwork=Europe/SubNetwork=Hungary/EUtranCell=74	74	456	789	123	1	FDD	urn:base64:RU5vZGVCRnVuY3Rpb246RkMxOTUyMjVENENEMDYwRTI0OTI4MUM5QkJEQUY5NjQ6UFJPVklERVM6RVV0cmFuQ2VsbDo0NzhDQjE3MzFDNzFCRTg0OUIwRDgyRjMyMDhGNzBDRg==	\N	FC195225D4CD060E249281C9BBDAF964	\N
5D6F3B494FECE0D7BC46735D63ECA50B	SubNetwork=SolarSystem/SubNetwork=Earth/SubNetwork=Europe/SubNetwork=Hungary/EUtranCell=75	75	456	789	123	1	FDD	urn:base64:RU5vZGVCRnVuY3Rpb246RkMxOTUyMjVENENEMDYwRTI0OTI4MUM5QkJEQUY5NjQ6UFJPVklERVM6RVV0cmFuQ2VsbDo1RDZGM0I0OTRGRUNFMEQ3QkM0NjczNUQ2M0VDQTUwQg==	\N	FC195225D4CD060E249281C9BBDAF964	\N
F818AA36B5E1456B32FB3B90157F15AD	SubNetwork=SolarSystem/SubNetwork=Earth/SubNetwork=Europe/SubNetwork=Hungary/EUtranCell=76	76	456	789	123	1	FDD	urn:base64:RU5vZGVCRnVuY3Rpb246RkMxOTUyMjVENENEMDYwRTI0OTI4MUM5QkJEQUY5NjQ6UFJPVklERVM6RVV0cmFuQ2VsbDpGODE4QUEzNkI1RTE0NTZCMzJGQjNCOTAxNTdGMTVBRA==	\N	FC195225D4CD060E249281C9BBDAF964	\N
8EAABBB2C9D4996C8AD94154903052CC	SubNetwork=SolarSystem/SubNetwork=Earth/SubNetwork=Europe/SubNetwork=Hungary/EUtranCell=77	77	456	789	123	1	FDD	urn:base64:RU5vZGVCRnVuY3Rpb246MEMyNjUxQUI1RDQzMDEyMzcyOUIzMzZFODYzNUUwRTA6UFJPVklERVM6RVV0cmFuQ2VsbDo4RUFBQkJCMkM5RDQ5OTZDOEFEOTQxNTQ5MDMwNTJDQw==	\N	0C2651AB5D430123729B336E8635E0E0	\N
CAC6EF5CC954F7A7F5294A643CD7A160	SubNetwork=SolarSystem/SubNetwork=Earth/SubNetwork=Europe/SubNetwork=Hungary/EUtranCell=78	78	456	789	123	1	FDD	urn:base64:RU5vZGVCRnVuY3Rpb246MEMyNjUxQUI1RDQzMDEyMzcyOUIzMzZFODYzNUUwRTA6UFJPVklERVM6RVV0cmFuQ2VsbDpDQUM2RUY1Q0M5NTRGN0E3RjUyOTRBNjQzQ0Q3QTE2MA==	\N	0C2651AB5D430123729B336E8635E0E0	\N
1053CE2AEBEE6B32C846C33B07E0B047	SubNetwork=SolarSystem/SubNetwork=Earth/SubNetwork=Europe/SubNetwork=Hungary/EUtranCell=79	79	456	789	123	1	FDD	urn:base64:RU5vZGVCRnVuY3Rpb246MEMyNjUxQUI1RDQzMDEyMzcyOUIzMzZFODYzNUUwRTA6UFJPVklERVM6RVV0cmFuQ2VsbDoxMDUzQ0UyQUVCRUU2QjMyQzg0NkMzM0IwN0UwQjA0Nw==	\N	0C2651AB5D430123729B336E8635E0E0	\N
803132C8AC37DED60CB9CB9986D9BC3D	SubNetwork=SolarSystem/SubNetwork=Earth/SubNetwork=Europe/SubNetwork=Hungary/EUtranCell=80	80	456	789	123	1	FDD	urn:base64:RU5vZGVCRnVuY3Rpb246MEMyNjUxQUI1RDQzMDEyMzcyOUIzMzZFODYzNUUwRTA6UFJPVklERVM6RVV0cmFuQ2VsbDo4MDMxMzJDOEFDMzdERUQ2MENCOUNCOTk4NkQ5QkMzRA==	\N	0C2651AB5D430123729B336E8635E0E0	\N
\.

COPY ties_data."NRCellDU" (id, fdn, "cellLocalId", "nCI", "nRPCI", "nRTAC", "REL_GNBDUFUNCTION_PROVIDES_NRCELLDU_EIID", "REL_SECTOR_GROUPS_NRCELLDU_EIID", "REL_GNBDUFUNCTION_PROVIDES_NRCELLDU", "REL_SECTOR_GROUPS_NRCELLDU") FROM stdin;
98C3A4591A37718E1330F0294E23B62A	SubNetwork=SolarSystem/SubNetwork=Earth/SubNetwork=Europe/SubNetwork=Hungary/NRCellDU=1	1	1	789	456	urn:base64:R05CRFVGdW5jdGlvbjpEMzIxNUUwODU3MEJFNTgzMzlDNzQ2MzYyNkI1MEUzNzpQUk9WSURFUzpOUkNlbGxEVTo5OEMzQTQ1OTFBMzc3MThFMTMzMEYwMjk0RTIzQjYyQQ==	urn:base64:U2VjdG9yOkY1MTI4QzE3MkE3MEM0RkNENDczOTY1MEIwNkRFOUUyOkdST1VQUzpOUkNlbGxEVTo5OEMzQTQ1OTFBMzc3MThFMTMzMEYwMjk0RTIzQjYyQQ==	D3215E08570BE58339C7463626B50E37	F5128C172A70C4FCD4739650B06DE9E2
F9546E82313AC1D5E690DCD7BE55606F	SubNetwork=SolarSystem/SubNetwork=Earth/SubNetwork=Europe/SubNetwork=Hungary/NRCellDU=2	2	2	789	456	urn:base64:R05CRFVGdW5jdGlvbjpEMzIxNUUwODU3MEJFNTgzMzlDNzQ2MzYyNkI1MEUzNzpQUk9WSURFUzpOUkNlbGxEVTpGOTU0NkU4MjMxM0FDMUQ1RTY5MERDRDdCRTU1NjA2Rg==	urn:base64:U2VjdG9yOkY1MTI4QzE3MkE3MEM0RkNENDczOTY1MEIwNkRFOUUyOkdST1VQUzpOUkNlbGxEVTpGOTU0NkU4MjMxM0FDMUQ1RTY5MERDRDdCRTU1NjA2Rg==	D3215E08570BE58339C7463626B50E37	F5128C172A70C4FCD4739650B06DE9E2
B480427E8A0C0B8D994E437784BB382F	SubNetwork=SolarSystem/SubNetwork=Earth/SubNetwork=Europe/SubNetwork=Hungary/NRCellDU=3	3	3	789	456	urn:base64:R05CRFVGdW5jdGlvbjpEMzIxNUUwODU3MEJFNTgzMzlDNzQ2MzYyNkI1MEUzNzpQUk9WSURFUzpOUkNlbGxEVTpCNDgwNDI3RThBMEMwQjhEOTk0RTQzNzc4NEJCMzgyRg==	urn:base64:U2VjdG9yOkY1MTI4QzE3MkE3MEM0RkNENDczOTY1MEIwNkRFOUUyOkdST1VQUzpOUkNlbGxEVTpCNDgwNDI3RThBMEMwQjhEOTk0RTQzNzc4NEJCMzgyRg==	D3215E08570BE58339C7463626B50E37	F5128C172A70C4FCD4739650B06DE9E2
484B341310A36215155122DE74EAE16A	SubNetwork=SolarSystem/SubNetwork=Earth/SubNetwork=Europe/SubNetwork=Hungary/NRCellDU=4	4	4	789	456	urn:base64:R05CRFVGdW5jdGlvbjpEMzIxNUUwODU3MEJFNTgzMzlDNzQ2MzYyNkI1MEUzNzpQUk9WSURFUzpOUkNlbGxEVTo0ODRCMzQxMzEwQTM2MjE1MTU1MTIyREU3NEVBRTE2QQ==	urn:base64:U2VjdG9yOkY1MTI4QzE3MkE3MEM0RkNENDczOTY1MEIwNkRFOUUyOkdST1VQUzpOUkNlbGxEVTo0ODRCMzQxMzEwQTM2MjE1MTU1MTIyREU3NEVBRTE2QQ==	D3215E08570BE58339C7463626B50E37	F5128C172A70C4FCD4739650B06DE9E2
377AA96B4B3A8FE106C9BAF63FE8460B	SubNetwork=SolarSystem/SubNetwork=Earth/SubNetwork=Europe/SubNetwork=Hungary/NRCellDU=5	5	5	789	456	urn:base64:R05CRFVGdW5jdGlvbjpEMzIxNUUwODU3MEJFNTgzMzlDNzQ2MzYyNkI1MEUzNzpQUk9WSURFUzpOUkNlbGxEVTozNzdBQTk2QjRCM0E4RkUxMDZDOUJBRjYzRkU4NDYwQg==	urn:base64:U2VjdG9yOkY1MTI4QzE3MkE3MEM0RkNENDczOTY1MEIwNkRFOUUyOkdST1VQUzpOUkNlbGxEVTozNzdBQTk2QjRCM0E4RkUxMDZDOUJBRjYzRkU4NDYwQg==	D3215E08570BE58339C7463626B50E37	F5128C172A70C4FCD4739650B06DE9E2
3AF2208A5956F07644D8F3ED7C62BDCF	SubNetwork=SolarSystem/SubNetwork=Earth/SubNetwork=Europe/SubNetwork=Hungary/NRCellDU=6	6	6	789	456	urn:base64:R05CRFVGdW5jdGlvbjpEMzIxNUUwODU3MEJFNTgzMzlDNzQ2MzYyNkI1MEUzNzpQUk9WSURFUzpOUkNlbGxEVTozQUYyMjA4QTU5NTZGMDc2NDREOEYzRUQ3QzYyQkRDRg==	urn:base64:U2VjdG9yOkY1MTI4QzE3MkE3MEM0RkNENDczOTY1MEIwNkRFOUUyOkdST1VQUzpOUkNlbGxEVTozQUYyMjA4QTU5NTZGMDc2NDREOEYzRUQ3QzYyQkRDRg==	D3215E08570BE58339C7463626B50E37	F5128C172A70C4FCD4739650B06DE9E2
44ABAEE2A77A5FC2C8121B95FFA5626D	SubNetwork=SolarSystem/SubNetwork=Earth/SubNetwork=Europe/SubNetwork=Hungary/NRCellDU=7	7	7	789	456	urn:base64:R05CRFVGdW5jdGlvbjpEMzIxNUUwODU3MEJFNTgzMzlDNzQ2MzYyNkI1MEUzNzpQUk9WSURFUzpOUkNlbGxEVTo0NEFCQUVFMkE3N0E1RkMyQzgxMjFCOTVGRkE1NjI2RA==	urn:base64:U2VjdG9yOkY1MTI4QzE3MkE3MEM0RkNENDczOTY1MEIwNkRFOUUyOkdST1VQUzpOUkNlbGxEVTo0NEFCQUVFMkE3N0E1RkMyQzgxMjFCOTVGRkE1NjI2RA==	D3215E08570BE58339C7463626B50E37	F5128C172A70C4FCD4739650B06DE9E2
4E40B4CB518D7F6C4B0288A90DB81347	SubNetwork=SolarSystem/SubNetwork=Earth/SubNetwork=Europe/SubNetwork=Hungary/NRCellDU=8	8	8	789	456	urn:base64:R05CRFVGdW5jdGlvbjpEMzIxNUUwODU3MEJFNTgzMzlDNzQ2MzYyNkI1MEUzNzpQUk9WSURFUzpOUkNlbGxEVTo0RTQwQjRDQjUxOEQ3RjZDNEIwMjg4QTkwREI4MTM0Nw==	urn:base64:U2VjdG9yOkY1MTI4QzE3MkE3MEM0RkNENDczOTY1MEIwNkRFOUUyOkdST1VQUzpOUkNlbGxEVTo0RTQwQjRDQjUxOEQ3RjZDNEIwMjg4QTkwREI4MTM0Nw==	D3215E08570BE58339C7463626B50E37	F5128C172A70C4FCD4739650B06DE9E2
CF729A0BBC39E5077CB5674206A67359	SubNetwork=SolarSystem/SubNetwork=Earth/SubNetwork=Europe/SubNetwork=Hungary/NRCellDU=9	9	9	789	456	urn:base64:R05CRFVGdW5jdGlvbjpEMzIxNUUwODU3MEJFNTgzMzlDNzQ2MzYyNkI1MEUzNzpQUk9WSURFUzpOUkNlbGxEVTpDRjcyOUEwQkJDMzlFNTA3N0NCNTY3NDIwNkE2NzM1OQ==	urn:base64:U2VjdG9yOkY1MTI4QzE3MkE3MEM0RkNENDczOTY1MEIwNkRFOUUyOkdST1VQUzpOUkNlbGxEVTpDRjcyOUEwQkJDMzlFNTA3N0NCNTY3NDIwNkE2NzM1OQ==	D3215E08570BE58339C7463626B50E37	F5128C172A70C4FCD4739650B06DE9E2
FB7A92ED495FE5B08EA1E32353F67608	SubNetwork=SolarSystem/SubNetwork=Earth/SubNetwork=Europe/SubNetwork=Hungary/NRCellDU=10	10	10	789	456	urn:base64:R05CRFVGdW5jdGlvbjoxMDUwNTcwRUJCMTMxNUUxQUU3QTlGRDVFMTQwMEEwMDpQUk9WSURFUzpOUkNlbGxEVTpGQjdBOTJFRDQ5NUZFNUIwOEVBMUUzMjM1M0Y2NzYwOA==	urn:base64:U2VjdG9yOkY1MTI4QzE3MkE3MEM0RkNENDczOTY1MEIwNkRFOUUyOkdST1VQUzpOUkNlbGxEVTpGQjdBOTJFRDQ5NUZFNUIwOEVBMUUzMjM1M0Y2NzYwOA==	1050570EBB1315E1AE7A9FD5E1400A00	F5128C172A70C4FCD4739650B06DE9E2
E8065644717ED15F3504B5EE71BB0894	SubNetwork=SolarSystem/SubNetwork=Earth/SubNetwork=Europe/SubNetwork=Hungary/NRCellDU=11	11	11	789	456	urn:base64:R05CRFVGdW5jdGlvbjoxMDUwNTcwRUJCMTMxNUUxQUU3QTlGRDVFMTQwMEEwMDpQUk9WSURFUzpOUkNlbGxEVTpFODA2NTY0NDcxN0VEMTVGMzUwNEI1RUU3MUJCMDg5NA==	urn:base64:U2VjdG9yOkY1MTI4QzE3MkE3MEM0RkNENDczOTY1MEIwNkRFOUUyOkdST1VQUzpOUkNlbGxEVTpFODA2NTY0NDcxN0VEMTVGMzUwNEI1RUU3MUJCMDg5NA==	1050570EBB1315E1AE7A9FD5E1400A00	F5128C172A70C4FCD4739650B06DE9E2
4463C3D2F7B388323A82105E854AEA1C	SubNetwork=SolarSystem/SubNetwork=Earth/SubNetwork=Europe/SubNetwork=Hungary/NRCellDU=12	12	12	789	456	urn:base64:R05CRFVGdW5jdGlvbjoxMDUwNTcwRUJCMTMxNUUxQUU3QTlGRDVFMTQwMEEwMDpQUk9WSURFUzpOUkNlbGxEVTo0NDYzQzNEMkY3QjM4ODMyM0E4MjEwNUU4NTRBRUExQw==	urn:base64:U2VjdG9yOkY1MTI4QzE3MkE3MEM0RkNENDczOTY1MEIwNkRFOUUyOkdST1VQUzpOUkNlbGxEVTo0NDYzQzNEMkY3QjM4ODMyM0E4MjEwNUU4NTRBRUExQw==	1050570EBB1315E1AE7A9FD5E1400A00	F5128C172A70C4FCD4739650B06DE9E2
897C562A5D8EE22746AC4D4804505B69	SubNetwork=SolarSystem/SubNetwork=Earth/SubNetwork=Europe/SubNetwork=Hungary/NRCellDU=13	13	13	789	456	urn:base64:R05CRFVGdW5jdGlvbjoxMDUwNTcwRUJCMTMxNUUxQUU3QTlGRDVFMTQwMEEwMDpQUk9WSURFUzpOUkNlbGxEVTo4OTdDNTYyQTVEOEVFMjI3NDZBQzRENDgwNDUwNUI2OQ==	urn:base64:U2VjdG9yOkY1MTI4QzE3MkE3MEM0RkNENDczOTY1MEIwNkRFOUUyOkdST1VQUzpOUkNlbGxEVTo4OTdDNTYyQTVEOEVFMjI3NDZBQzRENDgwNDUwNUI2OQ==	1050570EBB1315E1AE7A9FD5E1400A00	F5128C172A70C4FCD4739650B06DE9E2
84E7155DAD6793A5EBFFE72449F7749B	SubNetwork=SolarSystem/SubNetwork=Earth/SubNetwork=Europe/SubNetwork=Hungary/NRCellDU=14	14	14	789	456	urn:base64:R05CRFVGdW5jdGlvbjoxMDUwNTcwRUJCMTMxNUUxQUU3QTlGRDVFMTQwMEEwMDpQUk9WSURFUzpOUkNlbGxEVTo4NEU3MTU1REFENjc5M0E1RUJGRkU3MjQ0OUY3NzQ5Qg==	urn:base64:U2VjdG9yOkFEQjFCQUFDODc4QzBCRUVGRTMxNzVDNjBGNDRCQjFEOkdST1VQUzpOUkNlbGxEVTo4NEU3MTU1REFENjc5M0E1RUJGRkU3MjQ0OUY3NzQ5Qg==	1050570EBB1315E1AE7A9FD5E1400A00	ADB1BAAC878C0BEEFE3175C60F44BB1D
0646A41A30151B59BC1D91073C162257	SubNetwork=SolarSystem/SubNetwork=Earth/SubNetwork=Europe/SubNetwork=Hungary/NRCellDU=15	15	15	789	456	urn:base64:R05CRFVGdW5jdGlvbjoxMDUwNTcwRUJCMTMxNUUxQUU3QTlGRDVFMTQwMEEwMDpQUk9WSURFUzpOUkNlbGxEVTowNjQ2QTQxQTMwMTUxQjU5QkMxRDkxMDczQzE2MjI1Nw==	urn:base64:U2VjdG9yOkFEQjFCQUFDODc4QzBCRUVGRTMxNzVDNjBGNDRCQjFEOkdST1VQUzpOUkNlbGxEVTowNjQ2QTQxQTMwMTUxQjU5QkMxRDkxMDczQzE2MjI1Nw==	1050570EBB1315E1AE7A9FD5E1400A00	ADB1BAAC878C0BEEFE3175C60F44BB1D
45627D636D7A45357F6F23661BA77C85	SubNetwork=SolarSystem/SubNetwork=Earth/SubNetwork=Europe/SubNetwork=Hungary/NRCellDU=16	16	16	789	456	urn:base64:R05CRFVGdW5jdGlvbjoxMDUwNTcwRUJCMTMxNUUxQUU3QTlGRDVFMTQwMEEwMDpQUk9WSURFUzpOUkNlbGxEVTo0NTYyN0Q2MzZEN0E0NTM1N0Y2RjIzNjYxQkE3N0M4NQ==	urn:base64:U2VjdG9yOkFEQjFCQUFDODc4QzBCRUVGRTMxNzVDNjBGNDRCQjFEOkdST1VQUzpOUkNlbGxEVTo0NTYyN0Q2MzZEN0E0NTM1N0Y2RjIzNjYxQkE3N0M4NQ==	1050570EBB1315E1AE7A9FD5E1400A00	ADB1BAAC878C0BEEFE3175C60F44BB1D
D21CDF704760EE66CC67AC8C5585C4FC	SubNetwork=SolarSystem/SubNetwork=Earth/SubNetwork=Europe/SubNetwork=Hungary/NRCellDU=17	17	17	789	456	urn:base64:R05CRFVGdW5jdGlvbjoxMDUwNTcwRUJCMTMxNUUxQUU3QTlGRDVFMTQwMEEwMDpQUk9WSURFUzpOUkNlbGxEVTpEMjFDREY3MDQ3NjBFRTY2Q0M2N0FDOEM1NTg1QzRGQw==	urn:base64:U2VjdG9yOkFEQjFCQUFDODc4QzBCRUVGRTMxNzVDNjBGNDRCQjFEOkdST1VQUzpOUkNlbGxEVTpEMjFDREY3MDQ3NjBFRTY2Q0M2N0FDOEM1NTg1QzRGQw==	1050570EBB1315E1AE7A9FD5E1400A00	ADB1BAAC878C0BEEFE3175C60F44BB1D
8219CA8C4641376B06FE4067FEE8CDB4	SubNetwork=SolarSystem/SubNetwork=Earth/SubNetwork=Europe/SubNetwork=Hungary/NRCellDU=18	18	18	789	456	urn:base64:R05CRFVGdW5jdGlvbjoxMDUwNTcwRUJCMTMxNUUxQUU3QTlGRDVFMTQwMEEwMDpQUk9WSURFUzpOUkNlbGxEVTo4MjE5Q0E4QzQ2NDEzNzZCMDZGRTQwNjdGRUU4Q0RCNA==	urn:base64:U2VjdG9yOkFEQjFCQUFDODc4QzBCRUVGRTMxNzVDNjBGNDRCQjFEOkdST1VQUzpOUkNlbGxEVTo4MjE5Q0E4QzQ2NDEzNzZCMDZGRTQwNjdGRUU4Q0RCNA==	1050570EBB1315E1AE7A9FD5E1400A00	ADB1BAAC878C0BEEFE3175C60F44BB1D
5B3CC81B3284D3F665F03A477439FA98	SubNetwork=SolarSystem/SubNetwork=Earth/SubNetwork=Europe/SubNetwork=Hungary/NRCellDU=19	19	19	789	456	urn:base64:R05CRFVGdW5jdGlvbjpCNkE2REU3RDA5NjVGMDJENDhFQ0E4NjcwNkE0NDU0RjpQUk9WSURFUzpOUkNlbGxEVTo1QjNDQzgxQjMyODREM0Y2NjVGMDNBNDc3NDM5RkE5OA==	urn:base64:U2VjdG9yOkFEQjFCQUFDODc4QzBCRUVGRTMxNzVDNjBGNDRCQjFEOkdST1VQUzpOUkNlbGxEVTo1QjNDQzgxQjMyODREM0Y2NjVGMDNBNDc3NDM5RkE5OA==	B6A6DE7D0965F02D48ECA86706A4454F	ADB1BAAC878C0BEEFE3175C60F44BB1D
C1944A262081F82A98CF050FEE41B8FF	SubNetwork=SolarSystem/SubNetwork=Earth/SubNetwork=Europe/SubNetwork=Hungary/NRCellDU=20	20	20	789	456	urn:base64:R05CRFVGdW5jdGlvbjpCNkE2REU3RDA5NjVGMDJENDhFQ0E4NjcwNkE0NDU0RjpQUk9WSURFUzpOUkNlbGxEVTpDMTk0NEEyNjIwODFGODJBOThDRjA1MEZFRTQxQjhGRg==	urn:base64:U2VjdG9yOkFEQjFCQUFDODc4QzBCRUVGRTMxNzVDNjBGNDRCQjFEOkdST1VQUzpOUkNlbGxEVTpDMTk0NEEyNjIwODFGODJBOThDRjA1MEZFRTQxQjhGRg==	B6A6DE7D0965F02D48ECA86706A4454F	ADB1BAAC878C0BEEFE3175C60F44BB1D
4BA799C33CDAA2C9F386060631E2FD2A	SubNetwork=SolarSystem/SubNetwork=Earth/SubNetwork=Europe/SubNetwork=Hungary/NRCellDU=21	21	21	789	456	urn:base64:R05CRFVGdW5jdGlvbjpCNkE2REU3RDA5NjVGMDJENDhFQ0E4NjcwNkE0NDU0RjpQUk9WSURFUzpOUkNlbGxEVTo0QkE3OTlDMzNDREFBMkM5RjM4NjA2MDYzMUUyRkQyQQ==	urn:base64:U2VjdG9yOkFEQjFCQUFDODc4QzBCRUVGRTMxNzVDNjBGNDRCQjFEOkdST1VQUzpOUkNlbGxEVTo0QkE3OTlDMzNDREFBMkM5RjM4NjA2MDYzMUUyRkQyQQ==	B6A6DE7D0965F02D48ECA86706A4454F	ADB1BAAC878C0BEEFE3175C60F44BB1D
F73AACF2BA432B687DFD62C47C9DFF1A	SubNetwork=SolarSystem/SubNetwork=Earth/SubNetwork=Europe/SubNetwork=Hungary/NRCellDU=22	22	22	789	456	urn:base64:R05CRFVGdW5jdGlvbjpCNkE2REU3RDA5NjVGMDJENDhFQ0E4NjcwNkE0NDU0RjpQUk9WSURFUzpOUkNlbGxEVTpGNzNBQUNGMkJBNDMyQjY4N0RGRDYyQzQ3QzlERkYxQQ==	urn:base64:U2VjdG9yOkFEQjFCQUFDODc4QzBCRUVGRTMxNzVDNjBGNDRCQjFEOkdST1VQUzpOUkNlbGxEVTpGNzNBQUNGMkJBNDMyQjY4N0RGRDYyQzQ3QzlERkYxQQ==	B6A6DE7D0965F02D48ECA86706A4454F	ADB1BAAC878C0BEEFE3175C60F44BB1D
51D49922CA6CCD2CE451D96BA224011F	SubNetwork=SolarSystem/SubNetwork=Earth/SubNetwork=Europe/SubNetwork=Hungary/NRCellDU=23	23	23	789	456	urn:base64:R05CRFVGdW5jdGlvbjpCNkE2REU3RDA5NjVGMDJENDhFQ0E4NjcwNkE0NDU0RjpQUk9WSURFUzpOUkNlbGxEVTo1MUQ0OTkyMkNBNkNDRDJDRTQ1MUQ5NkJBMjI0MDExRg==	urn:base64:U2VjdG9yOkFEQjFCQUFDODc4QzBCRUVGRTMxNzVDNjBGNDRCQjFEOkdST1VQUzpOUkNlbGxEVTo1MUQ0OTkyMkNBNkNDRDJDRTQ1MUQ5NkJBMjI0MDExRg==	B6A6DE7D0965F02D48ECA86706A4454F	ADB1BAAC878C0BEEFE3175C60F44BB1D
D042DE2D38F8FFE70D7387020215B254	SubNetwork=SolarSystem/SubNetwork=Earth/SubNetwork=Europe/SubNetwork=Hungary/NRCellDU=24	24	24	789	456	urn:base64:R05CRFVGdW5jdGlvbjpCNkE2REU3RDA5NjVGMDJENDhFQ0E4NjcwNkE0NDU0RjpQUk9WSURFUzpOUkNlbGxEVTpEMDQyREUyRDM4RjhGRkU3MEQ3Mzg3MDIwMjE1QjI1NA==	urn:base64:U2VjdG9yOkFEQjFCQUFDODc4QzBCRUVGRTMxNzVDNjBGNDRCQjFEOkdST1VQUzpOUkNlbGxEVTpEMDQyREUyRDM4RjhGRkU3MEQ3Mzg3MDIwMjE1QjI1NA==	B6A6DE7D0965F02D48ECA86706A4454F	ADB1BAAC878C0BEEFE3175C60F44BB1D
15E91C33BA99354EDF0A667B5CAF81A5	SubNetwork=SolarSystem/SubNetwork=Earth/SubNetwork=Europe/SubNetwork=Hungary/NRCellDU=25	25	25	789	456	urn:base64:R05CRFVGdW5jdGlvbjpCNkE2REU3RDA5NjVGMDJENDhFQ0E4NjcwNkE0NDU0RjpQUk9WSURFUzpOUkNlbGxEVToxNUU5MUMzM0JBOTkzNTRFREYwQTY2N0I1Q0FGODFBNQ==	urn:base64:U2VjdG9yOkFEQjFCQUFDODc4QzBCRUVGRTMxNzVDNjBGNDRCQjFEOkdST1VQUzpOUkNlbGxEVToxNUU5MUMzM0JBOTkzNTRFREYwQTY2N0I1Q0FGODFBNQ==	B6A6DE7D0965F02D48ECA86706A4454F	ADB1BAAC878C0BEEFE3175C60F44BB1D
9ED010B29BD97379B4739B6C0F318874	SubNetwork=SolarSystem/SubNetwork=Earth/SubNetwork=Europe/SubNetwork=Hungary/NRCellDU=26	26	26	789	456	urn:base64:R05CRFVGdW5jdGlvbjpCNkE2REU3RDA5NjVGMDJENDhFQ0E4NjcwNkE0NDU0RjpQUk9WSURFUzpOUkNlbGxEVTo5RUQwMTBCMjlCRDk3Mzc5QjQ3MzlCNkMwRjMxODg3NA==	urn:base64:U2VjdG9yOkFEQjFCQUFDODc4QzBCRUVGRTMxNzVDNjBGNDRCQjFEOkdST1VQUzpOUkNlbGxEVTo5RUQwMTBCMjlCRDk3Mzc5QjQ3MzlCNkMwRjMxODg3NA==	B6A6DE7D0965F02D48ECA86706A4454F	ADB1BAAC878C0BEEFE3175C60F44BB1D
4D0F5CC361F2187DFBA4E243F489EC0E	SubNetwork=SolarSystem/SubNetwork=Earth/SubNetwork=Europe/SubNetwork=Hungary/NRCellDU=27	27	27	789	456	urn:base64:R05CRFVGdW5jdGlvbjpCNkE2REU3RDA5NjVGMDJENDhFQ0E4NjcwNkE0NDU0RjpQUk9WSURFUzpOUkNlbGxEVTo0RDBGNUNDMzYxRjIxODdERkJBNEUyNDNGNDg5RUMwRQ==	\N	B6A6DE7D0965F02D48ECA86706A4454F	\N
36C251FB23A570A67C499D28F87DA94F	SubNetwork=SolarSystem/SubNetwork=Earth/SubNetwork=Europe/SubNetwork=Hungary/NRCellDU=28	28	28	789	456	urn:base64:R05CRFVGdW5jdGlvbjpFNUZENUFDRDU1QzU1M0E5MjczODQ3N0VDQjA0NjVCOTpQUk9WSURFUzpOUkNlbGxEVTozNkMyNTFGQjIzQTU3MEE2N0M0OTlEMjhGODdEQTk0Rg==	\N	E5FD5ACD55C553A92738477ECB0465B9	\N
EC786A721A064FA26BE40BE173FB92E1	SubNetwork=SolarSystem/SubNetwork=Earth/SubNetwork=Europe/SubNetwork=Hungary/NRCellDU=29	29	29	789	456	urn:base64:R05CRFVGdW5jdGlvbjpFNUZENUFDRDU1QzU1M0E5MjczODQ3N0VDQjA0NjVCOTpQUk9WSURFUzpOUkNlbGxEVTpFQzc4NkE3MjFBMDY0RkEyNkJFNDBCRTE3M0ZCOTJFMQ==	\N	E5FD5ACD55C553A92738477ECB0465B9	\N
CC6ED6DFD42AEBDE8A1F805D307622A9	SubNetwork=SolarSystem/SubNetwork=Earth/SubNetwork=Europe/SubNetwork=Hungary/NRCellDU=30	30	30	789	456	urn:base64:R05CRFVGdW5jdGlvbjpFNUZENUFDRDU1QzU1M0E5MjczODQ3N0VDQjA0NjVCOTpQUk9WSURFUzpOUkNlbGxEVTpDQzZFRDZERkQ0MkFFQkRFOEExRjgwNUQzMDc2MjJBOQ==	\N	E5FD5ACD55C553A92738477ECB0465B9	\N
C35F4A46EDE95D1BC57919C1ABA0A150	SubNetwork=SolarSystem/SubNetwork=Earth/SubNetwork=Europe/SubNetwork=Hungary/NRCellDU=31	31	31	789	456	urn:base64:R05CRFVGdW5jdGlvbjpFNUZENUFDRDU1QzU1M0E5MjczODQ3N0VDQjA0NjVCOTpQUk9WSURFUzpOUkNlbGxEVTpDMzVGNEE0NkVERTk1RDFCQzU3OTE5QzFBQkEwQTE1MA==	\N	E5FD5ACD55C553A92738477ECB0465B9	\N
BC62404392D968AEEAFA290B6E029596	SubNetwork=SolarSystem/SubNetwork=Earth/SubNetwork=Europe/SubNetwork=Hungary/NRCellDU=32	32	32	789	456	urn:base64:R05CRFVGdW5jdGlvbjpFNUZENUFDRDU1QzU1M0E5MjczODQ3N0VDQjA0NjVCOTpQUk9WSURFUzpOUkNlbGxEVTpCQzYyNDA0MzkyRDk2OEFFRUFGQTI5MEI2RTAyOTU5Ng==	\N	E5FD5ACD55C553A92738477ECB0465B9	\N
549AE94A5E8B74CD745AEF5648B8C524	SubNetwork=SolarSystem/SubNetwork=Earth/SubNetwork=Europe/SubNetwork=Hungary/NRCellDU=33	33	33	789	456	urn:base64:R05CRFVGdW5jdGlvbjpFNUZENUFDRDU1QzU1M0E5MjczODQ3N0VDQjA0NjVCOTpQUk9WSURFUzpOUkNlbGxEVTo1NDlBRTk0QTVFOEI3NENENzQ1QUVGNTY0OEI4QzUyNA==	\N	E5FD5ACD55C553A92738477ECB0465B9	\N
148EB92D8802E953FF26CFD174B6D804	SubNetwork=SolarSystem/SubNetwork=Earth/SubNetwork=Europe/SubNetwork=Hungary/NRCellDU=34	34	34	789	456	urn:base64:R05CRFVGdW5jdGlvbjpFNUZENUFDRDU1QzU1M0E5MjczODQ3N0VDQjA0NjVCOTpQUk9WSURFUzpOUkNlbGxEVToxNDhFQjkyRDg4MDJFOTUzRkYyNkNGRDE3NEI2RDgwNA==	\N	E5FD5ACD55C553A92738477ECB0465B9	\N
4B1EE73EBD46801582B2FFA52130524F	SubNetwork=SolarSystem/SubNetwork=Earth/SubNetwork=Europe/SubNetwork=Hungary/NRCellDU=35	35	35	789	456	urn:base64:R05CRFVGdW5jdGlvbjpFNUZENUFDRDU1QzU1M0E5MjczODQ3N0VDQjA0NjVCOTpQUk9WSURFUzpOUkNlbGxEVTo0QjFFRTczRUJENDY4MDE1ODJCMkZGQTUyMTMwNTI0Rg==	\N	E5FD5ACD55C553A92738477ECB0465B9	\N
7467CEF2AC0808F3595444C7D31A1710	SubNetwork=SolarSystem/SubNetwork=Earth/SubNetwork=Europe/SubNetwork=Hungary/NRCellDU=36	36	36	789	456	urn:base64:R05CRFVGdW5jdGlvbjpFNUZENUFDRDU1QzU1M0E5MjczODQ3N0VDQjA0NjVCOTpQUk9WSURFUzpOUkNlbGxEVTo3NDY3Q0VGMkFDMDgwOEYzNTk1NDQ0QzdEMzFBMTcxMA==	\N	E5FD5ACD55C553A92738477ECB0465B9	\N
49C8683059F38F7B681FF2730585F9A6	SubNetwork=SolarSystem/SubNetwork=Earth/SubNetwork=Europe/SubNetwork=Hungary/NRCellDU=37	37	37	789	456	urn:base64:R05CRFVGdW5jdGlvbjoyNUU2OTBFMjJCREE5MEI5QzRGRUUxRjA4M0NCQTU5NzpQUk9WSURFUzpOUkNlbGxEVTo0OUM4NjgzMDU5RjM4RjdCNjgxRkYyNzMwNTg1RjlBNg==	\N	25E690E22BDA90B9C4FEE1F083CBA597	\N
D3A0FDDC22E129C2EB7B0A5E7808CB7E	SubNetwork=SolarSystem/SubNetwork=Earth/SubNetwork=Europe/SubNetwork=Hungary/NRCellDU=38	38	38	789	456	urn:base64:R05CRFVGdW5jdGlvbjoyNUU2OTBFMjJCREE5MEI5QzRGRUUxRjA4M0NCQTU5NzpQUk9WSURFUzpOUkNlbGxEVTpEM0EwRkREQzIyRTEyOUMyRUI3QjBBNUU3ODA4Q0I3RQ==	\N	25E690E22BDA90B9C4FEE1F083CBA597	\N
EADFD2FF3B24BBA15103F3126C4E295D	SubNetwork=SolarSystem/SubNetwork=Earth/SubNetwork=Europe/SubNetwork=Hungary/NRCellDU=39	39	39	789	456	urn:base64:R05CRFVGdW5jdGlvbjoyNUU2OTBFMjJCREE5MEI5QzRGRUUxRjA4M0NCQTU5NzpQUk9WSURFUzpOUkNlbGxEVTpFQURGRDJGRjNCMjRCQkExNTEwM0YzMTI2QzRFMjk1RA==	\N	25E690E22BDA90B9C4FEE1F083CBA597	\N
72D427F5AFE7E0AB659128B4231319B4	SubNetwork=SolarSystem/SubNetwork=Earth/SubNetwork=Europe/SubNetwork=Hungary/NRCellDU=40	40	40	789	456	urn:base64:R05CRFVGdW5jdGlvbjoyNUU2OTBFMjJCREE5MEI5QzRGRUUxRjA4M0NCQTU5NzpQUk9WSURFUzpOUkNlbGxEVTo3MkQ0MjdGNUFGRTdFMEFCNjU5MTI4QjQyMzEzMTlCNA==	\N	25E690E22BDA90B9C4FEE1F083CBA597	\N
DE349A28FFB8BECC3957977273562130	SubNetwork=SolarSystem/SubNetwork=Earth/SubNetwork=Europe/SubNetwork=Hungary/NRCellDU=41	41	41	789	456	urn:base64:R05CRFVGdW5jdGlvbjoyNUU2OTBFMjJCREE5MEI5QzRGRUUxRjA4M0NCQTU5NzpQUk9WSURFUzpOUkNlbGxEVTpERTM0OUEyOEZGQjhCRUNDMzk1Nzk3NzI3MzU2MjEzMA==	\N	25E690E22BDA90B9C4FEE1F083CBA597	\N
9A85559FD10DE19E39A83039C0AF12CD	SubNetwork=SolarSystem/SubNetwork=Earth/SubNetwork=Europe/SubNetwork=Hungary/NRCellDU=42	42	42	789	456	urn:base64:R05CRFVGdW5jdGlvbjoyNUU2OTBFMjJCREE5MEI5QzRGRUUxRjA4M0NCQTU5NzpQUk9WSURFUzpOUkNlbGxEVTo5QTg1NTU5RkQxMERFMTlFMzlBODMwMzlDMEFGMTJDRA==	\N	25E690E22BDA90B9C4FEE1F083CBA597	\N
476681437D680D90CF3B78E7114F7F21	SubNetwork=SolarSystem/SubNetwork=Earth/SubNetwork=Europe/SubNetwork=Hungary/NRCellDU=43	43	43	789	456	urn:base64:R05CRFVGdW5jdGlvbjoyNUU2OTBFMjJCREE5MEI5QzRGRUUxRjA4M0NCQTU5NzpQUk9WSURFUzpOUkNlbGxEVTo0NzY2ODE0MzdENjgwRDkwQ0YzQjc4RTcxMTRGN0YyMQ==	\N	25E690E22BDA90B9C4FEE1F083CBA597	\N
1EF356E23A0069D6A97AD89E0D6C05F9	SubNetwork=SolarSystem/SubNetwork=Earth/SubNetwork=Europe/SubNetwork=Hungary/NRCellDU=44	44	44	789	456	urn:base64:R05CRFVGdW5jdGlvbjoyNUU2OTBFMjJCREE5MEI5QzRGRUUxRjA4M0NCQTU5NzpQUk9WSURFUzpOUkNlbGxEVToxRUYzNTZFMjNBMDA2OUQ2QTk3QUQ4OUUwRDZDMDVGOQ==	\N	25E690E22BDA90B9C4FEE1F083CBA597	\N
60786DD5B89F405CA3F843E5DD2EACA6	SubNetwork=SolarSystem/SubNetwork=Earth/SubNetwork=Europe/SubNetwork=Hungary/NRCellDU=45	45	45	789	456	urn:base64:R05CRFVGdW5jdGlvbjoyNUU2OTBFMjJCREE5MEI5QzRGRUUxRjA4M0NCQTU5NzpQUk9WSURFUzpOUkNlbGxEVTo2MDc4NkRENUI4OUY0MDVDQTNGODQzRTVERDJFQUNBNg==	\N	25E690E22BDA90B9C4FEE1F083CBA597	\N
F0F4E7335E15540F2784665D1A49AA6B	SubNetwork=SolarSystem/SubNetwork=Earth/SubNetwork=Europe/SubNetwork=Hungary/NRCellDU=46	46	46	789	456	urn:base64:R05CRFVGdW5jdGlvbjo1QTMwODVDMzQwMEMzMDk2RTJFRDIzMjE0NTI3NjZCMTpQUk9WSURFUzpOUkNlbGxEVTpGMEY0RTczMzVFMTU1NDBGMjc4NDY2NUQxQTQ5QUE2Qg==	\N	5A3085C3400C3096E2ED2321452766B1	\N
58D99C6CAD0E027632C5CC2FA5C38DB4	SubNetwork=SolarSystem/SubNetwork=Earth/SubNetwork=Europe/SubNetwork=Hungary/NRCellDU=47	47	47	789	456	urn:base64:R05CRFVGdW5jdGlvbjo1QTMwODVDMzQwMEMzMDk2RTJFRDIzMjE0NTI3NjZCMTpQUk9WSURFUzpOUkNlbGxEVTo1OEQ5OUM2Q0FEMEUwMjc2MzJDNUNDMkZBNUMzOERCNA==	\N	5A3085C3400C3096E2ED2321452766B1	\N
ECEC664641994704CE6A4222AA30EE78	SubNetwork=SolarSystem/SubNetwork=Earth/SubNetwork=Europe/SubNetwork=Hungary/NRCellDU=48	48	48	789	456	urn:base64:R05CRFVGdW5jdGlvbjo1QTMwODVDMzQwMEMzMDk2RTJFRDIzMjE0NTI3NjZCMTpQUk9WSURFUzpOUkNlbGxEVTpFQ0VDNjY0NjQxOTk0NzA0Q0U2QTQyMjJBQTMwRUU3OA==	\N	5A3085C3400C3096E2ED2321452766B1	\N
61C9A3B5E24424F3C21E7E702F81CC92	SubNetwork=SolarSystem/SubNetwork=Earth/SubNetwork=Europe/SubNetwork=Hungary/NRCellDU=49	49	49	789	456	urn:base64:R05CRFVGdW5jdGlvbjo1QTMwODVDMzQwMEMzMDk2RTJFRDIzMjE0NTI3NjZCMTpQUk9WSURFUzpOUkNlbGxEVTo2MUM5QTNCNUUyNDQyNEYzQzIxRTdFNzAyRjgxQ0M5Mg==	\N	5A3085C3400C3096E2ED2321452766B1	\N
340F170071D78ACA3F4E53ACEE1F2F49	SubNetwork=SolarSystem/SubNetwork=Earth/SubNetwork=Europe/SubNetwork=Hungary/NRCellDU=50	50	50	789	456	urn:base64:R05CRFVGdW5jdGlvbjo1QTMwODVDMzQwMEMzMDk2RTJFRDIzMjE0NTI3NjZCMTpQUk9WSURFUzpOUkNlbGxEVTozNDBGMTcwMDcxRDc4QUNBM0Y0RTUzQUNFRTFGMkY0OQ==	\N	5A3085C3400C3096E2ED2321452766B1	\N
32521953AA2555BCCF671FC6544F458A	SubNetwork=SolarSystem/SubNetwork=Earth/SubNetwork=Europe/SubNetwork=Hungary/NRCellDU=51	51	51	789	456	urn:base64:R05CRFVGdW5jdGlvbjo1QTMwODVDMzQwMEMzMDk2RTJFRDIzMjE0NTI3NjZCMTpQUk9WSURFUzpOUkNlbGxEVTozMjUyMTk1M0FBMjU1NUJDQ0Y2NzFGQzY1NDRGNDU4QQ==	\N	5A3085C3400C3096E2ED2321452766B1	\N
7D6A4D058B4D77DA39FCDC2FC9A1B78A	SubNetwork=SolarSystem/SubNetwork=Earth/SubNetwork=Europe/SubNetwork=Hungary/NRCellDU=52	52	52	789	456	urn:base64:R05CRFVGdW5jdGlvbjo1QTMwODVDMzQwMEMzMDk2RTJFRDIzMjE0NTI3NjZCMTpQUk9WSURFUzpOUkNlbGxEVTo3RDZBNEQwNThCNEQ3N0RBMzlGQ0RDMkZDOUExQjc4QQ==	\N	5A3085C3400C3096E2ED2321452766B1	\N
27F7577BCF08CE3B4F1A4011FCEE693C	SubNetwork=SolarSystem/SubNetwork=Earth/SubNetwork=Europe/SubNetwork=Hungary/NRCellDU=53	53	53	789	456	urn:base64:R05CRFVGdW5jdGlvbjo1QTMwODVDMzQwMEMzMDk2RTJFRDIzMjE0NTI3NjZCMTpQUk9WSURFUzpOUkNlbGxEVToyN0Y3NTc3QkNGMDhDRTNCNEYxQTQwMTFGQ0VFNjkzQw==	\N	5A3085C3400C3096E2ED2321452766B1	\N
0327C7F2BFB386B9C91C8F93C70F4B0F	SubNetwork=SolarSystem/SubNetwork=Earth/SubNetwork=Europe/SubNetwork=Hungary/NRCellDU=54	54	54	789	456	urn:base64:R05CRFVGdW5jdGlvbjo1QTMwODVDMzQwMEMzMDk2RTJFRDIzMjE0NTI3NjZCMTpQUk9WSURFUzpOUkNlbGxEVTowMzI3QzdGMkJGQjM4NkI5QzkxQzhGOTNDNzBGNEIwRg==	\N	5A3085C3400C3096E2ED2321452766B1	\N
4279A85A76CBB256E0E4C2BBCB78FBCB	SubNetwork=SolarSystem/SubNetwork=Earth/SubNetwork=Europe/SubNetwork=Hungary/NRCellDU=55	55	55	789	456	urn:base64:R05CRFVGdW5jdGlvbjo3RjE2RjkzRDg4MTZEOUVCQzc2RTUyQkI0NEEzQ0ZGNTpQUk9WSURFUzpOUkNlbGxEVTo0Mjc5QTg1QTc2Q0JCMjU2RTBFNEMyQkJDQjc4RkJDQg==	\N	7F16F93D8816D9EBC76E52BB44A3CFF5	\N
22CC2F77BC0D1758E4AC90D0844EB0FA	SubNetwork=SolarSystem/SubNetwork=Earth/SubNetwork=Europe/SubNetwork=Hungary/NRCellDU=56	56	56	789	456	urn:base64:R05CRFVGdW5jdGlvbjo3RjE2RjkzRDg4MTZEOUVCQzc2RTUyQkI0NEEzQ0ZGNTpQUk9WSURFUzpOUkNlbGxEVToyMkNDMkY3N0JDMEQxNzU4RTRBQzkwRDA4NDRFQjBGQQ==	\N	7F16F93D8816D9EBC76E52BB44A3CFF5	\N
EBAE96C402742B4BCBA0608ADC23251A	SubNetwork=SolarSystem/SubNetwork=Earth/SubNetwork=Europe/SubNetwork=Hungary/NRCellDU=57	57	57	789	456	urn:base64:R05CRFVGdW5jdGlvbjo3RjE2RjkzRDg4MTZEOUVCQzc2RTUyQkI0NEEzQ0ZGNTpQUk9WSURFUzpOUkNlbGxEVTpFQkFFOTZDNDAyNzQyQjRCQ0JBMDYwOEFEQzIzMjUxQQ==	\N	7F16F93D8816D9EBC76E52BB44A3CFF5	\N
B04ED4054FF124E46081CE5968B17CB9	SubNetwork=SolarSystem/SubNetwork=Earth/SubNetwork=Europe/SubNetwork=Hungary/NRCellDU=58	58	58	789	456	urn:base64:R05CRFVGdW5jdGlvbjo3RjE2RjkzRDg4MTZEOUVCQzc2RTUyQkI0NEEzQ0ZGNTpQUk9WSURFUzpOUkNlbGxEVTpCMDRFRDQwNTRGRjEyNEU0NjA4MUNFNTk2OEIxN0NCOQ==	\N	7F16F93D8816D9EBC76E52BB44A3CFF5	\N
8EC217D228BA9175A2E73358665B5D3E	SubNetwork=SolarSystem/SubNetwork=Earth/SubNetwork=Europe/SubNetwork=Hungary/NRCellDU=59	59	59	789	456	urn:base64:R05CRFVGdW5jdGlvbjo3RjE2RjkzRDg4MTZEOUVCQzc2RTUyQkI0NEEzQ0ZGNTpQUk9WSURFUzpOUkNlbGxEVTo4RUMyMTdEMjI4QkE5MTc1QTJFNzMzNTg2NjVCNUQzRQ==	\N	7F16F93D8816D9EBC76E52BB44A3CFF5	\N
7C9707B1EAD31687D56DFA08A7656386	SubNetwork=SolarSystem/SubNetwork=Earth/SubNetwork=Europe/SubNetwork=Hungary/NRCellDU=60	60	60	789	456	urn:base64:R05CRFVGdW5jdGlvbjo3RjE2RjkzRDg4MTZEOUVCQzc2RTUyQkI0NEEzQ0ZGNTpQUk9WSURFUzpOUkNlbGxEVTo3Qzk3MDdCMUVBRDMxNjg3RDU2REZBMDhBNzY1NjM4Ng==	\N	7F16F93D8816D9EBC76E52BB44A3CFF5	\N
023FC45AF540AFCA3205D846D07C048B	SubNetwork=SolarSystem/SubNetwork=Earth/SubNetwork=Europe/SubNetwork=Hungary/NRCellDU=61	61	61	789	456	urn:base64:R05CRFVGdW5jdGlvbjo3RjE2RjkzRDg4MTZEOUVCQzc2RTUyQkI0NEEzQ0ZGNTpQUk9WSURFUzpOUkNlbGxEVTowMjNGQzQ1QUY1NDBBRkNBMzIwNUQ4NDZEMDdDMDQ4Qg==	\N	7F16F93D8816D9EBC76E52BB44A3CFF5	\N
B46558EDB1CB27186BE31D3FA54856F0	SubNetwork=SolarSystem/SubNetwork=Earth/SubNetwork=Europe/SubNetwork=Hungary/NRCellDU=62	62	62	789	456	urn:base64:R05CRFVGdW5jdGlvbjo3RjE2RjkzRDg4MTZEOUVCQzc2RTUyQkI0NEEzQ0ZGNTpQUk9WSURFUzpOUkNlbGxEVTpCNDY1NThFREIxQ0IyNzE4NkJFMzFEM0ZBNTQ4NTZGMA==	\N	7F16F93D8816D9EBC76E52BB44A3CFF5	\N
C5CD42EF608CB93F4AEF0E47329DF417	SubNetwork=SolarSystem/SubNetwork=Earth/SubNetwork=Europe/SubNetwork=Hungary/NRCellDU=63	63	63	789	456	urn:base64:R05CRFVGdW5jdGlvbjo3RjE2RjkzRDg4MTZEOUVCQzc2RTUyQkI0NEEzQ0ZGNTpQUk9WSURFUzpOUkNlbGxEVTpDNUNENDJFRjYwOENCOTNGNEFFRjBFNDczMjlERjQxNw==	\N	7F16F93D8816D9EBC76E52BB44A3CFF5	\N
DA492DA1559FC7595D07DFF53ADD38AD	SubNetwork=SolarSystem/SubNetwork=Earth/SubNetwork=Europe/SubNetwork=Hungary/NRCellDU=64	64	64	789	456	urn:base64:R05CRFVGdW5jdGlvbjo1QTU0OEVBOUQxNjYzNDE3NzZDQTA2OTU4MzdFNTVEODpQUk9WSURFUzpOUkNlbGxEVTpEQTQ5MkRBMTU1OUZDNzU5NUQwN0RGRjUzQUREMzhBRA==	\N	5A548EA9D166341776CA0695837E55D8	\N
8E794C3E1EEE6EF8B69C268E06553C91	SubNetwork=SolarSystem/SubNetwork=Earth/SubNetwork=Europe/SubNetwork=Hungary/NRCellDU=65	65	65	789	456	urn:base64:R05CRFVGdW5jdGlvbjo1QTU0OEVBOUQxNjYzNDE3NzZDQTA2OTU4MzdFNTVEODpQUk9WSURFUzpOUkNlbGxEVTo4RTc5NEMzRTFFRUU2RUY4QjY5QzI2OEUwNjU1M0M5MQ==	\N	5A548EA9D166341776CA0695837E55D8	\N
C2E0B9113CEAC91DF5E182B431D56788	SubNetwork=SolarSystem/SubNetwork=Earth/SubNetwork=Europe/SubNetwork=Hungary/NRCellDU=66	66	66	789	456	urn:base64:R05CRFVGdW5jdGlvbjo1QTU0OEVBOUQxNjYzNDE3NzZDQTA2OTU4MzdFNTVEODpQUk9WSURFUzpOUkNlbGxEVTpDMkUwQjkxMTNDRUFDOTFERjVFMTgyQjQzMUQ1Njc4OA==	\N	5A548EA9D166341776CA0695837E55D8	\N
8EB7BACB085F1AAC02E18EBA694AD9D9	SubNetwork=SolarSystem/SubNetwork=Earth/SubNetwork=Europe/SubNetwork=Hungary/NRCellDU=67	67	67	789	456	urn:base64:R05CRFVGdW5jdGlvbjo1QTU0OEVBOUQxNjYzNDE3NzZDQTA2OTU4MzdFNTVEODpQUk9WSURFUzpOUkNlbGxEVTo4RUI3QkFDQjA4NUYxQUFDMDJFMThFQkE2OTRBRDlEOQ==	\N	5A548EA9D166341776CA0695837E55D8	\N
ECF0C7C7BDFFE39B32637C39924DA147	SubNetwork=SolarSystem/SubNetwork=Earth/SubNetwork=Europe/SubNetwork=Hungary/NRCellDU=68	68	68	789	456	urn:base64:R05CRFVGdW5jdGlvbjo1QTU0OEVBOUQxNjYzNDE3NzZDQTA2OTU4MzdFNTVEODpQUk9WSURFUzpOUkNlbGxEVTpFQ0YwQzdDN0JERkZFMzlCMzI2MzdDMzk5MjREQTE0Nw==	\N	5A548EA9D166341776CA0695837E55D8	\N
E3816013E378E928377433098CC4C49F	SubNetwork=SolarSystem/SubNetwork=Earth/SubNetwork=Europe/SubNetwork=Hungary/NRCellDU=69	69	69	789	456	urn:base64:R05CRFVGdW5jdGlvbjo1QTU0OEVBOUQxNjYzNDE3NzZDQTA2OTU4MzdFNTVEODpQUk9WSURFUzpOUkNlbGxEVTpFMzgxNjAxM0UzNzhFOTI4Mzc3NDMzMDk4Q0M0QzQ5Rg==	\N	5A548EA9D166341776CA0695837E55D8	\N
CEC39AC620ED13978F78C8022E21CF9E	SubNetwork=SolarSystem/SubNetwork=Earth/SubNetwork=Europe/SubNetwork=Hungary/NRCellDU=70	70	70	789	456	urn:base64:R05CRFVGdW5jdGlvbjo1QTU0OEVBOUQxNjYzNDE3NzZDQTA2OTU4MzdFNTVEODpQUk9WSURFUzpOUkNlbGxEVTpDRUMzOUFDNjIwRUQxMzk3OEY3OEM4MDIyRTIxQ0Y5RQ==	\N	5A548EA9D166341776CA0695837E55D8	\N
373721F85AC9339C517C8895C29FF62A	SubNetwork=SolarSystem/SubNetwork=Earth/SubNetwork=Europe/SubNetwork=Hungary/NRCellDU=71	71	71	789	456	urn:base64:R05CRFVGdW5jdGlvbjo1QTU0OEVBOUQxNjYzNDE3NzZDQTA2OTU4MzdFNTVEODpQUk9WSURFUzpOUkNlbGxEVTozNzM3MjFGODVBQzkzMzlDNTE3Qzg4OTVDMjlGRjYyQQ==	\N	5A548EA9D166341776CA0695837E55D8	\N
07691B8D5DF7CB773B63599D118E3EFB	SubNetwork=SolarSystem/SubNetwork=Earth/SubNetwork=Europe/SubNetwork=Hungary/NRCellDU=72	72	72	789	456	urn:base64:R05CRFVGdW5jdGlvbjo1QTU0OEVBOUQxNjYzNDE3NzZDQTA2OTU4MzdFNTVEODpQUk9WSURFUzpOUkNlbGxEVTowNzY5MUI4RDVERjdDQjc3M0I2MzU5OUQxMThFM0VGQg==	\N	5A548EA9D166341776CA0695837E55D8	\N
138CE3B21C8053675E0EBDC41C36E99D	SubNetwork=SolarSystem/SubNetwork=Earth/SubNetwork=Europe/SubNetwork=Hungary/NRCellDU=73	73	73	789	456	urn:base64:R05CRFVGdW5jdGlvbjo3RDgwRTVDNkUwQzlFQzI0NjM3MEU4NkI3RTUyNEY4QzpQUk9WSURFUzpOUkNlbGxEVToxMzhDRTNCMjFDODA1MzY3NUUwRUJEQzQxQzM2RTk5RA==	\N	7D80E5C6E0C9EC246370E86B7E524F8C	\N
1F702800D1F7359958283DBCB45C0DD0	SubNetwork=SolarSystem/SubNetwork=Earth/SubNetwork=Europe/SubNetwork=Hungary/NRCellDU=74	74	74	789	456	urn:base64:R05CRFVGdW5jdGlvbjo3RDgwRTVDNkUwQzlFQzI0NjM3MEU4NkI3RTUyNEY4QzpQUk9WSURFUzpOUkNlbGxEVToxRjcwMjgwMEQxRjczNTk5NTgyODNEQkNCNDVDMEREMA==	\N	7D80E5C6E0C9EC246370E86B7E524F8C	\N
0CE3320E6B41FC23B6B0FA4FD2103B2C	SubNetwork=SolarSystem/SubNetwork=Earth/SubNetwork=Europe/SubNetwork=Hungary/NRCellDU=75	75	75	789	456	urn:base64:R05CRFVGdW5jdGlvbjo3RDgwRTVDNkUwQzlFQzI0NjM3MEU4NkI3RTUyNEY4QzpQUk9WSURFUzpOUkNlbGxEVTowQ0UzMzIwRTZCNDFGQzIzQjZCMEZBNEZEMjEwM0IyQw==	\N	7D80E5C6E0C9EC246370E86B7E524F8C	\N
92120D5EE5C0885D7E50860BD055A1EE	SubNetwork=SolarSystem/SubNetwork=Earth/SubNetwork=Europe/SubNetwork=Hungary/NRCellDU=76	76	76	789	456	urn:base64:R05CRFVGdW5jdGlvbjo3RDgwRTVDNkUwQzlFQzI0NjM3MEU4NkI3RTUyNEY4QzpQUk9WSURFUzpOUkNlbGxEVTo5MjEyMEQ1RUU1QzA4ODVEN0U1MDg2MEJEMDU1QTFFRQ==	\N	7D80E5C6E0C9EC246370E86B7E524F8C	\N
D705554E98103411B005D2E3B4F42C87	SubNetwork=SolarSystem/SubNetwork=Earth/SubNetwork=Europe/SubNetwork=Hungary/NRCellDU=77	77	77	789	456	urn:base64:R05CRFVGdW5jdGlvbjo3RDgwRTVDNkUwQzlFQzI0NjM3MEU4NkI3RTUyNEY4QzpQUk9WSURFUzpOUkNlbGxEVTpENzA1NTU0RTk4MTAzNDExQjAwNUQyRTNCNEY0MkM4Nw==	\N	7D80E5C6E0C9EC246370E86B7E524F8C	\N
462EF46AA1C7641A8510C7C61D60C8B1	SubNetwork=SolarSystem/SubNetwork=Earth/SubNetwork=Europe/SubNetwork=Hungary/NRCellDU=78	78	78	789	456	urn:base64:R05CRFVGdW5jdGlvbjo3RDgwRTVDNkUwQzlFQzI0NjM3MEU4NkI3RTUyNEY4QzpQUk9WSURFUzpOUkNlbGxEVTo0NjJFRjQ2QUExQzc2NDFBODUxMEM3QzYxRDYwQzhCMQ==	\N	7D80E5C6E0C9EC246370E86B7E524F8C	\N
26825D9CAA91BAC389DEBDF3572EF408	SubNetwork=SolarSystem/SubNetwork=Earth/SubNetwork=Europe/SubNetwork=Hungary/NRCellDU=79	79	79	789	456	urn:base64:R05CRFVGdW5jdGlvbjo3RDgwRTVDNkUwQzlFQzI0NjM3MEU4NkI3RTUyNEY4QzpQUk9WSURFUzpOUkNlbGxEVToyNjgyNUQ5Q0FBOTFCQUMzODlERUJERjM1NzJFRjQwOA==	\N	7D80E5C6E0C9EC246370E86B7E524F8C	\N
33F82DE9186F1539D2ED98818F41A0C2	SubNetwork=SolarSystem/SubNetwork=Earth/SubNetwork=Europe/SubNetwork=Hungary/NRCellDU=80	80	80	789	456	urn:base64:R05CRFVGdW5jdGlvbjo3RDgwRTVDNkUwQzlFQzI0NjM3MEU4NkI3RTUyNEY4QzpQUk9WSURFUzpOUkNlbGxEVTozM0Y4MkRFOTE4NkYxNTM5RDJFRDk4ODE4RjQxQTBDMg==	\N	7D80E5C6E0C9EC246370E86B7E524F8C	\N
40175AF00A522213BA60537519A71978	SubNetwork=SolarSystem/SubNetwork=Earth/SubNetwork=Europe/SubNetwork=Hungary/NRCellDU=81	81	81	789	456	urn:base64:R05CRFVGdW5jdGlvbjo3RDgwRTVDNkUwQzlFQzI0NjM3MEU4NkI3RTUyNEY4QzpQUk9WSURFUzpOUkNlbGxEVTo0MDE3NUFGMDBBNTIyMjEzQkE2MDUzNzUxOUE3MTk3OA==	\N	7D80E5C6E0C9EC246370E86B7E524F8C	\N
EA86088454B7491FB3BEFDDCA5FE097D	SubNetwork=SolarSystem/SubNetwork=Earth/SubNetwork=Europe/SubNetwork=Hungary/NRCellDU=82	82	82	789	456	urn:base64:R05CRFVGdW5jdGlvbjpCQkIzQzQyQTRGOEFDOTQwOTFCMjk3REY3MDhERDUwQjpQUk9WSURFUzpOUkNlbGxEVTpFQTg2MDg4NDU0Qjc0OTFGQjNCRUZERENBNUZFMDk3RA==	\N	BBB3C42A4F8AC94091B297DF708DD50B	\N
9BC6998B88BA4C1081CD5F211681C9CF	SubNetwork=SolarSystem/SubNetwork=Earth/SubNetwork=Europe/SubNetwork=Hungary/NRCellDU=83	83	83	789	456	urn:base64:R05CRFVGdW5jdGlvbjpCQkIzQzQyQTRGOEFDOTQwOTFCMjk3REY3MDhERDUwQjpQUk9WSURFUzpOUkNlbGxEVTo5QkM2OTk4Qjg4QkE0QzEwODFDRDVGMjExNjgxQzlDRg==	\N	BBB3C42A4F8AC94091B297DF708DD50B	\N
8377ECA137FF018C9716C0587F617182	SubNetwork=SolarSystem/SubNetwork=Earth/SubNetwork=Europe/SubNetwork=Hungary/NRCellDU=84	84	84	789	456	urn:base64:R05CRFVGdW5jdGlvbjpCQkIzQzQyQTRGOEFDOTQwOTFCMjk3REY3MDhERDUwQjpQUk9WSURFUzpOUkNlbGxEVTo4Mzc3RUNBMTM3RkYwMThDOTcxNkMwNTg3RjYxNzE4Mg==	\N	BBB3C42A4F8AC94091B297DF708DD50B	\N
15890EF6D2196D9E21D70BDCE2AA3A77	SubNetwork=SolarSystem/SubNetwork=Earth/SubNetwork=Europe/SubNetwork=Hungary/NRCellDU=85	85	85	789	456	urn:base64:R05CRFVGdW5jdGlvbjpCQkIzQzQyQTRGOEFDOTQwOTFCMjk3REY3MDhERDUwQjpQUk9WSURFUzpOUkNlbGxEVToxNTg5MEVGNkQyMTk2RDlFMjFENzBCRENFMkFBM0E3Nw==	\N	BBB3C42A4F8AC94091B297DF708DD50B	\N
F60F5BD54FA9842979790B4BBF80B8D9	SubNetwork=SolarSystem/SubNetwork=Earth/SubNetwork=Europe/SubNetwork=Hungary/NRCellDU=86	86	86	789	456	urn:base64:R05CRFVGdW5jdGlvbjpCQkIzQzQyQTRGOEFDOTQwOTFCMjk3REY3MDhERDUwQjpQUk9WSURFUzpOUkNlbGxEVTpGNjBGNUJENTRGQTk4NDI5Nzk3OTBCNEJCRjgwQjhEOQ==	\N	BBB3C42A4F8AC94091B297DF708DD50B	\N
2642586085120058DF59670F33FA5098	SubNetwork=SolarSystem/SubNetwork=Earth/SubNetwork=Europe/SubNetwork=Hungary/NRCellDU=87	87	87	789	456	urn:base64:R05CRFVGdW5jdGlvbjpCQkIzQzQyQTRGOEFDOTQwOTFCMjk3REY3MDhERDUwQjpQUk9WSURFUzpOUkNlbGxEVToyNjQyNTg2MDg1MTIwMDU4REY1OTY3MEYzM0ZBNTA5OA==	\N	BBB3C42A4F8AC94091B297DF708DD50B	\N
A39C73D2879D86EF4184B605C0AE016F	SubNetwork=SolarSystem/SubNetwork=Earth/SubNetwork=Europe/SubNetwork=Hungary/NRCellDU=88	88	88	789	456	urn:base64:R05CRFVGdW5jdGlvbjpCQkIzQzQyQTRGOEFDOTQwOTFCMjk3REY3MDhERDUwQjpQUk9WSURFUzpOUkNlbGxEVTpBMzlDNzNEMjg3OUQ4NkVGNDE4NEI2MDVDMEFFMDE2Rg==	\N	BBB3C42A4F8AC94091B297DF708DD50B	\N
EEC85A7F76017260F9721B65A144D18E	SubNetwork=SolarSystem/SubNetwork=Earth/SubNetwork=Europe/SubNetwork=Hungary/NRCellDU=89	89	89	789	456	urn:base64:R05CRFVGdW5jdGlvbjpCQkIzQzQyQTRGOEFDOTQwOTFCMjk3REY3MDhERDUwQjpQUk9WSURFUzpOUkNlbGxEVTpFRUM4NUE3Rjc2MDE3MjYwRjk3MjFCNjVBMTQ0RDE4RQ==	\N	BBB3C42A4F8AC94091B297DF708DD50B	\N
1D825881F378E0735378D40BDECAC3EC	SubNetwork=SolarSystem/SubNetwork=Earth/SubNetwork=Europe/SubNetwork=Hungary/NRCellDU=90	90	90	789	456	urn:base64:R05CRFVGdW5jdGlvbjpCQkIzQzQyQTRGOEFDOTQwOTFCMjk3REY3MDhERDUwQjpQUk9WSURFUzpOUkNlbGxEVToxRDgyNTg4MUYzNzhFMDczNTM3OEQ0MEJERUNBQzNFQw==	\N	BBB3C42A4F8AC94091B297DF708DD50B	\N
76E9F605D4F37330BF0B505E94F64F11	SubNetwork=SolarSystem/SubNetwork=Earth/SubNetwork=Europe/SubNetwork=Hungary/NRCellDU=91	91	91	789	456	urn:base64:R05CRFVGdW5jdGlvbjo0Q0ZGMTM2MjAwQTJERTM2MjA1QTEzNTU5QzU1REIyQTpQUk9WSURFUzpOUkNlbGxEVTo3NkU5RjYwNUQ0RjM3MzMwQkYwQjUwNUU5NEY2NEYxMQ==	\N	4CFF136200A2DE36205A13559C55DB2A	\N
67A1BDA10B5AF43028D07C7BE5CB1AE2	SubNetwork=SolarSystem/SubNetwork=Earth/SubNetwork=Europe/SubNetwork=Hungary/NRCellDU=92	92	92	789	456	urn:base64:R05CRFVGdW5jdGlvbjo0Q0ZGMTM2MjAwQTJERTM2MjA1QTEzNTU5QzU1REIyQTpQUk9WSURFUzpOUkNlbGxEVTo2N0ExQkRBMTBCNUFGNDMwMjhEMDdDN0JFNUNCMUFFMg==	\N	4CFF136200A2DE36205A13559C55DB2A	\N
B3B0A1939EFCA654A37005B6A7F24BD7	SubNetwork=SolarSystem/SubNetwork=Earth/SubNetwork=Europe/SubNetwork=Hungary/NRCellDU=93	93	93	789	456	urn:base64:R05CRFVGdW5jdGlvbjo0Q0ZGMTM2MjAwQTJERTM2MjA1QTEzNTU5QzU1REIyQTpQUk9WSURFUzpOUkNlbGxEVTpCM0IwQTE5MzlFRkNBNjU0QTM3MDA1QjZBN0YyNEJENw==	\N	4CFF136200A2DE36205A13559C55DB2A	\N
F26F279E91D0941DB4F646E707EA403A	SubNetwork=SolarSystem/SubNetwork=Earth/SubNetwork=Europe/SubNetwork=Hungary/NRCellDU=94	94	94	789	456	urn:base64:R05CRFVGdW5jdGlvbjo0Q0ZGMTM2MjAwQTJERTM2MjA1QTEzNTU5QzU1REIyQTpQUk9WSURFUzpOUkNlbGxEVTpGMjZGMjc5RTkxRDA5NDFEQjRGNjQ2RTcwN0VBNDAzQQ==	\N	4CFF136200A2DE36205A13559C55DB2A	\N
24379146FE349FBF04BA3B3018077214	SubNetwork=SolarSystem/SubNetwork=Earth/SubNetwork=Europe/SubNetwork=Hungary/NRCellDU=95	95	95	789	456	urn:base64:R05CRFVGdW5jdGlvbjo0Q0ZGMTM2MjAwQTJERTM2MjA1QTEzNTU5QzU1REIyQTpQUk9WSURFUzpOUkNlbGxEVToyNDM3OTE0NkZFMzQ5RkJGMDRCQTNCMzAxODA3NzIxNA==	\N	4CFF136200A2DE36205A13559C55DB2A	\N
5E7EA1D6380C21D2C024524C2A198A5A	SubNetwork=SolarSystem/SubNetwork=Earth/SubNetwork=Europe/SubNetwork=Hungary/NRCellDU=96	96	96	789	456	urn:base64:R05CRFVGdW5jdGlvbjo0Q0ZGMTM2MjAwQTJERTM2MjA1QTEzNTU5QzU1REIyQTpQUk9WSURFUzpOUkNlbGxEVTo1RTdFQTFENjM4MEMyMUQyQzAyNDUyNEMyQTE5OEE1QQ==	\N	4CFF136200A2DE36205A13559C55DB2A	\N
5DC3A11A69D8CDB175FC9D49D9E0E720	SubNetwork=SolarSystem/SubNetwork=Earth/SubNetwork=Europe/SubNetwork=Hungary/NRCellDU=97	97	97	789	456	urn:base64:R05CRFVGdW5jdGlvbjo0Q0ZGMTM2MjAwQTJERTM2MjA1QTEzNTU5QzU1REIyQTpQUk9WSURFUzpOUkNlbGxEVTo1REMzQTExQTY5RDhDREIxNzVGQzlENDlEOUUwRTcyMA==	\N	4CFF136200A2DE36205A13559C55DB2A	\N
9840AC1566774545CBD7FD44015EFFA5	SubNetwork=SolarSystem/SubNetwork=Earth/SubNetwork=Europe/SubNetwork=Hungary/NRCellDU=98	98	98	789	456	urn:base64:R05CRFVGdW5jdGlvbjo0Q0ZGMTM2MjAwQTJERTM2MjA1QTEzNTU5QzU1REIyQTpQUk9WSURFUzpOUkNlbGxEVTo5ODQwQUMxNTY2Nzc0NTQ1Q0JEN0ZENDQwMTVFRkZBNQ==	\N	4CFF136200A2DE36205A13559C55DB2A	\N
F4531C31205F28BC8830CAD7A7C2FDA1	SubNetwork=SolarSystem/SubNetwork=Earth/SubNetwork=Europe/SubNetwork=Hungary/NRCellDU=99	99	99	789	456	urn:base64:R05CRFVGdW5jdGlvbjo0Q0ZGMTM2MjAwQTJERTM2MjA1QTEzNTU5QzU1REIyQTpQUk9WSURFUzpOUkNlbGxEVTpGNDUzMUMzMTIwNUYyOEJDODgzMENBRDdBN0MyRkRBMQ==	\N	4CFF136200A2DE36205A13559C55DB2A	\N
\.

COPY ties_data."LTESectorCarrier" (id, fdn, "essScLocalId", "sectorCarrierType", "REL_EUTRANCELL_USES_LTESECTORCARRIER_EIID", "REL_LTESECTORCARRIER_USES_ANTENNACAPABILITY_EIID", "REL_ENODEBFUNCTION_PROVIDES_LTESECTORCARRIER_EIID", "REL_EUTRANCELL_USES_LTESECTORCARRIER", "REL_LTESECTORCARRIER_USES_ANTENNACAPABILITY", "REL_ENODEBFUNCTION_PROVIDES_LTESECTORCARRIER") FROM stdin;
6A71D2FA97A7798E13AE68DF144C18D2	SubNetwork=SolarSystem/SubNetwork=Earth/SubNetwork=Europe/SubNetwork=Hungary/LTESectorCarrier=1	1	MO	urn:base64:RVV0cmFuQ2VsbDoxMkFFM0FBQjMzMkI3Q0JBNzVGNUI2MUEzRTExRDlENzpVU0VTOkxURVNlY3RvckNhcnJpZXI6NkE3MUQyRkE5N0E3Nzk4RTEzQUU2OERGMTQ0QzE4RDI=	urn:base64:TFRFU2VjdG9yQ2Fycmllcjo2QTcxRDJGQTk3QTc3OThFMTNBRTY4REYxNDRDMThEMjpVU0VTOkFudGVubmFDYXBhYmlsaXR5OjA0MjczRkM2NDQzNkRBNTIzODY1Q0Y4NDlFNUY3Q0M5	urn:base64:RU5vZGVCRnVuY3Rpb246OEVGQUQyRjMwNTQ5OURDRDM2MDA0MEJENkY1N0I1NEU6UFJPVklERVM6TFRFU2VjdG9yQ2Fycmllcjo2QTcxRDJGQTk3QTc3OThFMTNBRTY4REYxNDRDMThEMg==	12AE3AAB332B7CBA75F5B61A3E11D9D7	04273FC64436DA523865CF849E5F7CC9	8EFAD2F305499DCD360040BD6F57B54E
96FEEADB8F638A1D4BE56258CBC7F670	SubNetwork=SolarSystem/SubNetwork=Earth/SubNetwork=Europe/SubNetwork=Hungary/LTESectorCarrier=2	2	MO	urn:base64:RVV0cmFuQ2VsbDoyMTIxMkI1MjI0NkE4N0Y5MjIzMzc2NTk0OTE0MjRFMjpVU0VTOkxURVNlY3RvckNhcnJpZXI6OTZGRUVBREI4RjYzOEExRDRCRTU2MjU4Q0JDN0Y2NzA=	urn:base64:TFRFU2VjdG9yQ2Fycmllcjo5NkZFRUFEQjhGNjM4QTFENEJFNTYyNThDQkM3RjY3MDpVU0VTOkFudGVubmFDYXBhYmlsaXR5OkQ1QjkwOTBFM0I2QTEwREJEQzI0M0VEMTRFRjI5NEJG	urn:base64:RU5vZGVCRnVuY3Rpb246OEVGQUQyRjMwNTQ5OURDRDM2MDA0MEJENkY1N0I1NEU6UFJPVklERVM6TFRFU2VjdG9yQ2Fycmllcjo5NkZFRUFEQjhGNjM4QTFENEJFNTYyNThDQkM3RjY3MA==	21212B52246A87F922337659491424E2	D5B9090E3B6A10DBDC243ED14EF294BF	8EFAD2F305499DCD360040BD6F57B54E
78C2DACF26B995F7F6E14A1224A3814E	SubNetwork=SolarSystem/SubNetwork=Earth/SubNetwork=Europe/SubNetwork=Hungary/LTESectorCarrier=3	3	MO	urn:base64:RVV0cmFuQ2VsbDpDOURENzMzQTE4QkM5Q0E2NkVBRTBBQTU2ODhFRTY4NTpVU0VTOkxURVNlY3RvckNhcnJpZXI6NzhDMkRBQ0YyNkI5OTVGN0Y2RTE0QTEyMjRBMzgxNEU=	urn:base64:TFRFU2VjdG9yQ2Fycmllcjo3OEMyREFDRjI2Qjk5NUY3RjZFMTRBMTIyNEEzODE0RTpVU0VTOkFudGVubmFDYXBhYmlsaXR5OjAyNDQzREUwODA3RDgwMUQ2NjE0OTVEOUVGQjhEODM2	urn:base64:RU5vZGVCRnVuY3Rpb246OEVGQUQyRjMwNTQ5OURDRDM2MDA0MEJENkY1N0I1NEU6UFJPVklERVM6TFRFU2VjdG9yQ2Fycmllcjo3OEMyREFDRjI2Qjk5NUY3RjZFMTRBMTIyNEEzODE0RQ==	C9DD733A18BC9CA66EAE0AA5688EE685	02443DE0807D801D661495D9EFB8D836	8EFAD2F305499DCD360040BD6F57B54E
936106877FE31C47ACF2782952735A99	SubNetwork=SolarSystem/SubNetwork=Earth/SubNetwork=Europe/SubNetwork=Hungary/LTESectorCarrier=4	4	MO	urn:base64:RVV0cmFuQ2VsbDo2M0U4ODkzNTc0NEQ2QzNFQjU5RUZFMDJDREFCQzA2MzpVU0VTOkxURVNlY3RvckNhcnJpZXI6OTM2MTA2ODc3RkUzMUM0N0FDRjI3ODI5NTI3MzVBOTk=	urn:base64:TFRFU2VjdG9yQ2Fycmllcjo5MzYxMDY4NzdGRTMxQzQ3QUNGMjc4Mjk1MjczNUE5OTpVU0VTOkFudGVubmFDYXBhYmlsaXR5OkM2ODIzRDJCN0FGQTA2NENFNzc0Nzk1RTAxRDYyMjhC	urn:base64:RU5vZGVCRnVuY3Rpb246OEVGQUQyRjMwNTQ5OURDRDM2MDA0MEJENkY1N0I1NEU6UFJPVklERVM6TFRFU2VjdG9yQ2Fycmllcjo5MzYxMDY4NzdGRTMxQzQ3QUNGMjc4Mjk1MjczNUE5OQ==	63E88935744D6C3EB59EFE02CDABC063	C6823D2B7AFA064CE774795E01D6228B	8EFAD2F305499DCD360040BD6F57B54E
ED4FCDD3318288DDB2614193E2EDFE63	SubNetwork=SolarSystem/SubNetwork=Earth/SubNetwork=Europe/SubNetwork=Hungary/LTESectorCarrier=5	5	MO	urn:base64:RVV0cmFuQ2VsbDo1OUEyMjA0OTI0QzRDMTYwMUExOUFDODg0N0QzMDJFODpVU0VTOkxURVNlY3RvckNhcnJpZXI6RUQ0RkNERDMzMTgyODhEREIyNjE0MTkzRTJFREZFNjM=	urn:base64:TFRFU2VjdG9yQ2FycmllcjpFRDRGQ0REMzMxODI4OEREQjI2MTQxOTNFMkVERkU2MzpVU0VTOkFudGVubmFDYXBhYmlsaXR5OkRGMjZBRTQ0MjExMERCMDI4MURBRDQ1NDU0MzZCNzIw	urn:base64:RU5vZGVCRnVuY3Rpb246QzY2OTRGMDM3NjhBRjlFRTgzREMyOTNDMTA0NzMwNzY6UFJPVklERVM6TFRFU2VjdG9yQ2FycmllcjpFRDRGQ0REMzMxODI4OEREQjI2MTQxOTNFMkVERkU2Mw==	59A2204924C4C1601A19AC8847D302E8	DF26AE442110DB0281DAD4545436B720	C6694F03768AF9EE83DC293C10473076
BED58D11C363D2CB5FD962657C57B202	SubNetwork=SolarSystem/SubNetwork=Earth/SubNetwork=Europe/SubNetwork=Hungary/LTESectorCarrier=6	6	MO	urn:base64:RVV0cmFuQ2VsbDo4OTI2NjkxNTk5ODkyNzYxQzlGRjhDRjNGMzI1MDY4RTpVU0VTOkxURVNlY3RvckNhcnJpZXI6QkVENThEMTFDMzYzRDJDQjVGRDk2MjY1N0M1N0IyMDI=	urn:base64:TFRFU2VjdG9yQ2FycmllcjpCRUQ1OEQxMUMzNjNEMkNCNUZEOTYyNjU3QzU3QjIwMjpVU0VTOkFudGVubmFDYXBhYmlsaXR5OjdBMUM2RkU5MzUxMDA4QjNENTM5MTY2RDk0MjIyNzYy	urn:base64:RU5vZGVCRnVuY3Rpb246QzY2OTRGMDM3NjhBRjlFRTgzREMyOTNDMTA0NzMwNzY6UFJPVklERVM6TFRFU2VjdG9yQ2FycmllcjpCRUQ1OEQxMUMzNjNEMkNCNUZEOTYyNjU3QzU3QjIwMg==	8926691599892761C9FF8CF3F325068E	7A1C6FE9351008B3D539166D94222762	C6694F03768AF9EE83DC293C10473076
D3C3BA1DB89377D7662B27F6F9D2C882	SubNetwork=SolarSystem/SubNetwork=Earth/SubNetwork=Europe/SubNetwork=Hungary/LTESectorCarrier=7	7	MO	urn:base64:RVV0cmFuQ2VsbDo2ODlCNkJCRkRENUI0MjZGRURBNkIxQ0U0NkY4Qjg5MzpVU0VTOkxURVNlY3RvckNhcnJpZXI6RDNDM0JBMURCODkzNzdENzY2MkIyN0Y2RjlEMkM4ODI=	urn:base64:TFRFU2VjdG9yQ2FycmllcjpEM0MzQkExREI4OTM3N0Q3NjYyQjI3RjZGOUQyQzg4MjpVU0VTOkFudGVubmFDYXBhYmlsaXR5OjcwQTFGMTI5RTEwRUU3RDMxREZFMUUxQUE2Qzc0MzdE	urn:base64:RU5vZGVCRnVuY3Rpb246QzY2OTRGMDM3NjhBRjlFRTgzREMyOTNDMTA0NzMwNzY6UFJPVklERVM6TFRFU2VjdG9yQ2FycmllcjpEM0MzQkExREI4OTM3N0Q3NjYyQjI3RjZGOUQyQzg4Mg==	689B6BBFDD5B426FEDA6B1CE46F8B893	70A1F129E10EE7D31DFE1E1AA6C7437D	C6694F03768AF9EE83DC293C10473076
422374EAB41474FDE8CFB932B2422802	SubNetwork=SolarSystem/SubNetwork=Earth/SubNetwork=Europe/SubNetwork=Hungary/LTESectorCarrier=8	8	MO	urn:base64:RVV0cmFuQ2VsbDpBMjc1RDE3MDY1MzZBNzdEN0FCQTZCQTJBM0M1NkRGRTpVU0VTOkxURVNlY3RvckNhcnJpZXI6NDIyMzc0RUFCNDE0NzRGREU4Q0ZCOTMyQjI0MjI4MDI=	urn:base64:TFRFU2VjdG9yQ2Fycmllcjo0MjIzNzRFQUI0MTQ3NEZERThDRkI5MzJCMjQyMjgwMjpVU0VTOkFudGVubmFDYXBhYmlsaXR5OjdERTkxQzc4RjhEQ0U0MjkyRjJGMEMzQjM0REVBQ0FC	urn:base64:RU5vZGVCRnVuY3Rpb246QzY2OTRGMDM3NjhBRjlFRTgzREMyOTNDMTA0NzMwNzY6UFJPVklERVM6TFRFU2VjdG9yQ2Fycmllcjo0MjIzNzRFQUI0MTQ3NEZERThDRkI5MzJCMjQyMjgwMg==	A275D1706536A77D7ABA6BA2A3C56DFE	7DE91C78F8DCE4292F2F0C3B34DEACAB	C6694F03768AF9EE83DC293C10473076
DDB43D4A95BA11C5FDF3D19514F628BD	SubNetwork=SolarSystem/SubNetwork=Earth/SubNetwork=Europe/SubNetwork=Hungary/LTESectorCarrier=9	9	MO	urn:base64:RVV0cmFuQ2VsbDowOEFCQzczRDg2QzVCODM4MEJCQzVCNTI0Q0NFQzg2MjpVU0VTOkxURVNlY3RvckNhcnJpZXI6RERCNDNENEE5NUJBMTFDNUZERjNEMTk1MTRGNjI4QkQ=	urn:base64:TFRFU2VjdG9yQ2FycmllcjpEREI0M0Q0QTk1QkExMUM1RkRGM0QxOTUxNEY2MjhCRDpVU0VTOkFudGVubmFDYXBhYmlsaXR5OjE0NUExQkY1NjFEQjI5N0YyNUZEM0YxMjQxN0QyQTUw	urn:base64:RU5vZGVCRnVuY3Rpb246NTRENjI1NzdBMkIzRUQzNzNGQTQ3QkJEODlBNjc0NzM6UFJPVklERVM6TFRFU2VjdG9yQ2FycmllcjpEREI0M0Q0QTk1QkExMUM1RkRGM0QxOTUxNEY2MjhCRA==	08ABC73D86C5B8380BBC5B524CCEC862	145A1BF561DB297F25FD3F12417D2A50	54D62577A2B3ED373FA47BBD89A67473
BE8FD2B159EE7D5D47EFE8A2FD4313C8	SubNetwork=SolarSystem/SubNetwork=Earth/SubNetwork=Europe/SubNetwork=Hungary/LTESectorCarrier=10	10	MO	urn:base64:RVV0cmFuQ2VsbDpCNjExRjYzREU3N0ZDNUMzMzNBMTdFQzA0N0U1RUY0MzpVU0VTOkxURVNlY3RvckNhcnJpZXI6QkU4RkQyQjE1OUVFN0Q1RDQ3RUZFOEEyRkQ0MzEzQzg=	urn:base64:TFRFU2VjdG9yQ2FycmllcjpCRThGRDJCMTU5RUU3RDVENDdFRkU4QTJGRDQzMTNDODpVU0VTOkFudGVubmFDYXBhYmlsaXR5OjkxODhEOTc1RDgzN0ExRTAzOTcxNjdBMjNFNzIxQjBD	urn:base64:RU5vZGVCRnVuY3Rpb246NTRENjI1NzdBMkIzRUQzNzNGQTQ3QkJEODlBNjc0NzM6UFJPVklERVM6TFRFU2VjdG9yQ2FycmllcjpCRThGRDJCMTU5RUU3RDVENDdFRkU4QTJGRDQzMTNDOA==	B611F63DE77FC5C333A17EC047E5EF43	9188D975D837A1E0397167A23E721B0C	54D62577A2B3ED373FA47BBD89A67473
BAE5942A7A4B6C49AB04C0ABC064EB28	SubNetwork=SolarSystem/SubNetwork=Earth/SubNetwork=Europe/SubNetwork=Hungary/LTESectorCarrier=11	11	MO	urn:base64:RVV0cmFuQ2VsbDpDRjgzNDRGNzk1QjEzMzUwMDUwRTUyQzgzQjk3RENCOTpVU0VTOkxURVNlY3RvckNhcnJpZXI6QkFFNTk0MkE3QTRCNkM0OUFCMDRDMEFCQzA2NEVCMjg=	urn:base64:TFRFU2VjdG9yQ2FycmllcjpCQUU1OTQyQTdBNEI2QzQ5QUIwNEMwQUJDMDY0RUIyODpVU0VTOkFudGVubmFDYXBhYmlsaXR5OkQzMTREQURBRkEzRDg5NjQ0NUU3OEVCQ0MxNUExNkY3	urn:base64:RU5vZGVCRnVuY3Rpb246NTRENjI1NzdBMkIzRUQzNzNGQTQ3QkJEODlBNjc0NzM6UFJPVklERVM6TFRFU2VjdG9yQ2FycmllcjpCQUU1OTQyQTdBNEI2QzQ5QUIwNEMwQUJDMDY0RUIyOA==	CF8344F795B13350050E52C83B97DCB9	D314DADAFA3D896445E78EBCC15A16F7	54D62577A2B3ED373FA47BBD89A67473
7D75F65DCEE7745E5E89EA5CBC8A477D	SubNetwork=SolarSystem/SubNetwork=Earth/SubNetwork=Europe/SubNetwork=Hungary/LTESectorCarrier=12	12	MO	urn:base64:RVV0cmFuQ2VsbDo1OUEyRTdFODUwNDEyNUVCOERGMzc2NUZBRUJBQTUzQjpVU0VTOkxURVNlY3RvckNhcnJpZXI6N0Q3NUY2NURDRUU3NzQ1RTVFODlFQTVDQkM4QTQ3N0Q=	urn:base64:TFRFU2VjdG9yQ2Fycmllcjo3RDc1RjY1RENFRTc3NDVFNUU4OUVBNUNCQzhBNDc3RDpVU0VTOkFudGVubmFDYXBhYmlsaXR5OjI4QUQzRUU4NDQ3NjZERjUwOEY2Mjg3Q0QxQ0UxOEE0	urn:base64:RU5vZGVCRnVuY3Rpb246NTRENjI1NzdBMkIzRUQzNzNGQTQ3QkJEODlBNjc0NzM6UFJPVklERVM6TFRFU2VjdG9yQ2Fycmllcjo3RDc1RjY1RENFRTc3NDVFNUU4OUVBNUNCQzhBNDc3RA==	59A2E7E8504125EB8DF3765FAEBAA53B	28AD3EE844766DF508F6287CD1CE18A4	54D62577A2B3ED373FA47BBD89A67473
E8BF5D975B6ECED3AC3C1E7DFAF569D6	SubNetwork=SolarSystem/SubNetwork=Earth/SubNetwork=Europe/SubNetwork=Hungary/LTESectorCarrier=13	13	MO	urn:base64:RVV0cmFuQ2VsbDpEQkE4MzIzMEMwRkE3MTk5M0Y4RkREODM2MzU0MjIzRTpVU0VTOkxURVNlY3RvckNhcnJpZXI6RThCRjVEOTc1QjZFQ0VEM0FDM0MxRTdERkFGNTY5RDY=	urn:base64:TFRFU2VjdG9yQ2FycmllcjpFOEJGNUQ5NzVCNkVDRUQzQUMzQzFFN0RGQUY1NjlENjpVU0VTOkFudGVubmFDYXBhYmlsaXR5OkMzOThENkM2NzMyNjdBMDgxQzc4MUQ4NDQzOEY0Qjc0	urn:base64:RU5vZGVCRnVuY3Rpb246M0I2MDNDRDNFNzRGMEY5MDUzREVGMDYzRUZBRjIwMTI6UFJPVklERVM6TFRFU2VjdG9yQ2FycmllcjpFOEJGNUQ5NzVCNkVDRUQzQUMzQzFFN0RGQUY1NjlENg==	DBA83230C0FA71993F8FDD836354223E	C398D6C673267A081C781D84438F4B74	3B603CD3E74F0F9053DEF063EFAF2012
72AF5544AF527B2DADD2BCE04BF7504C	SubNetwork=SolarSystem/SubNetwork=Earth/SubNetwork=Europe/SubNetwork=Hungary/LTESectorCarrier=14	14	MO	urn:base64:RVV0cmFuQ2VsbDpFMEZFQ0I2QjUxQzY5OTMyNTYyQjZDMTk0MzYyQ0M4RTpVU0VTOkxURVNlY3RvckNhcnJpZXI6NzJBRjU1NDRBRjUyN0IyREFERDJCQ0UwNEJGNzUwNEM=	urn:base64:TFRFU2VjdG9yQ2Fycmllcjo3MkFGNTU0NEFGNTI3QjJEQUREMkJDRTA0QkY3NTA0QzpVU0VTOkFudGVubmFDYXBhYmlsaXR5OjBCREFENUREQzE5QTY5NjI0NDUzNjQyMUU2RDI2RkUz	urn:base64:RU5vZGVCRnVuY3Rpb246M0I2MDNDRDNFNzRGMEY5MDUzREVGMDYzRUZBRjIwMTI6UFJPVklERVM6TFRFU2VjdG9yQ2Fycmllcjo3MkFGNTU0NEFGNTI3QjJEQUREMkJDRTA0QkY3NTA0Qw==	E0FECB6B51C69932562B6C194362CC8E	0BDAD5DDC19A696244536421E6D26FE3	3B603CD3E74F0F9053DEF063EFAF2012
7A84CA220F5912B668B9902A82422847	SubNetwork=SolarSystem/SubNetwork=Earth/SubNetwork=Europe/SubNetwork=Hungary/LTESectorCarrier=15	15	MO	urn:base64:RVV0cmFuQ2VsbDoyMjdFQzU4QkU5Mjc3QTk5OUI2NkI1M0U2QzYxNkNGODpVU0VTOkxURVNlY3RvckNhcnJpZXI6N0E4NENBMjIwRjU5MTJCNjY4Qjk5MDJBODI0MjI4NDc=	urn:base64:TFRFU2VjdG9yQ2Fycmllcjo3QTg0Q0EyMjBGNTkxMkI2NjhCOTkwMkE4MjQyMjg0NzpVU0VTOkFudGVubmFDYXBhYmlsaXR5OjQ5MjA1ODgxQzkxMjFGMjA4QkQ3OTE0OUZBNzk5ODc3	urn:base64:RU5vZGVCRnVuY3Rpb246M0I2MDNDRDNFNzRGMEY5MDUzREVGMDYzRUZBRjIwMTI6UFJPVklERVM6TFRFU2VjdG9yQ2Fycmllcjo3QTg0Q0EyMjBGNTkxMkI2NjhCOTkwMkE4MjQyMjg0Nw==	227EC58BE9277A999B66B53E6C616CF8	49205881C9121F208BD79149FA799877	3B603CD3E74F0F9053DEF063EFAF2012
11DE95BBE63D51804C165BE428C562FC	SubNetwork=SolarSystem/SubNetwork=Earth/SubNetwork=Europe/SubNetwork=Hungary/LTESectorCarrier=16	16	MO	urn:base64:RVV0cmFuQ2VsbDpBNUQyMjBCMURGRUE5MjhDMTdCOEJCOTJERjEyNjQ4ODpVU0VTOkxURVNlY3RvckNhcnJpZXI6MTFERTk1QkJFNjNENTE4MDRDMTY1QkU0MjhDNTYyRkM=	urn:base64:TFRFU2VjdG9yQ2FycmllcjoxMURFOTVCQkU2M0Q1MTgwNEMxNjVCRTQyOEM1NjJGQzpVU0VTOkFudGVubmFDYXBhYmlsaXR5OkEzMkRCOUUyNzhGQzFERTQxRkI0QTNCNTBGODAyNjUw	urn:base64:RU5vZGVCRnVuY3Rpb246M0I2MDNDRDNFNzRGMEY5MDUzREVGMDYzRUZBRjIwMTI6UFJPVklERVM6TFRFU2VjdG9yQ2FycmllcjoxMURFOTVCQkU2M0Q1MTgwNEMxNjVCRTQyOEM1NjJGQw==	A5D220B1DFEA928C17B8BB92DF126488	A32DB9E278FC1DE41FB4A3B50F802650	3B603CD3E74F0F9053DEF063EFAF2012
40B28B706B0288149A3366C8EA774C41	SubNetwork=SolarSystem/SubNetwork=Earth/SubNetwork=Europe/SubNetwork=Hungary/LTESectorCarrier=17	17	MO	urn:base64:RVV0cmFuQ2VsbDo2N0ZGQzdGNzVBMkVGMENBQUM4Q0U3MEFBRjcyQjEwNTpVU0VTOkxURVNlY3RvckNhcnJpZXI6NDBCMjhCNzA2QjAyODgxNDlBMzM2NkM4RUE3NzRDNDE=	urn:base64:TFRFU2VjdG9yQ2Fycmllcjo0MEIyOEI3MDZCMDI4ODE0OUEzMzY2QzhFQTc3NEM0MTpVU0VTOkFudGVubmFDYXBhYmlsaXR5OkJERTM4MUJBQ0M2NzI5MEU0NDdCQzAxNzdFMDM4QUVC	urn:base64:RU5vZGVCRnVuY3Rpb246MUQ5OTE3NTkwRTVGNzVGNDRERjdFRjYyNjU5MkMyQzc6UFJPVklERVM6TFRFU2VjdG9yQ2Fycmllcjo0MEIyOEI3MDZCMDI4ODE0OUEzMzY2QzhFQTc3NEM0MQ==	67FFC7F75A2EF0CAAC8CE70AAF72B105	BDE381BACC67290E447BC0177E038AEB	1D9917590E5F75F44DF7EF626592C2C7
CA4AFE762559AE791A12FDC893E9AE9C	SubNetwork=SolarSystem/SubNetwork=Earth/SubNetwork=Europe/SubNetwork=Hungary/LTESectorCarrier=18	18	MO	urn:base64:RVV0cmFuQ2VsbDpCQjE4NDNEMjYwMUFFNzA1RjM0QkYxMkQyQTQyMjAzMzpVU0VTOkxURVNlY3RvckNhcnJpZXI6Q0E0QUZFNzYyNTU5QUU3OTFBMTJGREM4OTNFOUFFOUM=	urn:base64:TFRFU2VjdG9yQ2FycmllcjpDQTRBRkU3NjI1NTlBRTc5MUExMkZEQzg5M0U5QUU5QzpVU0VTOkFudGVubmFDYXBhYmlsaXR5OkI0QkM0RDFCMTNFQjY1MTY5MEYzMTk1RTYyMkNDNEJE	urn:base64:RU5vZGVCRnVuY3Rpb246MUQ5OTE3NTkwRTVGNzVGNDRERjdFRjYyNjU5MkMyQzc6UFJPVklERVM6TFRFU2VjdG9yQ2FycmllcjpDQTRBRkU3NjI1NTlBRTc5MUExMkZEQzg5M0U5QUU5Qw==	BB1843D2601AE705F34BF12D2A422033	B4BC4D1B13EB651690F3195E622CC4BD	1D9917590E5F75F44DF7EF626592C2C7
7F10AA7C396CDE4F86B47D48B2E13D72	SubNetwork=SolarSystem/SubNetwork=Earth/SubNetwork=Europe/SubNetwork=Hungary/LTESectorCarrier=19	19	MO	urn:base64:RVV0cmFuQ2VsbDo4RjZFMjMwQ0YyNjVGOEM1QTE0NzkyQzA5QTY2ODY5MDpVU0VTOkxURVNlY3RvckNhcnJpZXI6N0YxMEFBN0MzOTZDREU0Rjg2QjQ3RDQ4QjJFMTNENzI=	urn:base64:TFRFU2VjdG9yQ2Fycmllcjo3RjEwQUE3QzM5NkNERTRGODZCNDdENDhCMkUxM0Q3MjpVU0VTOkFudGVubmFDYXBhYmlsaXR5OjMyRUUzODVFQUNEMjZBMDA0NkJBRDVDQzg0OTA1RUNC	urn:base64:RU5vZGVCRnVuY3Rpb246MUQ5OTE3NTkwRTVGNzVGNDRERjdFRjYyNjU5MkMyQzc6UFJPVklERVM6TFRFU2VjdG9yQ2Fycmllcjo3RjEwQUE3QzM5NkNERTRGODZCNDdENDhCMkUxM0Q3Mg==	8F6E230CF265F8C5A14792C09A668690	32EE385EACD26A0046BAD5CC84905ECB	1D9917590E5F75F44DF7EF626592C2C7
88572A3196793B103445E4ACE68AEA49	SubNetwork=SolarSystem/SubNetwork=Earth/SubNetwork=Europe/SubNetwork=Hungary/LTESectorCarrier=20	20	MO	urn:base64:RVV0cmFuQ2VsbDo2NUE3QkI3MkFCQzM0RTdEMkM5RDIwQkQyMkIwM0Y2MDpVU0VTOkxURVNlY3RvckNhcnJpZXI6ODg1NzJBMzE5Njc5M0IxMDM0NDVFNEFDRTY4QUVBNDk=	urn:base64:TFRFU2VjdG9yQ2Fycmllcjo4ODU3MkEzMTk2NzkzQjEwMzQ0NUU0QUNFNjhBRUE0OTpVU0VTOkFudGVubmFDYXBhYmlsaXR5OjQzQjYzMTA2QjI3RkIwNUM2MTg0MDBFRTVBRTkxNjM3	urn:base64:RU5vZGVCRnVuY3Rpb246MUQ5OTE3NTkwRTVGNzVGNDRERjdFRjYyNjU5MkMyQzc6UFJPVklERVM6TFRFU2VjdG9yQ2Fycmllcjo4ODU3MkEzMTk2NzkzQjEwMzQ0NUU0QUNFNjhBRUE0OQ==	65A7BB72ABC34E7D2C9D20BD22B03F60	43B63106B27FB05C618400EE5AE91637	1D9917590E5F75F44DF7EF626592C2C7
CEE3234BB6A7A468B503C964448FD72B	SubNetwork=SolarSystem/SubNetwork=Earth/SubNetwork=Europe/SubNetwork=Hungary/LTESectorCarrier=21	21	MO	urn:base64:RVV0cmFuQ2VsbDo0NzUxODc3NTM5OUNFOUY3NEJBMjk5RkM3QzAzMzczMjpVU0VTOkxURVNlY3RvckNhcnJpZXI6Q0VFMzIzNEJCNkE3QTQ2OEI1MDNDOTY0NDQ4RkQ3MkI=	urn:base64:TFRFU2VjdG9yQ2FycmllcjpDRUUzMjM0QkI2QTdBNDY4QjUwM0M5NjQ0NDhGRDcyQjpVU0VTOkFudGVubmFDYXBhYmlsaXR5OkM4MTNFMTg2NTdDMkM1ODM3QTNGMjM3QkFENTU3OTQ0	urn:base64:RU5vZGVCRnVuY3Rpb246QjNCMzg0NUU3RDg5MTBENjkwNkI1RUI0MUE4RTA2OTY6UFJPVklERVM6TFRFU2VjdG9yQ2FycmllcjpDRUUzMjM0QkI2QTdBNDY4QjUwM0M5NjQ0NDhGRDcyQg==	47518775399CE9F74BA299FC7C033732	C813E18657C2C5837A3F237BAD557944	B3B3845E7D8910D6906B5EB41A8E0696
77671BA896E46F12644F64A3696AACED	SubNetwork=SolarSystem/SubNetwork=Earth/SubNetwork=Europe/SubNetwork=Hungary/LTESectorCarrier=22	22	MO	urn:base64:RVV0cmFuQ2VsbDpGNEM3RDM0ODI0MEI5RTJBRTFDMzBEQkE4QTgyMjVGQzpVU0VTOkxURVNlY3RvckNhcnJpZXI6Nzc2NzFCQTg5NkU0NkYxMjY0NEY2NEEzNjk2QUFDRUQ=	urn:base64:TFRFU2VjdG9yQ2Fycmllcjo3NzY3MUJBODk2RTQ2RjEyNjQ0RjY0QTM2OTZBQUNFRDpVU0VTOkFudGVubmFDYXBhYmlsaXR5OjQ2MkRDQ0RFQTVBMjg5MkI4Qzg2MzA3MjQ2NzlCNjc2	urn:base64:RU5vZGVCRnVuY3Rpb246QjNCMzg0NUU3RDg5MTBENjkwNkI1RUI0MUE4RTA2OTY6UFJPVklERVM6TFRFU2VjdG9yQ2Fycmllcjo3NzY3MUJBODk2RTQ2RjEyNjQ0RjY0QTM2OTZBQUNFRA==	F4C7D348240B9E2AE1C30DBA8A8225FC	462DCCDEA5A2892B8C8630724679B676	B3B3845E7D8910D6906B5EB41A8E0696
D5ECCA0DC8E6539EEF5E3E80F2440FF8	SubNetwork=SolarSystem/SubNetwork=Earth/SubNetwork=Europe/SubNetwork=Hungary/LTESectorCarrier=23	23	MO	urn:base64:RVV0cmFuQ2VsbDowMTU3MDU2QUFEN0Q3MDBBQjc0NjQ5QUQyM0FCMzUxNjpVU0VTOkxURVNlY3RvckNhcnJpZXI6RDVFQ0NBMERDOEU2NTM5RUVGNUUzRTgwRjI0NDBGRjg=	urn:base64:TFRFU2VjdG9yQ2FycmllcjpENUVDQ0EwREM4RTY1MzlFRUY1RTNFODBGMjQ0MEZGODpVU0VTOkFudGVubmFDYXBhYmlsaXR5OkY2RDBGRjIwNjlGMDM4RkY2NEQwNzJDODE4REQ5QkZE	urn:base64:RU5vZGVCRnVuY3Rpb246QjNCMzg0NUU3RDg5MTBENjkwNkI1RUI0MUE4RTA2OTY6UFJPVklERVM6TFRFU2VjdG9yQ2FycmllcjpENUVDQ0EwREM4RTY1MzlFRUY1RTNFODBGMjQ0MEZGOA==	0157056AAD7D700AB74649AD23AB3516	F6D0FF2069F038FF64D072C818DD9BFD	B3B3845E7D8910D6906B5EB41A8E0696
F909E803B0F36A260820BDB8F9DED641	SubNetwork=SolarSystem/SubNetwork=Earth/SubNetwork=Europe/SubNetwork=Hungary/LTESectorCarrier=24	24	MO	urn:base64:RVV0cmFuQ2VsbDpCNDA2NkU3NDNEQ0Y0OEYwMjQzM0EzMDA0NUIyQkQ2NzpVU0VTOkxURVNlY3RvckNhcnJpZXI6RjkwOUU4MDNCMEYzNkEyNjA4MjBCREI4RjlERUQ2NDE=	urn:base64:TFRFU2VjdG9yQ2FycmllcjpGOTA5RTgwM0IwRjM2QTI2MDgyMEJEQjhGOURFRDY0MTpVU0VTOkFudGVubmFDYXBhYmlsaXR5OkM1QzU5ODUxMUM3NTE0MDYxRTg2REEyNEY4REIzNTlE	urn:base64:RU5vZGVCRnVuY3Rpb246QjNCMzg0NUU3RDg5MTBENjkwNkI1RUI0MUE4RTA2OTY6UFJPVklERVM6TFRFU2VjdG9yQ2FycmllcjpGOTA5RTgwM0IwRjM2QTI2MDgyMEJEQjhGOURFRDY0MQ==	B4066E743DCF48F02433A30045B2BD67	C5C598511C7514061E86DA24F8DB359D	B3B3845E7D8910D6906B5EB41A8E0696
7B6CED12C445EBC5402060C76AABD35E	SubNetwork=SolarSystem/SubNetwork=Earth/SubNetwork=Europe/SubNetwork=Hungary/LTESectorCarrier=25	25	MO	urn:base64:RVV0cmFuQ2VsbDo5NDgxRkU1RUU3MDI3RThGRkM1RjZDNTA1NEUwNDU4RDpVU0VTOkxURVNlY3RvckNhcnJpZXI6N0I2Q0VEMTJDNDQ1RUJDNTQwMjA2MEM3NkFBQkQzNUU=	urn:base64:TFRFU2VjdG9yQ2Fycmllcjo3QjZDRUQxMkM0NDVFQkM1NDAyMDYwQzc2QUFCRDM1RTpVU0VTOkFudGVubmFDYXBhYmlsaXR5OjEzODc2RkVDRUVERjQ1QUU0RENBOEMzOTNFNDc4MjM3	urn:base64:RU5vZGVCRnVuY3Rpb246NEM4QjI0QUMwMTFBNzM0QTVGRUJGMzIxQzc3Mjg5QUI6UFJPVklERVM6TFRFU2VjdG9yQ2Fycmllcjo3QjZDRUQxMkM0NDVFQkM1NDAyMDYwQzc2QUFCRDM1RQ==	9481FE5EE7027E8FFC5F6C5054E0458D	13876FECEEDF45AE4DCA8C393E478237	4C8B24AC011A734A5FEBF321C77289AB
A7755961EE174E532DDBEA5572858CDA	SubNetwork=SolarSystem/SubNetwork=Earth/SubNetwork=Europe/SubNetwork=Hungary/LTESectorCarrier=26	26	MO	urn:base64:RVV0cmFuQ2VsbDo2NDJFMUJCRTg3MjNBQzlDNDU5MEY2NzAzRURDNDRGMTpVU0VTOkxURVNlY3RvckNhcnJpZXI6QTc3NTU5NjFFRTE3NEU1MzJEREJFQTU1NzI4NThDREE=	urn:base64:TFRFU2VjdG9yQ2FycmllcjpBNzc1NTk2MUVFMTc0RTUzMkREQkVBNTU3Mjg1OENEQTpVU0VTOkFudGVubmFDYXBhYmlsaXR5OjAwODMzOTAzODkxRDA3RDA2MjhFMDNGRjQ0NjNBMTRB	urn:base64:RU5vZGVCRnVuY3Rpb246NEM4QjI0QUMwMTFBNzM0QTVGRUJGMzIxQzc3Mjg5QUI6UFJPVklERVM6TFRFU2VjdG9yQ2FycmllcjpBNzc1NTk2MUVFMTc0RTUzMkREQkVBNTU3Mjg1OENEQQ==	642E1BBE8723AC9C4590F6703EDC44F1	00833903891D07D0628E03FF4463A14A	4C8B24AC011A734A5FEBF321C77289AB
F4A7A456CCCA0DEF8CB045E219B5AE17	SubNetwork=SolarSystem/SubNetwork=Earth/SubNetwork=Europe/SubNetwork=Hungary/LTESectorCarrier=27	27	MO	urn:base64:RVV0cmFuQ2VsbDoxMjMzNDVERkQ3NDU2MjdFNTFGOEUxNDA5OTMzMjlCMTpVU0VTOkxURVNlY3RvckNhcnJpZXI6RjRBN0E0NTZDQ0NBMERFRjhDQjA0NUUyMTlCNUFFMTc=	urn:base64:TFRFU2VjdG9yQ2FycmllcjpGNEE3QTQ1NkNDQ0EwREVGOENCMDQ1RTIxOUI1QUUxNzpVU0VTOkFudGVubmFDYXBhYmlsaXR5OkM0QTI4M0VFRkQ1RjE0NjNCN0VFMENBNzgyNDA5REZC	urn:base64:RU5vZGVCRnVuY3Rpb246NEM4QjI0QUMwMTFBNzM0QTVGRUJGMzIxQzc3Mjg5QUI6UFJPVklERVM6TFRFU2VjdG9yQ2FycmllcjpGNEE3QTQ1NkNDQ0EwREVGOENCMDQ1RTIxOUI1QUUxNw==	123345DFD745627E51F8E140993329B1	C4A283EEFD5F1463B7EE0CA782409DFB	4C8B24AC011A734A5FEBF321C77289AB
186269ADB75707F93FD6960BB47E8B52	SubNetwork=SolarSystem/SubNetwork=Earth/SubNetwork=Europe/SubNetwork=Hungary/LTESectorCarrier=28	28	MO	urn:base64:RVV0cmFuQ2VsbDoyMDREQTU0MDlGRjgwRTk3NTg2NDhEQjc1QTYzOUZCMzpVU0VTOkxURVNlY3RvckNhcnJpZXI6MTg2MjY5QURCNzU3MDdGOTNGRDY5NjBCQjQ3RThCNTI=	urn:base64:TFRFU2VjdG9yQ2FycmllcjoxODYyNjlBREI3NTcwN0Y5M0ZENjk2MEJCNDdFOEI1MjpVU0VTOkFudGVubmFDYXBhYmlsaXR5OkFGRkVBRjFEMEYyRDMwNTI0QzQ5QkE4NkQ1MkYzOUVF	urn:base64:RU5vZGVCRnVuY3Rpb246NEM4QjI0QUMwMTFBNzM0QTVGRUJGMzIxQzc3Mjg5QUI6UFJPVklERVM6TFRFU2VjdG9yQ2FycmllcjoxODYyNjlBREI3NTcwN0Y5M0ZENjk2MEJCNDdFOEI1Mg==	204DA5409FF80E9758648DB75A639FB3	AFFEAF1D0F2D30524C49BA86D52F39EE	4C8B24AC011A734A5FEBF321C77289AB
51FACE199A356B553FD949E28EA80899	SubNetwork=SolarSystem/SubNetwork=Earth/SubNetwork=Europe/SubNetwork=Hungary/LTESectorCarrier=29	29	MO	urn:base64:RVV0cmFuQ2VsbDowMkQ2MjdFRTY5MzU0QzMyNDRDRjNDRTg4N0JFNTBGMzpVU0VTOkxURVNlY3RvckNhcnJpZXI6NTFGQUNFMTk5QTM1NkI1NTNGRDk0OUUyOEVBODA4OTk=	urn:base64:TFRFU2VjdG9yQ2Fycmllcjo1MUZBQ0UxOTlBMzU2QjU1M0ZEOTQ5RTI4RUE4MDg5OTpVU0VTOkFudGVubmFDYXBhYmlsaXR5OkUyQTEzQ0Y1NkMwRTE4N0M2MkZGOTcxNkJCMEZDRUQ2	urn:base64:RU5vZGVCRnVuY3Rpb246OTYyMjBCNjRENEE0QzZGNkIxN0RGMzBCMTJCODQxRDM6UFJPVklERVM6TFRFU2VjdG9yQ2Fycmllcjo1MUZBQ0UxOTlBMzU2QjU1M0ZEOTQ5RTI4RUE4MDg5OQ==	02D627EE69354C3244CF3CE887BE50F3	E2A13CF56C0E187C62FF9716BB0FCED6	96220B64D4A4C6F6B17DF30B12B841D3
0A70F059568E5C79D8476781A019354F	SubNetwork=SolarSystem/SubNetwork=Earth/SubNetwork=Europe/SubNetwork=Hungary/LTESectorCarrier=30	30	MO	urn:base64:RVV0cmFuQ2VsbDpFNzk3MEFBODA2ODg2REQzREQyMjhEOUFEOTM5RThCNTpVU0VTOkxURVNlY3RvckNhcnJpZXI6MEE3MEYwNTk1NjhFNUM3OUQ4NDc2NzgxQTAxOTM1NEY=	urn:base64:TFRFU2VjdG9yQ2FycmllcjowQTcwRjA1OTU2OEU1Qzc5RDg0NzY3ODFBMDE5MzU0RjpVU0VTOkFudGVubmFDYXBhYmlsaXR5OkUzRTFGQjMxRkI1RjRGQjFDQTgwODAzNjQ3NEJERDk1	urn:base64:RU5vZGVCRnVuY3Rpb246OTYyMjBCNjRENEE0QzZGNkIxN0RGMzBCMTJCODQxRDM6UFJPVklERVM6TFRFU2VjdG9yQ2FycmllcjowQTcwRjA1OTU2OEU1Qzc5RDg0NzY3ODFBMDE5MzU0Rg==	E7970AA806886DD3DD228D9AD939E8B5	E3E1FB31FB5F4FB1CA808036474BDD95	96220B64D4A4C6F6B17DF30B12B841D3
D9DF1EDA6D0EB2BED37D785171CB5BBA	SubNetwork=SolarSystem/SubNetwork=Earth/SubNetwork=Europe/SubNetwork=Hungary/LTESectorCarrier=31	31	MO	urn:base64:RVV0cmFuQ2VsbDpDNjc3MDU0QjJBQTgzMzlFMDBCQ0QyMzBFMzc4NURBMzpVU0VTOkxURVNlY3RvckNhcnJpZXI6RDlERjFFREE2RDBFQjJCRUQzN0Q3ODUxNzFDQjVCQkE=	urn:base64:TFRFU2VjdG9yQ2FycmllcjpEOURGMUVEQTZEMEVCMkJFRDM3RDc4NTE3MUNCNUJCQTpVU0VTOkFudGVubmFDYXBhYmlsaXR5OjU3NjlDMDI2RDc5OTNDNjY2QzQ1NTM1RUREOEMzRUFE	urn:base64:RU5vZGVCRnVuY3Rpb246OTYyMjBCNjRENEE0QzZGNkIxN0RGMzBCMTJCODQxRDM6UFJPVklERVM6TFRFU2VjdG9yQ2FycmllcjpEOURGMUVEQTZEMEVCMkJFRDM3RDc4NTE3MUNCNUJCQQ==	C677054B2AA8339E00BCD230E3785DA3	5769C026D7993C666C45535EDD8C3EAD	96220B64D4A4C6F6B17DF30B12B841D3
9E8083A413565C5DE5B5535AA31B085C	SubNetwork=SolarSystem/SubNetwork=Earth/SubNetwork=Europe/SubNetwork=Hungary/LTESectorCarrier=32	32	MO	urn:base64:RVV0cmFuQ2VsbDo3RkFFNTFGNTJFQ0FDNzkxQjI0MDdCREI2OEI1QTdGNzpVU0VTOkxURVNlY3RvckNhcnJpZXI6OUU4MDgzQTQxMzU2NUM1REU1QjU1MzVBQTMxQjA4NUM=	urn:base64:TFRFU2VjdG9yQ2Fycmllcjo5RTgwODNBNDEzNTY1QzVERTVCNTUzNUFBMzFCMDg1QzpVU0VTOkFudGVubmFDYXBhYmlsaXR5OjJBMzI0NzVFRjRGNEFCNDE5MDRCNUFBQUE4RkYyQ0Ex	urn:base64:RU5vZGVCRnVuY3Rpb246OTYyMjBCNjRENEE0QzZGNkIxN0RGMzBCMTJCODQxRDM6UFJPVklERVM6TFRFU2VjdG9yQ2Fycmllcjo5RTgwODNBNDEzNTY1QzVERTVCNTUzNUFBMzFCMDg1Qw==	7FAE51F52ECAC791B2407BDB68B5A7F7	2A32475EF4F4AB41904B5AAAA8FF2CA1	96220B64D4A4C6F6B17DF30B12B841D3
6B521DED56A52F90CFF76052044EC486	SubNetwork=SolarSystem/SubNetwork=Earth/SubNetwork=Europe/SubNetwork=Hungary/LTESectorCarrier=33	33	MO	urn:base64:RVV0cmFuQ2VsbDo2N0QyMDBEMENDMjE2MDYzMTI5QzdBOUU4NDRCRjBGMDpVU0VTOkxURVNlY3RvckNhcnJpZXI6NkI1MjFERUQ1NkE1MkY5MENGRjc2MDUyMDQ0RUM0ODY=	urn:base64:TFRFU2VjdG9yQ2Fycmllcjo2QjUyMURFRDU2QTUyRjkwQ0ZGNzYwNTIwNDRFQzQ4NjpVU0VTOkFudGVubmFDYXBhYmlsaXR5OkVCMTMwMUJBMjJFMDY5MTExNEEyMzQ0NTMyM0I2NDlC	urn:base64:RU5vZGVCRnVuY3Rpb246NEZCQTQ1RkIxMkQyOEY5MTA2QTA5RTA0NURFOTAyNTQ6UFJPVklERVM6TFRFU2VjdG9yQ2Fycmllcjo2QjUyMURFRDU2QTUyRjkwQ0ZGNzYwNTIwNDRFQzQ4Ng==	67D200D0CC216063129C7A9E844BF0F0	EB1301BA22E0691114A23445323B649B	4FBA45FB12D28F9106A09E045DE90254
97BEC990400A914D9032932447582A39	SubNetwork=SolarSystem/SubNetwork=Earth/SubNetwork=Europe/SubNetwork=Hungary/LTESectorCarrier=34	34	MO	urn:base64:RVV0cmFuQ2VsbDozMEIzMDNDMTlDMEM4RjA1N0ExRDIzOTcxMDVEMzQ2RTpVU0VTOkxURVNlY3RvckNhcnJpZXI6OTdCRUM5OTA0MDBBOTE0RDkwMzI5MzI0NDc1ODJBMzk=	urn:base64:TFRFU2VjdG9yQ2Fycmllcjo5N0JFQzk5MDQwMEE5MTREOTAzMjkzMjQ0NzU4MkEzOTpVU0VTOkFudGVubmFDYXBhYmlsaXR5OjI4NUE3NTkwQ0VDMEJDNDZGMEMxQThBM0QxQUEyQkE1	urn:base64:RU5vZGVCRnVuY3Rpb246NEZCQTQ1RkIxMkQyOEY5MTA2QTA5RTA0NURFOTAyNTQ6UFJPVklERVM6TFRFU2VjdG9yQ2Fycmllcjo5N0JFQzk5MDQwMEE5MTREOTAzMjkzMjQ0NzU4MkEzOQ==	30B303C19C0C8F057A1D2397105D346E	285A7590CEC0BC46F0C1A8A3D1AA2BA5	4FBA45FB12D28F9106A09E045DE90254
EB4BBFA85B1D9A9EE8F7D406FC8BD444	SubNetwork=SolarSystem/SubNetwork=Earth/SubNetwork=Europe/SubNetwork=Hungary/LTESectorCarrier=35	35	MO	urn:base64:RVV0cmFuQ2VsbDo5ODAzNzc2OUJBODVFQkU5NDI1MjJENUM0QzZDQjAyRjpVU0VTOkxURVNlY3RvckNhcnJpZXI6RUI0QkJGQTg1QjFEOUE5RUU4RjdENDA2RkM4QkQ0NDQ=	urn:base64:TFRFU2VjdG9yQ2FycmllcjpFQjRCQkZBODVCMUQ5QTlFRThGN0Q0MDZGQzhCRDQ0NDpVU0VTOkFudGVubmFDYXBhYmlsaXR5OkM2MDZBRjFBMUFDNUE5NkE0M0IwQjhFQkZDMUIwNDdD	urn:base64:RU5vZGVCRnVuY3Rpb246NEZCQTQ1RkIxMkQyOEY5MTA2QTA5RTA0NURFOTAyNTQ6UFJPVklERVM6TFRFU2VjdG9yQ2FycmllcjpFQjRCQkZBODVCMUQ5QTlFRThGN0Q0MDZGQzhCRDQ0NA==	98037769BA85EBE942522D5C4C6CB02F	C606AF1A1AC5A96A43B0B8EBFC1B047C	4FBA45FB12D28F9106A09E045DE90254
7C0D0AF440C912BE5BD10DE4F5587270	SubNetwork=SolarSystem/SubNetwork=Earth/SubNetwork=Europe/SubNetwork=Hungary/LTESectorCarrier=36	36	MO	urn:base64:RVV0cmFuQ2VsbDpCMkMzNTE2ODg3MTQ0RjY2RUYzRjMxRjY0MTczN0RBMDpVU0VTOkxURVNlY3RvckNhcnJpZXI6N0MwRDBBRjQ0MEM5MTJCRTVCRDEwREU0RjU1ODcyNzA=	urn:base64:TFRFU2VjdG9yQ2Fycmllcjo3QzBEMEFGNDQwQzkxMkJFNUJEMTBERTRGNTU4NzI3MDpVU0VTOkFudGVubmFDYXBhYmlsaXR5OjQwRkI1NDgxNDAyRENFOEFENkIzQjAzNTdCMDBDRjgy	urn:base64:RU5vZGVCRnVuY3Rpb246NEZCQTQ1RkIxMkQyOEY5MTA2QTA5RTA0NURFOTAyNTQ6UFJPVklERVM6TFRFU2VjdG9yQ2Fycmllcjo3QzBEMEFGNDQwQzkxMkJFNUJEMTBERTRGNTU4NzI3MA==	B2C3516887144F66EF3F31F641737DA0	40FB5481402DCE8AD6B3B0357B00CF82	4FBA45FB12D28F9106A09E045DE90254
E024800BB0240D7DB418E03DAF763FC9	SubNetwork=SolarSystem/SubNetwork=Earth/SubNetwork=Europe/SubNetwork=Hungary/LTESectorCarrier=37	37	MO	urn:base64:RVV0cmFuQ2VsbDpFMzEyNDI2RTNDRUE4MzgyM0QzNDNCMjY1QjM4ODE4QTpVU0VTOkxURVNlY3RvckNhcnJpZXI6RTAyNDgwMEJCMDI0MEQ3REI0MThFMDNEQUY3NjNGQzk=	urn:base64:TFRFU2VjdG9yQ2FycmllcjpFMDI0ODAwQkIwMjQwRDdEQjQxOEUwM0RBRjc2M0ZDOTpVU0VTOkFudGVubmFDYXBhYmlsaXR5OkZEOEYzREU4QjhBRjJGRDEwMkYzOUQwRUQ4OUIzNzE0	urn:base64:RU5vZGVCRnVuY3Rpb246MjIyQjNCNTk0MkEyMzExNUI5QzFBQzJCOTRBRjg1NDg6UFJPVklERVM6TFRFU2VjdG9yQ2FycmllcjpFMDI0ODAwQkIwMjQwRDdEQjQxOEUwM0RBRjc2M0ZDOQ==	E312426E3CEA83823D343B265B38818A	FD8F3DE8B8AF2FD102F39D0ED89B3714	222B3B5942A23115B9C1AC2B94AF8548
3D9825BBFDDA56F41FA800A56C052E2E	SubNetwork=SolarSystem/SubNetwork=Earth/SubNetwork=Europe/SubNetwork=Hungary/LTESectorCarrier=38	38	MO	urn:base64:RVV0cmFuQ2VsbDpBNzkyNUU4NTc1MDA5RDBGMTZEMTg1RTI1Nzg3OTc3MDpVU0VTOkxURVNlY3RvckNhcnJpZXI6M0Q5ODI1QkJGRERBNTZGNDFGQTgwMEE1NkMwNTJFMkU=	urn:base64:TFRFU2VjdG9yQ2FycmllcjozRDk4MjVCQkZEREE1NkY0MUZBODAwQTU2QzA1MkUyRTpVU0VTOkFudGVubmFDYXBhYmlsaXR5OjVDRUEyNDcwRDk5QThBMkJCM0VEOTBCQzE1REIxMTQw	urn:base64:RU5vZGVCRnVuY3Rpb246MjIyQjNCNTk0MkEyMzExNUI5QzFBQzJCOTRBRjg1NDg6UFJPVklERVM6TFRFU2VjdG9yQ2FycmllcjozRDk4MjVCQkZEREE1NkY0MUZBODAwQTU2QzA1MkUyRQ==	A7925E8575009D0F16D185E257879770	5CEA2470D99A8A2BB3ED90BC15DB1140	222B3B5942A23115B9C1AC2B94AF8548
8B44859EE12633357CA3E9A5C8395FF0	SubNetwork=SolarSystem/SubNetwork=Earth/SubNetwork=Europe/SubNetwork=Hungary/LTESectorCarrier=39	39	MO	urn:base64:RVV0cmFuQ2VsbDo3MkJDMjVCNTYxM0I5QkM1MzA4MjA5NThGMzkzRTkwQzpVU0VTOkxURVNlY3RvckNhcnJpZXI6OEI0NDg1OUVFMTI2MzMzNTdDQTNFOUE1QzgzOTVGRjA=	urn:base64:TFRFU2VjdG9yQ2Fycmllcjo4QjQ0ODU5RUUxMjYzMzM1N0NBM0U5QTVDODM5NUZGMDpVU0VTOkFudGVubmFDYXBhYmlsaXR5OjZBMjNBOEI4QjVBQ0VBNzc1RDZFOThCQUMxNTM0Mzcz	urn:base64:RU5vZGVCRnVuY3Rpb246MjIyQjNCNTk0MkEyMzExNUI5QzFBQzJCOTRBRjg1NDg6UFJPVklERVM6TFRFU2VjdG9yQ2Fycmllcjo4QjQ0ODU5RUUxMjYzMzM1N0NBM0U5QTVDODM5NUZGMA==	72BC25B5613B9BC530820958F393E90C	6A23A8B8B5ACEA775D6E98BAC1534373	222B3B5942A23115B9C1AC2B94AF8548
B73523501090D7CE4D8EF71252D4F52D	SubNetwork=SolarSystem/SubNetwork=Earth/SubNetwork=Europe/SubNetwork=Hungary/LTESectorCarrier=40	40	MO	urn:base64:RVV0cmFuQ2VsbDpBQUY2M0I1QzVDRTgwQjMxOEY0NDUyNTYwQzlCNUU1QjpVU0VTOkxURVNlY3RvckNhcnJpZXI6QjczNTIzNTAxMDkwRDdDRTREOEVGNzEyNTJENEY1MkQ=	urn:base64:TFRFU2VjdG9yQ2FycmllcjpCNzM1MjM1MDEwOTBEN0NFNEQ4RUY3MTI1MkQ0RjUyRDpVU0VTOkFudGVubmFDYXBhYmlsaXR5OjFEMjczRkRENDU2MThDQkQ0MzhEMDA4Mzg3MzMxNEQ1	urn:base64:RU5vZGVCRnVuY3Rpb246MjIyQjNCNTk0MkEyMzExNUI5QzFBQzJCOTRBRjg1NDg6UFJPVklERVM6TFRFU2VjdG9yQ2FycmllcjpCNzM1MjM1MDEwOTBEN0NFNEQ4RUY3MTI1MkQ0RjUyRA==	AAF63B5C5CE80B318F4452560C9B5E5B	1D273FDD45618CBD438D0083873314D5	222B3B5942A23115B9C1AC2B94AF8548
FE5BB2828B02BDC7FC82D2F0738F5CE5	SubNetwork=SolarSystem/SubNetwork=Earth/SubNetwork=Europe/SubNetwork=Hungary/LTESectorCarrier=41	41	MO	urn:base64:RVV0cmFuQ2VsbDpFMEY2ODZCNDFBQkU1MUNGNUMwMDk2MDhBMUJCOTg0RjpVU0VTOkxURVNlY3RvckNhcnJpZXI6RkU1QkIyODI4QjAyQkRDN0ZDODJEMkYwNzM4RjVDRTU=	urn:base64:TFRFU2VjdG9yQ2FycmllcjpGRTVCQjI4MjhCMDJCREM3RkM4MkQyRjA3MzhGNUNFNTpVU0VTOkFudGVubmFDYXBhYmlsaXR5OkUwN0Y3NkVFRkEzRjZEMUE1MDgzQzk5RjNEMjAyQ0NE	urn:base64:RU5vZGVCRnVuY3Rpb246RkRCMUQxQzdBQzU3M0JBMTc0NzgxREQyREQ3MzU5RkU6UFJPVklERVM6TFRFU2VjdG9yQ2FycmllcjpGRTVCQjI4MjhCMDJCREM3RkM4MkQyRjA3MzhGNUNFNQ==	E0F686B41ABE51CF5C009608A1BB984F	E07F76EEFA3F6D1A5083C99F3D202CCD	FDB1D1C7AC573BA174781DD2DD7359FE
0D019FB9076AA61D73956DAF4D98913F	SubNetwork=SolarSystem/SubNetwork=Earth/SubNetwork=Europe/SubNetwork=Hungary/LTESectorCarrier=42	42	MO	urn:base64:RVV0cmFuQ2VsbDowQUIwQzQyNUU5MzdFRTRFN0I3OTg3OTg1MjBGMUNBMzpVU0VTOkxURVNlY3RvckNhcnJpZXI6MEQwMTlGQjkwNzZBQTYxRDczOTU2REFGNEQ5ODkxM0Y=	urn:base64:TFRFU2VjdG9yQ2FycmllcjowRDAxOUZCOTA3NkFBNjFENzM5NTZEQUY0RDk4OTEzRjpVU0VTOkFudGVubmFDYXBhYmlsaXR5OjE3MzM4ODc4NUNCNDc2MUIxNTRGNDQ4QUU2MzcyQURD	urn:base64:RU5vZGVCRnVuY3Rpb246RkRCMUQxQzdBQzU3M0JBMTc0NzgxREQyREQ3MzU5RkU6UFJPVklERVM6TFRFU2VjdG9yQ2FycmllcjowRDAxOUZCOTA3NkFBNjFENzM5NTZEQUY0RDk4OTEzRg==	0AB0C425E937EE4E7B798798520F1CA3	173388785CB4761B154F448AE6372ADC	FDB1D1C7AC573BA174781DD2DD7359FE
DAA8B97101D41F3E9D8BF8977250625D	SubNetwork=SolarSystem/SubNetwork=Earth/SubNetwork=Europe/SubNetwork=Hungary/LTESectorCarrier=43	43	MO	urn:base64:RVV0cmFuQ2VsbDpBQkFDMUEzNEQ3MUVBRTE4RTcxOTg3QzE1REVEMUQ3MTpVU0VTOkxURVNlY3RvckNhcnJpZXI6REFBOEI5NzEwMUQ0MUYzRTlEOEJGODk3NzI1MDYyNUQ=	urn:base64:TFRFU2VjdG9yQ2FycmllcjpEQUE4Qjk3MTAxRDQxRjNFOUQ4QkY4OTc3MjUwNjI1RDpVU0VTOkFudGVubmFDYXBhYmlsaXR5OkFBMTdDRTE1MDRDRDQ1MTIxMjEyNjdDMjIwMzQ2MjBB	urn:base64:RU5vZGVCRnVuY3Rpb246RkRCMUQxQzdBQzU3M0JBMTc0NzgxREQyREQ3MzU5RkU6UFJPVklERVM6TFRFU2VjdG9yQ2FycmllcjpEQUE4Qjk3MTAxRDQxRjNFOUQ4QkY4OTc3MjUwNjI1RA==	ABAC1A34D71EAE18E71987C15DED1D71	AA17CE1504CD4512121267C22034620A	FDB1D1C7AC573BA174781DD2DD7359FE
1A777650C4E9B8075977354FDE860824	SubNetwork=SolarSystem/SubNetwork=Earth/SubNetwork=Europe/SubNetwork=Hungary/LTESectorCarrier=44	44	MO	urn:base64:RVV0cmFuQ2VsbDpCQjQ3Qjg1Njk5Q0EyQ0FDRkY5RjIwMTFGQTJENkNDMjpVU0VTOkxURVNlY3RvckNhcnJpZXI6MUE3Nzc2NTBDNEU5QjgwNzU5NzczNTRGREU4NjA4MjQ=	urn:base64:TFRFU2VjdG9yQ2FycmllcjoxQTc3NzY1MEM0RTlCODA3NTk3NzM1NEZERTg2MDgyNDpVU0VTOkFudGVubmFDYXBhYmlsaXR5OjU0MkQ1NjJFNzJDODAyNURENTYwRDcxOEZGREUxRDQ1	urn:base64:RU5vZGVCRnVuY3Rpb246RkRCMUQxQzdBQzU3M0JBMTc0NzgxREQyREQ3MzU5RkU6UFJPVklERVM6TFRFU2VjdG9yQ2FycmllcjoxQTc3NzY1MEM0RTlCODA3NTk3NzM1NEZERTg2MDgyNA==	BB47B85699CA2CACFF9F2011FA2D6CC2	542D562E72C8025DD560D718FFDE1D45	FDB1D1C7AC573BA174781DD2DD7359FE
CA63AD754710B31CCE770A71BBAFA823	SubNetwork=SolarSystem/SubNetwork=Earth/SubNetwork=Europe/SubNetwork=Hungary/LTESectorCarrier=45	45	MO	urn:base64:RVV0cmFuQ2VsbDpGQjZDQkIwQ0JCQzZGMTE4NjhCOTRFRDk3NzE1NjY3NzpVU0VTOkxURVNlY3RvckNhcnJpZXI6Q0E2M0FENzU0NzEwQjMxQ0NFNzcwQTcxQkJBRkE4MjM=	urn:base64:TFRFU2VjdG9yQ2FycmllcjpDQTYzQUQ3NTQ3MTBCMzFDQ0U3NzBBNzFCQkFGQTgyMzpVU0VTOkFudGVubmFDYXBhYmlsaXR5OkUzQzk2QkE1RDdDMDc1NUEzMDExRDEyQTMyOTcxQkEx	urn:base64:RU5vZGVCRnVuY3Rpb246RkUzMDc1NjQ1RTIzMDNBNjdCOUQwQkFEM0NDQjI5QkM6UFJPVklERVM6TFRFU2VjdG9yQ2FycmllcjpDQTYzQUQ3NTQ3MTBCMzFDQ0U3NzBBNzFCQkFGQTgyMw==	FB6CBB0CBBC6F11868B94ED977156677	E3C96BA5D7C0755A3011D12A32971BA1	FE3075645E2303A67B9D0BAD3CCB29BC
D686F8AE6CC4C8A588400AB752322CCA	SubNetwork=SolarSystem/SubNetwork=Earth/SubNetwork=Europe/SubNetwork=Hungary/LTESectorCarrier=46	46	MO	urn:base64:RVV0cmFuQ2VsbDowNDI4OEE5QTk1MTg4RDFGMURENTlDOTBBNDlEMjY0OTpVU0VTOkxURVNlY3RvckNhcnJpZXI6RDY4NkY4QUU2Q0M0QzhBNTg4NDAwQUI3NTIzMjJDQ0E=	urn:base64:TFRFU2VjdG9yQ2FycmllcjpENjg2RjhBRTZDQzRDOEE1ODg0MDBBQjc1MjMyMkNDQTpVU0VTOkFudGVubmFDYXBhYmlsaXR5OkI0QzMzM0VDRDkyQTczNTFBMzhFRTNCQzUxMEI1REE3	urn:base64:RU5vZGVCRnVuY3Rpb246RkUzMDc1NjQ1RTIzMDNBNjdCOUQwQkFEM0NDQjI5QkM6UFJPVklERVM6TFRFU2VjdG9yQ2FycmllcjpENjg2RjhBRTZDQzRDOEE1ODg0MDBBQjc1MjMyMkNDQQ==	04288A9A95188D1F1DD59C90A49D2649	B4C333ECD92A7351A38EE3BC510B5DA7	FE3075645E2303A67B9D0BAD3CCB29BC
DFE953449C7E184AC614BB9B2625997F	SubNetwork=SolarSystem/SubNetwork=Earth/SubNetwork=Europe/SubNetwork=Hungary/LTESectorCarrier=47	47	MO	urn:base64:RVV0cmFuQ2VsbDoyQTYwNTRDQ0NENzE3OUYwOUJDMTE4QjI4MThCMUFERTpVU0VTOkxURVNlY3RvckNhcnJpZXI6REZFOTUzNDQ5QzdFMTg0QUM2MTRCQjlCMjYyNTk5N0Y=	urn:base64:TFRFU2VjdG9yQ2FycmllcjpERkU5NTM0NDlDN0UxODRBQzYxNEJCOUIyNjI1OTk3RjpVU0VTOkFudGVubmFDYXBhYmlsaXR5OjZGNzUxMTZCQjI4OUVDRDhFQjFBOTYyNTJGRDhGN0Mw	urn:base64:RU5vZGVCRnVuY3Rpb246RkUzMDc1NjQ1RTIzMDNBNjdCOUQwQkFEM0NDQjI5QkM6UFJPVklERVM6TFRFU2VjdG9yQ2FycmllcjpERkU5NTM0NDlDN0UxODRBQzYxNEJCOUIyNjI1OTk3Rg==	2A6054CCCD7179F09BC118B2818B1ADE	6F75116BB289ECD8EB1A96252FD8F7C0	FE3075645E2303A67B9D0BAD3CCB29BC
89E516889722A65325C1E5428EEC167C	SubNetwork=SolarSystem/SubNetwork=Earth/SubNetwork=Europe/SubNetwork=Hungary/LTESectorCarrier=48	48	MO	urn:base64:RVV0cmFuQ2VsbDo1MUM1MDQ2ODk2NDYxQkE4OTc0NEY3NTM4NEFCREI5MzpVU0VTOkxURVNlY3RvckNhcnJpZXI6ODlFNTE2ODg5NzIyQTY1MzI1QzFFNTQyOEVFQzE2N0M=	urn:base64:TFRFU2VjdG9yQ2Fycmllcjo4OUU1MTY4ODk3MjJBNjUzMjVDMUU1NDI4RUVDMTY3QzpVU0VTOkFudGVubmFDYXBhYmlsaXR5OjE2Qjg3MDUxMUZBQUYxMTgzRkM5MkU2NDFCMkMzODA0	urn:base64:RU5vZGVCRnVuY3Rpb246RkUzMDc1NjQ1RTIzMDNBNjdCOUQwQkFEM0NDQjI5QkM6UFJPVklERVM6TFRFU2VjdG9yQ2Fycmllcjo4OUU1MTY4ODk3MjJBNjUzMjVDMUU1NDI4RUVDMTY3Qw==	51C5046896461BA89744F75384ABDB93	16B870511FAAF1183FC92E641B2C3804	FE3075645E2303A67B9D0BAD3CCB29BC
A7650696F038E8A8D20654C1E88BF765	SubNetwork=SolarSystem/SubNetwork=Earth/SubNetwork=Europe/SubNetwork=Hungary/LTESectorCarrier=49	49	MO	urn:base64:RVV0cmFuQ2VsbDo3QzlEMjQ1OTM2NUNDODBCQ0VDODRFNERCOTcxMzEyMDpVU0VTOkxURVNlY3RvckNhcnJpZXI6QTc2NTA2OTZGMDM4RThBOEQyMDY1NEMxRTg4QkY3NjU=	urn:base64:TFRFU2VjdG9yQ2FycmllcjpBNzY1MDY5NkYwMzhFOEE4RDIwNjU0QzFFODhCRjc2NTpVU0VTOkFudGVubmFDYXBhYmlsaXR5OjJDN0FBODA5Q0QxQTkyRkQ3NEVDNDE1MUQ3QzE2QThE	urn:base64:RU5vZGVCRnVuY3Rpb246Q0Y2QjA1MDg0Q0Q4NUE4QzA5NDNCNzczMTc1MTA2NTI6UFJPVklERVM6TFRFU2VjdG9yQ2FycmllcjpBNzY1MDY5NkYwMzhFOEE4RDIwNjU0QzFFODhCRjc2NQ==	7C9D2459365CC80BCEC84E4DB9713120	2C7AA809CD1A92FD74EC4151D7C16A8D	CF6B05084CD85A8C0943B77317510652
2AAB010B2406F422886BA8BD080DE1F3	SubNetwork=SolarSystem/SubNetwork=Earth/SubNetwork=Europe/SubNetwork=Hungary/LTESectorCarrier=50	50	MO	urn:base64:RVV0cmFuQ2VsbDo5QzQzNThDQURDMDhFNTZBMTlFOEZFRTFDMDFBNzA2RjpVU0VTOkxURVNlY3RvckNhcnJpZXI6MkFBQjAxMEIyNDA2RjQyMjg4NkJBOEJEMDgwREUxRjM=	urn:base64:TFRFU2VjdG9yQ2FycmllcjoyQUFCMDEwQjI0MDZGNDIyODg2QkE4QkQwODBERTFGMzpVU0VTOkFudGVubmFDYXBhYmlsaXR5OjJDMjFEMTA2OTQ2MEYzNUZGMzg5NTJGMTA1MERGN0ND	urn:base64:RU5vZGVCRnVuY3Rpb246Q0Y2QjA1MDg0Q0Q4NUE4QzA5NDNCNzczMTc1MTA2NTI6UFJPVklERVM6TFRFU2VjdG9yQ2FycmllcjoyQUFCMDEwQjI0MDZGNDIyODg2QkE4QkQwODBERTFGMw==	9C4358CADC08E56A19E8FEE1C01A706F	2C21D1069460F35FF38952F1050DF7CC	CF6B05084CD85A8C0943B77317510652
6AB2E20188362ADB23025E6F882690EC	SubNetwork=SolarSystem/SubNetwork=Earth/SubNetwork=Europe/SubNetwork=Hungary/LTESectorCarrier=51	51	MO	urn:base64:RVV0cmFuQ2VsbDpGNDAyNDJCMEYwNzA4RTA5QkIwNzYzNUJDNzUwNTc3NjpVU0VTOkxURVNlY3RvckNhcnJpZXI6NkFCMkUyMDE4ODM2MkFEQjIzMDI1RTZGODgyNjkwRUM=	urn:base64:TFRFU2VjdG9yQ2Fycmllcjo2QUIyRTIwMTg4MzYyQURCMjMwMjVFNkY4ODI2OTBFQzpVU0VTOkFudGVubmFDYXBhYmlsaXR5OkFBM0VEMEM4MkE5RkU2RDc0MTJCN0M1NThBOTZDREE1	urn:base64:RU5vZGVCRnVuY3Rpb246Q0Y2QjA1MDg0Q0Q4NUE4QzA5NDNCNzczMTc1MTA2NTI6UFJPVklERVM6TFRFU2VjdG9yQ2Fycmllcjo2QUIyRTIwMTg4MzYyQURCMjMwMjVFNkY4ODI2OTBFQw==	F40242B0F0708E09BB07635BC7505776	AA3ED0C82A9FE6D7412B7C558A96CDA5	CF6B05084CD85A8C0943B77317510652
86CCA39D5D6AD1E1A8FB05ED06738695	SubNetwork=SolarSystem/SubNetwork=Earth/SubNetwork=Europe/SubNetwork=Hungary/LTESectorCarrier=52	52	MO	urn:base64:RVV0cmFuQ2VsbDozNTNFNDQ1RUFGRTNGQTU4NkQ2NzY4RjcyQTI2MjNBNDpVU0VTOkxURVNlY3RvckNhcnJpZXI6ODZDQ0EzOUQ1RDZBRDFFMUE4RkIwNUVEMDY3Mzg2OTU=	urn:base64:TFRFU2VjdG9yQ2Fycmllcjo4NkNDQTM5RDVENkFEMUUxQThGQjA1RUQwNjczODY5NTpVU0VTOkFudGVubmFDYXBhYmlsaXR5OkI1RDM2OTA1Qzg3REE2MzY2MTFDMTM3MTU5NzI3Q0VF	urn:base64:RU5vZGVCRnVuY3Rpb246Q0Y2QjA1MDg0Q0Q4NUE4QzA5NDNCNzczMTc1MTA2NTI6UFJPVklERVM6TFRFU2VjdG9yQ2Fycmllcjo4NkNDQTM5RDVENkFEMUUxQThGQjA1RUQwNjczODY5NQ==	353E445EAFE3FA586D6768F72A2623A4	B5D36905C87DA636611C137159727CEE	CF6B05084CD85A8C0943B77317510652
4FB92C02ABE546943360E18F5447919F	SubNetwork=SolarSystem/SubNetwork=Earth/SubNetwork=Europe/SubNetwork=Hungary/LTESectorCarrier=53	53	MO	urn:base64:RVV0cmFuQ2VsbDo3REY5Mzc0RUFEQTY4ODVCRjNDRUYyMzE4ODk0NjA4QzpVU0VTOkxURVNlY3RvckNhcnJpZXI6NEZCOTJDMDJBQkU1NDY5NDMzNjBFMThGNTQ0NzkxOUY=	urn:base64:TFRFU2VjdG9yQ2Fycmllcjo0RkI5MkMwMkFCRTU0Njk0MzM2MEUxOEY1NDQ3OTE5RjpVU0VTOkFudGVubmFDYXBhYmlsaXR5OjNFRjRDNzEzNTRFQzUyN0FCMDMzQTNGQjgyMEY0OEU0	urn:base64:RU5vZGVCRnVuY3Rpb246ODA5NEY1QzlFMzBDMzQ2NTM2RjBBMDhBODUxMzM4RjY6UFJPVklERVM6TFRFU2VjdG9yQ2Fycmllcjo0RkI5MkMwMkFCRTU0Njk0MzM2MEUxOEY1NDQ3OTE5Rg==	7DF9374EADA6885BF3CEF2318894608C	3EF4C71354EC527AB033A3FB820F48E4	8094F5C9E30C346536F0A08A851338F6
A35530885A44AFFD76DDA542C2F47228	SubNetwork=SolarSystem/SubNetwork=Earth/SubNetwork=Europe/SubNetwork=Hungary/LTESectorCarrier=54	54	MO	urn:base64:RVV0cmFuQ2VsbDozREEzNUQ0OUQxRDlDNTFBMjM0MDM1QUQzQTNGRDM3RTpVU0VTOkxURVNlY3RvckNhcnJpZXI6QTM1NTMwODg1QTQ0QUZGRDc2RERBNTQyQzJGNDcyMjg=	urn:base64:TFRFU2VjdG9yQ2FycmllcjpBMzU1MzA4ODVBNDRBRkZENzZEREE1NDJDMkY0NzIyODpVU0VTOkFudGVubmFDYXBhYmlsaXR5OjBCMzY4MUYxOTU1ODRFRjEwNTFCOTE0RUI2M0VCQkNC	urn:base64:RU5vZGVCRnVuY3Rpb246ODA5NEY1QzlFMzBDMzQ2NTM2RjBBMDhBODUxMzM4RjY6UFJPVklERVM6TFRFU2VjdG9yQ2FycmllcjpBMzU1MzA4ODVBNDRBRkZENzZEREE1NDJDMkY0NzIyOA==	3DA35D49D1D9C51A234035AD3A3FD37E	0B3681F195584EF1051B914EB63EBBCB	8094F5C9E30C346536F0A08A851338F6
5707466E24D325B597E24A3AB3A8A02E	SubNetwork=SolarSystem/SubNetwork=Earth/SubNetwork=Europe/SubNetwork=Hungary/LTESectorCarrier=55	55	MO	urn:base64:RVV0cmFuQ2VsbDoyQTExMjM1M0VDNzVGOUFDMkJBNDNFRTcwODI5NkEwMTpVU0VTOkxURVNlY3RvckNhcnJpZXI6NTcwNzQ2NkUyNEQzMjVCNTk3RTI0QTNBQjNBOEEwMkU=	urn:base64:TFRFU2VjdG9yQ2Fycmllcjo1NzA3NDY2RTI0RDMyNUI1OTdFMjRBM0FCM0E4QTAyRTpVU0VTOkFudGVubmFDYXBhYmlsaXR5OjU5QTc3RkJCREM4RTE4MTk3NDFFNDcyODU5NkM0MzVD	urn:base64:RU5vZGVCRnVuY3Rpb246ODA5NEY1QzlFMzBDMzQ2NTM2RjBBMDhBODUxMzM4RjY6UFJPVklERVM6TFRFU2VjdG9yQ2Fycmllcjo1NzA3NDY2RTI0RDMyNUI1OTdFMjRBM0FCM0E4QTAyRQ==	2A112353EC75F9AC2BA43EE708296A01	59A77FBBDC8E1819741E4728596C435C	8094F5C9E30C346536F0A08A851338F6
069EBFDB8A379462AC82DA1958706C4F	SubNetwork=SolarSystem/SubNetwork=Earth/SubNetwork=Europe/SubNetwork=Hungary/LTESectorCarrier=56	56	MO	urn:base64:RVV0cmFuQ2VsbDoxMzlGMEFEMkQ2NDFEOTcxNzc3MDJGQkY1RUZGMzBGRTpVU0VTOkxURVNlY3RvckNhcnJpZXI6MDY5RUJGREI4QTM3OTQ2MkFDODJEQTE5NTg3MDZDNEY=	urn:base64:TFRFU2VjdG9yQ2FycmllcjowNjlFQkZEQjhBMzc5NDYyQUM4MkRBMTk1ODcwNkM0RjpVU0VTOkFudGVubmFDYXBhYmlsaXR5OkJEQzhFNEVBQzUzQzlDMzk4MDBCNEJEQzAzMDlDOEJC	urn:base64:RU5vZGVCRnVuY3Rpb246ODA5NEY1QzlFMzBDMzQ2NTM2RjBBMDhBODUxMzM4RjY6UFJPVklERVM6TFRFU2VjdG9yQ2FycmllcjowNjlFQkZEQjhBMzc5NDYyQUM4MkRBMTk1ODcwNkM0Rg==	139F0AD2D641D97177702FBF5EFF30FE	BDC8E4EAC53C9C39800B4BDC0309C8BB	8094F5C9E30C346536F0A08A851338F6
DDA0517CB1E49F2ED5D60534F073D8A6	SubNetwork=SolarSystem/SubNetwork=Earth/SubNetwork=Europe/SubNetwork=Hungary/LTESectorCarrier=57	57	MO	urn:base64:RVV0cmFuQ2VsbDo4RkYwNjExREE4RjBDRDY4RTNBMjE1QUEwN0NCQjIwRDpVU0VTOkxURVNlY3RvckNhcnJpZXI6RERBMDUxN0NCMUU0OUYyRUQ1RDYwNTM0RjA3M0Q4QTY=	urn:base64:TFRFU2VjdG9yQ2FycmllcjpEREEwNTE3Q0IxRTQ5RjJFRDVENjA1MzRGMDczRDhBNjpVU0VTOkFudGVubmFDYXBhYmlsaXR5OjM3MzMyMjk5QkUxMzk4MTkzRjdCNzQ1MkMxNjUyMUY4	urn:base64:RU5vZGVCRnVuY3Rpb246RTg3QTcyRkRGODM1NTEzRTZCQUNCRjczMEQ1QkE2Qzg6UFJPVklERVM6TFRFU2VjdG9yQ2FycmllcjpEREEwNTE3Q0IxRTQ5RjJFRDVENjA1MzRGMDczRDhBNg==	8FF0611DA8F0CD68E3A215AA07CBB20D	37332299BE1398193F7B7452C16521F8	E87A72FDF835513E6BACBF730D5BA6C8
95F1D3E029E2573B6506E0C492AE9494	SubNetwork=SolarSystem/SubNetwork=Earth/SubNetwork=Europe/SubNetwork=Hungary/LTESectorCarrier=58	58	MO	urn:base64:RVV0cmFuQ2VsbDo1Q0FDMzQ4N0E4NUREREQzMzZCMUY1ODBGRDVGNzJERDpVU0VTOkxURVNlY3RvckNhcnJpZXI6OTVGMUQzRTAyOUUyNTczQjY1MDZFMEM0OTJBRTk0OTQ=	urn:base64:TFRFU2VjdG9yQ2Fycmllcjo5NUYxRDNFMDI5RTI1NzNCNjUwNkUwQzQ5MkFFOTQ5NDpVU0VTOkFudGVubmFDYXBhYmlsaXR5OjgzQjhGQzM0MDlFOUUzNEY4RDRCMjJDRDUxNENDMDc4	urn:base64:RU5vZGVCRnVuY3Rpb246RTg3QTcyRkRGODM1NTEzRTZCQUNCRjczMEQ1QkE2Qzg6UFJPVklERVM6TFRFU2VjdG9yQ2Fycmllcjo5NUYxRDNFMDI5RTI1NzNCNjUwNkUwQzQ5MkFFOTQ5NA==	5CAC3487A85DDDD336B1F580FD5F72DD	83B8FC3409E9E34F8D4B22CD514CC078	E87A72FDF835513E6BACBF730D5BA6C8
C897D4111ADAF80E4B37B1EE0B2C3E46	SubNetwork=SolarSystem/SubNetwork=Earth/SubNetwork=Europe/SubNetwork=Hungary/LTESectorCarrier=59	59	MO	urn:base64:RVV0cmFuQ2VsbDo3M0MwRUM3OEU5REFFRTUzNDdENDVGMTA1NzBFQzg1MTpVU0VTOkxURVNlY3RvckNhcnJpZXI6Qzg5N0Q0MTExQURBRjgwRTRCMzdCMUVFMEIyQzNFNDY=	urn:base64:TFRFU2VjdG9yQ2FycmllcjpDODk3RDQxMTFBREFGODBFNEIzN0IxRUUwQjJDM0U0NjpVU0VTOkFudGVubmFDYXBhYmlsaXR5OjU4N0FEQkQ0NkZBMEE3NzBFMUMzQUJBMjEwREI1N0VE	urn:base64:RU5vZGVCRnVuY3Rpb246RTg3QTcyRkRGODM1NTEzRTZCQUNCRjczMEQ1QkE2Qzg6UFJPVklERVM6TFRFU2VjdG9yQ2FycmllcjpDODk3RDQxMTFBREFGODBFNEIzN0IxRUUwQjJDM0U0Ng==	73C0EC78E9DAEE5347D45F10570EC851	587ADBD46FA0A770E1C3ABA210DB57ED	E87A72FDF835513E6BACBF730D5BA6C8
9131BBD1EB82C0D91E0988B1C7C7F067	SubNetwork=SolarSystem/SubNetwork=Earth/SubNetwork=Europe/SubNetwork=Hungary/LTESectorCarrier=60	60	MO	urn:base64:RVV0cmFuQ2VsbDo5OEJEREE4QjU0QjdCODkyNzY3NUU3N0M5MjdEODI4MzpVU0VTOkxURVNlY3RvckNhcnJpZXI6OTEzMUJCRDFFQjgyQzBEOTFFMDk4OEIxQzdDN0YwNjc=	urn:base64:TFRFU2VjdG9yQ2Fycmllcjo5MTMxQkJEMUVCODJDMEQ5MUUwOTg4QjFDN0M3RjA2NzpVU0VTOkFudGVubmFDYXBhYmlsaXR5OjYwNEEyMkJGQzcyQTk2MDExNUQ2QjIxQzNGMTg2ODQx	urn:base64:RU5vZGVCRnVuY3Rpb246RTg3QTcyRkRGODM1NTEzRTZCQUNCRjczMEQ1QkE2Qzg6UFJPVklERVM6TFRFU2VjdG9yQ2Fycmllcjo5MTMxQkJEMUVCODJDMEQ5MUUwOTg4QjFDN0M3RjA2Nw==	98BDDA8B54B7B8927675E77C927D8283	604A22BFC72A960115D6B21C3F186841	E87A72FDF835513E6BACBF730D5BA6C8
6001993A468525D8F81744175E1DFD84	SubNetwork=SolarSystem/SubNetwork=Earth/SubNetwork=Europe/SubNetwork=Hungary/LTESectorCarrier=61	61	MO	urn:base64:RVV0cmFuQ2VsbDo3MTM1NkZDRTVDNjM1OERBRThGOEJGM0Y3QzlCRjAxNDpVU0VTOkxURVNlY3RvckNhcnJpZXI6NjAwMTk5M0E0Njg1MjVEOEY4MTc0NDE3NUUxREZEODQ=	urn:base64:TFRFU2VjdG9yQ2Fycmllcjo2MDAxOTkzQTQ2ODUyNUQ4RjgxNzQ0MTc1RTFERkQ4NDpVU0VTOkFudGVubmFDYXBhYmlsaXR5OjFENENCQzQzRDYyQTAxQjI3RkEwQzc0NDJGOUFEMEQ4	urn:base64:RU5vZGVCRnVuY3Rpb246OEU5OTE1NEMzQTcwODI2QkJEMzczRjA2QkMxQzc1MkI6UFJPVklERVM6TFRFU2VjdG9yQ2Fycmllcjo2MDAxOTkzQTQ2ODUyNUQ4RjgxNzQ0MTc1RTFERkQ4NA==	71356FCE5C6358DAE8F8BF3F7C9BF014	1D4CBC43D62A01B27FA0C7442F9AD0D8	8E99154C3A70826BBD373F06BC1C752B
157FC984BC10AE290A8EF99151B03354	SubNetwork=SolarSystem/SubNetwork=Earth/SubNetwork=Europe/SubNetwork=Hungary/LTESectorCarrier=62	62	MO	urn:base64:RVV0cmFuQ2VsbDpFNTQ4OUU2RDZDQzA3ODkxRjU0MUJFNDFFRjM3QUE2MzpVU0VTOkxURVNlY3RvckNhcnJpZXI6MTU3RkM5ODRCQzEwQUUyOTBBOEVGOTkxNTFCMDMzNTQ=	urn:base64:TFRFU2VjdG9yQ2FycmllcjoxNTdGQzk4NEJDMTBBRTI5MEE4RUY5OTE1MUIwMzM1NDpVU0VTOkFudGVubmFDYXBhYmlsaXR5Ojg5MkJBRTBCNDU4NjVEM0Y0REM3NzY2NjJCQjM3NjU0	urn:base64:RU5vZGVCRnVuY3Rpb246OEU5OTE1NEMzQTcwODI2QkJEMzczRjA2QkMxQzc1MkI6UFJPVklERVM6TFRFU2VjdG9yQ2FycmllcjoxNTdGQzk4NEJDMTBBRTI5MEE4RUY5OTE1MUIwMzM1NA==	E5489E6D6CC07891F541BE41EF37AA63	892BAE0B45865D3F4DC776662BB37654	8E99154C3A70826BBD373F06BC1C752B
BAED17ED9DE215B3A977B4A40C471498	SubNetwork=SolarSystem/SubNetwork=Earth/SubNetwork=Europe/SubNetwork=Hungary/LTESectorCarrier=63	63	MO	urn:base64:RVV0cmFuQ2VsbDpEMEVBNThCRTBBQzE2NzFCOTM2RjE1QzY3REVBODg5MjpVU0VTOkxURVNlY3RvckNhcnJpZXI6QkFFRDE3RUQ5REUyMTVCM0E5NzdCNEE0MEM0NzE0OTg=	urn:base64:TFRFU2VjdG9yQ2FycmllcjpCQUVEMTdFRDlERTIxNUIzQTk3N0I0QTQwQzQ3MTQ5ODpVU0VTOkFudGVubmFDYXBhYmlsaXR5OkVFMUVBQUZEQjg1MjA2MjU5QUE5RDlENEJBMDFCREEy	urn:base64:RU5vZGVCRnVuY3Rpb246OEU5OTE1NEMzQTcwODI2QkJEMzczRjA2QkMxQzc1MkI6UFJPVklERVM6TFRFU2VjdG9yQ2FycmllcjpCQUVEMTdFRDlERTIxNUIzQTk3N0I0QTQwQzQ3MTQ5OA==	D0EA58BE0AC1671B936F15C67DEA8892	EE1EAAFDB85206259AA9D9D4BA01BDA2	8E99154C3A70826BBD373F06BC1C752B
5A6A2B3D21767F1BF0F2405AC06D01B0	SubNetwork=SolarSystem/SubNetwork=Earth/SubNetwork=Europe/SubNetwork=Hungary/LTESectorCarrier=64	64	MO	urn:base64:RVV0cmFuQ2VsbDo5QTAzMEQ5RURDMEM4QjA0QTBDNUQyNEEzQTIyMzEzNzpVU0VTOkxURVNlY3RvckNhcnJpZXI6NUE2QTJCM0QyMTc2N0YxQkYwRjI0MDVBQzA2RDAxQjA=	urn:base64:TFRFU2VjdG9yQ2Fycmllcjo1QTZBMkIzRDIxNzY3RjFCRjBGMjQwNUFDMDZEMDFCMDpVU0VTOkFudGVubmFDYXBhYmlsaXR5OjExMUJEMTIzRENBMUI5MzdGMEUxNUU1QkVGREUwOEU5	urn:base64:RU5vZGVCRnVuY3Rpb246OEU5OTE1NEMzQTcwODI2QkJEMzczRjA2QkMxQzc1MkI6UFJPVklERVM6TFRFU2VjdG9yQ2Fycmllcjo1QTZBMkIzRDIxNzY3RjFCRjBGMjQwNUFDMDZEMDFCMA==	9A030D9EDC0C8B04A0C5D24A3A223137	111BD123DCA1B937F0E15E5BEFDE08E9	8E99154C3A70826BBD373F06BC1C752B
5155EA305406300383C95C1D8F59C43C	SubNetwork=SolarSystem/SubNetwork=Earth/SubNetwork=Europe/SubNetwork=Hungary/LTESectorCarrier=65	65	MO	urn:base64:RVV0cmFuQ2VsbDo1NjZCOTU2NkE0MEFCMENDRjE2ODRBOEM3NUQ2RThGMDpVU0VTOkxURVNlY3RvckNhcnJpZXI6NTE1NUVBMzA1NDA2MzAwMzgzQzk1QzFEOEY1OUM0M0M=	urn:base64:TFRFU2VjdG9yQ2Fycmllcjo1MTU1RUEzMDU0MDYzMDAzODNDOTVDMUQ4RjU5QzQzQzpVU0VTOkFudGVubmFDYXBhYmlsaXR5OkRGNzgzN0VFQUI2NUEwNjg1OTExMDM2NkU1RjQ1Mjk3	urn:base64:RU5vZGVCRnVuY3Rpb246Q0VFNUQ3QjAyRDkwM0EzMTZEMEEwMTdDNTBGQzk5OTM6UFJPVklERVM6TFRFU2VjdG9yQ2Fycmllcjo1MTU1RUEzMDU0MDYzMDAzODNDOTVDMUQ4RjU5QzQzQw==	566B9566A40AB0CCF1684A8C75D6E8F0	DF7837EEAB65A06859110366E5F45297	CEE5D7B02D903A316D0A017C50FC9993
536765CD4046DCD78CF3933FB856E77C	SubNetwork=SolarSystem/SubNetwork=Earth/SubNetwork=Europe/SubNetwork=Hungary/LTESectorCarrier=66	66	MO	urn:base64:RVV0cmFuQ2VsbDpBNTU4N0Q1MUREQjREMUFBRjg4MDc1RUZBRkQzRkYxQTpVU0VTOkxURVNlY3RvckNhcnJpZXI6NTM2NzY1Q0Q0MDQ2RENENzhDRjM5MzNGQjg1NkU3N0M=	urn:base64:TFRFU2VjdG9yQ2Fycmllcjo1MzY3NjVDRDQwNDZEQ0Q3OENGMzkzM0ZCODU2RTc3QzpVU0VTOkFudGVubmFDYXBhYmlsaXR5OkQwQUFFOTYzMUFGMTU1NEI4RjM5MDkzMkUzNzdFQTE5	urn:base64:RU5vZGVCRnVuY3Rpb246Q0VFNUQ3QjAyRDkwM0EzMTZEMEEwMTdDNTBGQzk5OTM6UFJPVklERVM6TFRFU2VjdG9yQ2Fycmllcjo1MzY3NjVDRDQwNDZEQ0Q3OENGMzkzM0ZCODU2RTc3Qw==	A5587D51DDB4D1AAF88075EFAFD3FF1A	D0AAE9631AF1554B8F390932E377EA19	CEE5D7B02D903A316D0A017C50FC9993
3C04934E350AF691DFD0E93E9C43B9AB	SubNetwork=SolarSystem/SubNetwork=Earth/SubNetwork=Europe/SubNetwork=Hungary/LTESectorCarrier=67	67	MO	urn:base64:RVV0cmFuQ2VsbDo3OTJGQzE1RkEzRjU1NTYyMzczRkY1QjY3Qzg5NzlEOTpVU0VTOkxURVNlY3RvckNhcnJpZXI6M0MwNDkzNEUzNTBBRjY5MURGRDBFOTNFOUM0M0I5QUI=	urn:base64:TFRFU2VjdG9yQ2FycmllcjozQzA0OTM0RTM1MEFGNjkxREZEMEU5M0U5QzQzQjlBQjpVU0VTOkFudGVubmFDYXBhYmlsaXR5Ojg5QjlGRTVEMkQ0QTA3Q0NENTRFNzA1QkZFMkQxMEYw	urn:base64:RU5vZGVCRnVuY3Rpb246Q0VFNUQ3QjAyRDkwM0EzMTZEMEEwMTdDNTBGQzk5OTM6UFJPVklERVM6TFRFU2VjdG9yQ2FycmllcjozQzA0OTM0RTM1MEFGNjkxREZEMEU5M0U5QzQzQjlBQg==	792FC15FA3F55562373FF5B67C8979D9	89B9FE5D2D4A07CCD54E705BFE2D10F0	CEE5D7B02D903A316D0A017C50FC9993
6828F136D4173CB3409095959B5C8B8B	SubNetwork=SolarSystem/SubNetwork=Earth/SubNetwork=Europe/SubNetwork=Hungary/LTESectorCarrier=68	68	MO	urn:base64:RVV0cmFuQ2VsbDo2RkFBQjUzNDczRjA4NERDODg2RDFFMDQyNjVFRUFEMTpVU0VTOkxURVNlY3RvckNhcnJpZXI6NjgyOEYxMzZENDE3M0NCMzQwOTA5NTk1OUI1QzhCOEI=	urn:base64:TFRFU2VjdG9yQ2Fycmllcjo2ODI4RjEzNkQ0MTczQ0IzNDA5MDk1OTU5QjVDOEI4QjpVU0VTOkFudGVubmFDYXBhYmlsaXR5OkE2RTk3QkEzMDgzMkMxQjdBQzM2RjRENzlERDM4Qjcx	urn:base64:RU5vZGVCRnVuY3Rpb246Q0VFNUQ3QjAyRDkwM0EzMTZEMEEwMTdDNTBGQzk5OTM6UFJPVklERVM6TFRFU2VjdG9yQ2Fycmllcjo2ODI4RjEzNkQ0MTczQ0IzNDA5MDk1OTU5QjVDOEI4Qg==	6FAAB53473F084DC886D1E04265EEAD1	A6E97BA30832C1B7AC36F4D79DD38B71	CEE5D7B02D903A316D0A017C50FC9993
9E6667504F7CBDD9D2AE117219A1F501	SubNetwork=SolarSystem/SubNetwork=Earth/SubNetwork=Europe/SubNetwork=Hungary/LTESectorCarrier=69	69	MO	urn:base64:RVV0cmFuQ2VsbDowN0IzNzExNjc3MDg1RTE2RjQ4QUVEOTlCRUE0MDk2NjpVU0VTOkxURVNlY3RvckNhcnJpZXI6OUU2NjY3NTA0RjdDQkREOUQyQUUxMTcyMTlBMUY1MDE=	urn:base64:TFRFU2VjdG9yQ2Fycmllcjo5RTY2Njc1MDRGN0NCREQ5RDJBRTExNzIxOUExRjUwMTpVU0VTOkFudGVubmFDYXBhYmlsaXR5OkRGQTYyMDJGRjk2REQ0MThFQUQ0QzkzMEYyN0YwQzc4	urn:base64:RU5vZGVCRnVuY3Rpb246RTI0MEIyNkJBOEVFMzgwODcxMzRCNkQyMkUyNEJCREI6UFJPVklERVM6TFRFU2VjdG9yQ2Fycmllcjo5RTY2Njc1MDRGN0NCREQ5RDJBRTExNzIxOUExRjUwMQ==	07B3711677085E16F48AED99BEA40966	DFA6202FF96DD418EAD4C930F27F0C78	E240B26BA8EE38087134B6D22E24BBDB
A7C40C6432DB775E67780AA0060CA7DB	SubNetwork=SolarSystem/SubNetwork=Earth/SubNetwork=Europe/SubNetwork=Hungary/LTESectorCarrier=70	70	MO	urn:base64:RVV0cmFuQ2VsbDpCOTVFQkU0MjQ1ODAxRDcxODVFMUQwNUU1QkJEQTNGMzpVU0VTOkxURVNlY3RvckNhcnJpZXI6QTdDNDBDNjQzMkRCNzc1RTY3NzgwQUEwMDYwQ0E3REI=	urn:base64:TFRFU2VjdG9yQ2FycmllcjpBN0M0MEM2NDMyREI3NzVFNjc3ODBBQTAwNjBDQTdEQjpVU0VTOkFudGVubmFDYXBhYmlsaXR5OjAxOTQ1RDdCN0QyQUZCMEIzREZFMjM4MjJEMkM5Q0NC	urn:base64:RU5vZGVCRnVuY3Rpb246RTI0MEIyNkJBOEVFMzgwODcxMzRCNkQyMkUyNEJCREI6UFJPVklERVM6TFRFU2VjdG9yQ2FycmllcjpBN0M0MEM2NDMyREI3NzVFNjc3ODBBQTAwNjBDQTdEQg==	B95EBE4245801D7185E1D05E5BBDA3F3	01945D7B7D2AFB0B3DFE23822D2C9CCB	E240B26BA8EE38087134B6D22E24BBDB
CF0284C3C21BEFE7AB248D65680A80EA	SubNetwork=SolarSystem/SubNetwork=Earth/SubNetwork=Europe/SubNetwork=Hungary/LTESectorCarrier=71	71	MO	urn:base64:RVV0cmFuQ2VsbDpBQkZCRTlFQTc2NzNBMTkxREI2QTUxNDM5RDU1MTVENTpVU0VTOkxURVNlY3RvckNhcnJpZXI6Q0YwMjg0QzNDMjFCRUZFN0FCMjQ4RDY1NjgwQTgwRUE=	urn:base64:TFRFU2VjdG9yQ2FycmllcjpDRjAyODRDM0MyMUJFRkU3QUIyNDhENjU2ODBBODBFQTpVU0VTOkFudGVubmFDYXBhYmlsaXR5OkJFNTBBQzU3QUIxRkFFNzM1MzFBREQxODEzMjQwNjdG	urn:base64:RU5vZGVCRnVuY3Rpb246RTI0MEIyNkJBOEVFMzgwODcxMzRCNkQyMkUyNEJCREI6UFJPVklERVM6TFRFU2VjdG9yQ2FycmllcjpDRjAyODRDM0MyMUJFRkU3QUIyNDhENjU2ODBBODBFQQ==	ABFBE9EA7673A191DB6A51439D5515D5	BE50AC57AB1FAE73531ADD181324067F	E240B26BA8EE38087134B6D22E24BBDB
15DF19B0C1FAE1610E970C154A10B219	SubNetwork=SolarSystem/SubNetwork=Earth/SubNetwork=Europe/SubNetwork=Hungary/LTESectorCarrier=72	72	MO	urn:base64:RVV0cmFuQ2VsbDo2MkVEQzdENEQ2QTFEMzYxRTEyRkVCMjY4OEU0M0E4OTpVU0VTOkxURVNlY3RvckNhcnJpZXI6MTVERjE5QjBDMUZBRTE2MTBFOTcwQzE1NEExMEIyMTk=	urn:base64:TFRFU2VjdG9yQ2FycmllcjoxNURGMTlCMEMxRkFFMTYxMEU5NzBDMTU0QTEwQjIxOTpVU0VTOkFudGVubmFDYXBhYmlsaXR5OjgyRDA1NURFMTVCOTdDRDg2NkNGNDU0QTk2ODhGNERC	urn:base64:RU5vZGVCRnVuY3Rpb246RTI0MEIyNkJBOEVFMzgwODcxMzRCNkQyMkUyNEJCREI6UFJPVklERVM6TFRFU2VjdG9yQ2FycmllcjoxNURGMTlCMEMxRkFFMTYxMEU5NzBDMTU0QTEwQjIxOQ==	62EDC7D4D6A1D361E12FEB2688E43A89	82D055DE15B97CD866CF454A9688F4DB	E240B26BA8EE38087134B6D22E24BBDB
8D65835759F555E8B99E68767BB35ACA	SubNetwork=SolarSystem/SubNetwork=Earth/SubNetwork=Europe/SubNetwork=Hungary/LTESectorCarrier=73	73	MO	urn:base64:RVV0cmFuQ2VsbDpFRTdCNUVCQUUyMTM0M0U2OEFDMTk3MTUwRkEyNjU1RTpVU0VTOkxURVNlY3RvckNhcnJpZXI6OEQ2NTgzNTc1OUY1NTVFOEI5OUU2ODc2N0JCMzVBQ0E=	urn:base64:TFRFU2VjdG9yQ2Fycmllcjo4RDY1ODM1NzU5RjU1NUU4Qjk5RTY4NzY3QkIzNUFDQTpVU0VTOkFudGVubmFDYXBhYmlsaXR5OjM2MkVDM0I3NzU4RDg3M0RGOThBRTJBOUVDMjQ3MkI1	urn:base64:RU5vZGVCRnVuY3Rpb246RkMxOTUyMjVENENEMDYwRTI0OTI4MUM5QkJEQUY5NjQ6UFJPVklERVM6TFRFU2VjdG9yQ2Fycmllcjo4RDY1ODM1NzU5RjU1NUU4Qjk5RTY4NzY3QkIzNUFDQQ==	EE7B5EBAE21343E68AC197150FA2655E	362EC3B7758D873DF98AE2A9EC2472B5	FC195225D4CD060E249281C9BBDAF964
22CC8313F3514E848D51B40B889B3752	SubNetwork=SolarSystem/SubNetwork=Earth/SubNetwork=Europe/SubNetwork=Hungary/LTESectorCarrier=74	74	MO	urn:base64:RVV0cmFuQ2VsbDo0NzhDQjE3MzFDNzFCRTg0OUIwRDgyRjMyMDhGNzBDRjpVU0VTOkxURVNlY3RvckNhcnJpZXI6MjJDQzgzMTNGMzUxNEU4NDhENTFCNDBCODg5QjM3NTI=	urn:base64:TFRFU2VjdG9yQ2FycmllcjoyMkNDODMxM0YzNTE0RTg0OEQ1MUI0MEI4ODlCMzc1MjpVU0VTOkFudGVubmFDYXBhYmlsaXR5OkRBNUQ4QTNEMUNEQzNENTU0NDdGN0M4NkVERDhGRTUw	urn:base64:RU5vZGVCRnVuY3Rpb246RkMxOTUyMjVENENEMDYwRTI0OTI4MUM5QkJEQUY5NjQ6UFJPVklERVM6TFRFU2VjdG9yQ2FycmllcjoyMkNDODMxM0YzNTE0RTg0OEQ1MUI0MEI4ODlCMzc1Mg==	478CB1731C71BE849B0D82F3208F70CF	DA5D8A3D1CDC3D55447F7C86EDD8FE50	FC195225D4CD060E249281C9BBDAF964
6031B371CA7E568237A3DFA04A80FE4B	SubNetwork=SolarSystem/SubNetwork=Earth/SubNetwork=Europe/SubNetwork=Hungary/LTESectorCarrier=75	75	MO	urn:base64:RVV0cmFuQ2VsbDo1RDZGM0I0OTRGRUNFMEQ3QkM0NjczNUQ2M0VDQTUwQjpVU0VTOkxURVNlY3RvckNhcnJpZXI6NjAzMUIzNzFDQTdFNTY4MjM3QTNERkEwNEE4MEZFNEI=	urn:base64:TFRFU2VjdG9yQ2Fycmllcjo2MDMxQjM3MUNBN0U1NjgyMzdBM0RGQTA0QTgwRkU0QjpVU0VTOkFudGVubmFDYXBhYmlsaXR5OjZBMzlCMTUxQzUwRjczRjAyOUI1NzcyMjk5RENGMjg5	urn:base64:RU5vZGVCRnVuY3Rpb246RkMxOTUyMjVENENEMDYwRTI0OTI4MUM5QkJEQUY5NjQ6UFJPVklERVM6TFRFU2VjdG9yQ2Fycmllcjo2MDMxQjM3MUNBN0U1NjgyMzdBM0RGQTA0QTgwRkU0Qg==	5D6F3B494FECE0D7BC46735D63ECA50B	6A39B151C50F73F029B5772299DCF289	FC195225D4CD060E249281C9BBDAF964
BF6A9895F0DA4A0328FAA8E33F372D3F	SubNetwork=SolarSystem/SubNetwork=Earth/SubNetwork=Europe/SubNetwork=Hungary/LTESectorCarrier=76	76	MO	urn:base64:RVV0cmFuQ2VsbDpGODE4QUEzNkI1RTE0NTZCMzJGQjNCOTAxNTdGMTVBRDpVU0VTOkxURVNlY3RvckNhcnJpZXI6QkY2QTk4OTVGMERBNEEwMzI4RkFBOEUzM0YzNzJEM0Y=	urn:base64:TFRFU2VjdG9yQ2FycmllcjpCRjZBOTg5NUYwREE0QTAzMjhGQUE4RTMzRjM3MkQzRjpVU0VTOkFudGVubmFDYXBhYmlsaXR5OkIwRkU4ODBERjk0NzRBQTI5QzdBNEJBQUE5NDZFNTVE	urn:base64:RU5vZGVCRnVuY3Rpb246RkMxOTUyMjVENENEMDYwRTI0OTI4MUM5QkJEQUY5NjQ6UFJPVklERVM6TFRFU2VjdG9yQ2FycmllcjpCRjZBOTg5NUYwREE0QTAzMjhGQUE4RTMzRjM3MkQzRg==	F818AA36B5E1456B32FB3B90157F15AD	B0FE880DF9474AA29C7A4BAAA946E55D	FC195225D4CD060E249281C9BBDAF964
7E4545AFAD3F792814FB8F010D5CF9FD	SubNetwork=SolarSystem/SubNetwork=Earth/SubNetwork=Europe/SubNetwork=Hungary/LTESectorCarrier=77	77	MO	urn:base64:RVV0cmFuQ2VsbDo4RUFBQkJCMkM5RDQ5OTZDOEFEOTQxNTQ5MDMwNTJDQzpVU0VTOkxURVNlY3RvckNhcnJpZXI6N0U0NTQ1QUZBRDNGNzkyODE0RkI4RjAxMEQ1Q0Y5RkQ=	urn:base64:TFRFU2VjdG9yQ2Fycmllcjo3RTQ1NDVBRkFEM0Y3OTI4MTRGQjhGMDEwRDVDRjlGRDpVU0VTOkFudGVubmFDYXBhYmlsaXR5OkMyM0Q5RDA4MDdFNDVFRjU1REM2QjdEMzVFRUIwOEIx	urn:base64:RU5vZGVCRnVuY3Rpb246MEMyNjUxQUI1RDQzMDEyMzcyOUIzMzZFODYzNUUwRTA6UFJPVklERVM6TFRFU2VjdG9yQ2Fycmllcjo3RTQ1NDVBRkFEM0Y3OTI4MTRGQjhGMDEwRDVDRjlGRA==	8EAABBB2C9D4996C8AD94154903052CC	C23D9D0807E45EF55DC6B7D35EEB08B1	0C2651AB5D430123729B336E8635E0E0
938CE5FDE447302290320C8C01424B05	SubNetwork=SolarSystem/SubNetwork=Earth/SubNetwork=Europe/SubNetwork=Hungary/LTESectorCarrier=78	78	MO	urn:base64:RVV0cmFuQ2VsbDpDQUM2RUY1Q0M5NTRGN0E3RjUyOTRBNjQzQ0Q3QTE2MDpVU0VTOkxURVNlY3RvckNhcnJpZXI6OTM4Q0U1RkRFNDQ3MzAyMjkwMzIwQzhDMDE0MjRCMDU=	urn:base64:TFRFU2VjdG9yQ2Fycmllcjo5MzhDRTVGREU0NDczMDIyOTAzMjBDOEMwMTQyNEIwNTpVU0VTOkFudGVubmFDYXBhYmlsaXR5OkNGOEVGNzIzQkI0NkM2MTcwREIwNDkwRDFGQTI2Qjg1	urn:base64:RU5vZGVCRnVuY3Rpb246MEMyNjUxQUI1RDQzMDEyMzcyOUIzMzZFODYzNUUwRTA6UFJPVklERVM6TFRFU2VjdG9yQ2Fycmllcjo5MzhDRTVGREU0NDczMDIyOTAzMjBDOEMwMTQyNEIwNQ==	CAC6EF5CC954F7A7F5294A643CD7A160	CF8EF723BB46C6170DB0490D1FA26B85	0C2651AB5D430123729B336E8635E0E0
329617C4BD9599181D6F7FE06C40C1FF	SubNetwork=SolarSystem/SubNetwork=Earth/SubNetwork=Europe/SubNetwork=Hungary/LTESectorCarrier=79	79	MO	urn:base64:RVV0cmFuQ2VsbDoxMDUzQ0UyQUVCRUU2QjMyQzg0NkMzM0IwN0UwQjA0NzpVU0VTOkxURVNlY3RvckNhcnJpZXI6MzI5NjE3QzRCRDk1OTkxODFENkY3RkUwNkM0MEMxRkY=	urn:base64:TFRFU2VjdG9yQ2FycmllcjozMjk2MTdDNEJEOTU5OTE4MUQ2RjdGRTA2QzQwQzFGRjpVU0VTOkFudGVubmFDYXBhYmlsaXR5OkUxQzM0MERGMEZGQTUxMjExRERCNUY4MjlFMkEyN0VF	urn:base64:RU5vZGVCRnVuY3Rpb246MEMyNjUxQUI1RDQzMDEyMzcyOUIzMzZFODYzNUUwRTA6UFJPVklERVM6TFRFU2VjdG9yQ2FycmllcjozMjk2MTdDNEJEOTU5OTE4MUQ2RjdGRTA2QzQwQzFGRg==	1053CE2AEBEE6B32C846C33B07E0B047	E1C340DF0FFA51211DDB5F829E2A27EE	0C2651AB5D430123729B336E8635E0E0
5C2B860A2AE8149A46531B69F2252301	SubNetwork=SolarSystem/SubNetwork=Earth/SubNetwork=Europe/SubNetwork=Hungary/LTESectorCarrier=80	80	MO	urn:base64:RVV0cmFuQ2VsbDo4MDMxMzJDOEFDMzdERUQ2MENCOUNCOTk4NkQ5QkMzRDpVU0VTOkxURVNlY3RvckNhcnJpZXI6NUMyQjg2MEEyQUU4MTQ5QTQ2NTMxQjY5RjIyNTIzMDE=	urn:base64:TFRFU2VjdG9yQ2Fycmllcjo1QzJCODYwQTJBRTgxNDlBNDY1MzFCNjlGMjI1MjMwMTpVU0VTOkFudGVubmFDYXBhYmlsaXR5OjU5RTM5QUVCMkNEOEVDMDAxODg1M0Q3RUY3NUU0RTc3	urn:base64:RU5vZGVCRnVuY3Rpb246MEMyNjUxQUI1RDQzMDEyMzcyOUIzMzZFODYzNUUwRTA6UFJPVklERVM6TFRFU2VjdG9yQ2Fycmllcjo1QzJCODYwQTJBRTgxNDlBNDY1MzFCNjlGMjI1MjMwMQ==	803132C8AC37DED60CB9CB9986D9BC3D	59E39AEB2CD8EC0018853D7EF75E4E77	0C2651AB5D430123729B336E8635E0E0
\.

COPY ties_data."NRSectorCarrier" (id, fdn, "arfcnDL", "arfcnUL", "essScLocalId", "frequencyDL", "frequencyUL", "REL_NRCELLDU_USES_NRSECTORCARRIER_EIID", "REL_NRSECTORCARRIER_USES_ANTENNACAPABILITY_EIID", "REL_GNBDUFUNCTION_PROVIDES_NRSECTORCARRIER_EIID", "REL_NRCELLDU_USES_NRSECTORCARRIER", "REL_NRSECTORCARRIER_USES_ANTENNACAPABILITY", "REL_GNBDUFUNCTION_PROVIDES_NRSECTORCARRIER") FROM stdin;
280DC38868CEE3ED4A6BA9149ABE7A6C	SubNetwork=SolarSystem/SubNetwork=Earth/SubNetwork=Europe/SubNetwork=Hungary/NRSectorCarrier=1	1000	20	1	20	20	urn:base64:TlJDZWxsRFU6OThDM0E0NTkxQTM3NzE4RTEzMzBGMDI5NEUyM0I2MkE6VVNFUzpOUlNlY3RvckNhcnJpZXI6MjgwREMzODg2OENFRTNFRDRBNkJBOTE0OUFCRTdBNkM=	urn:base64:TlJTZWN0b3JDYXJyaWVyOjI4MERDMzg4NjhDRUUzRUQ0QTZCQTkxNDlBQkU3QTZDOlVTRVM6QW50ZW5uYUNhcGFiaWxpdHk6NTgzNUY3N0JFOUQ0RTEwMjMxNkJENTkxOTVGNjM3MEI=	urn:base64:R05CRFVGdW5jdGlvbjpEMzIxNUUwODU3MEJFNTgzMzlDNzQ2MzYyNkI1MEUzNzpQUk9WSURFUzpOUlNlY3RvckNhcnJpZXI6MjgwREMzODg2OENFRTNFRDRBNkJBOTE0OUFCRTdBNkM=	98C3A4591A37718E1330F0294E23B62A	5835F77BE9D4E102316BD59195F6370B	D3215E08570BE58339C7463626B50E37
5C5B83AAB9E669D3138091E9AAC19405	SubNetwork=SolarSystem/SubNetwork=Earth/SubNetwork=Europe/SubNetwork=Hungary/NRSectorCarrier=2	1000	20	2	20	20	urn:base64:TlJDZWxsRFU6Rjk1NDZFODIzMTNBQzFENUU2OTBEQ0Q3QkU1NTYwNkY6VVNFUzpOUlNlY3RvckNhcnJpZXI6NUM1QjgzQUFCOUU2NjlEMzEzODA5MUU5QUFDMTk0MDU=	urn:base64:TlJTZWN0b3JDYXJyaWVyOjVDNUI4M0FBQjlFNjY5RDMxMzgwOTFFOUFBQzE5NDA1OlVTRVM6QW50ZW5uYUNhcGFiaWxpdHk6MDRGMzlFQkFCNzI0NTRFNEQzMzMxRDZDMzM2N0I0NUY=	urn:base64:R05CRFVGdW5jdGlvbjpEMzIxNUUwODU3MEJFNTgzMzlDNzQ2MzYyNkI1MEUzNzpQUk9WSURFUzpOUlNlY3RvckNhcnJpZXI6NUM1QjgzQUFCOUU2NjlEMzEzODA5MUU5QUFDMTk0MDU=	F9546E82313AC1D5E690DCD7BE55606F	04F39EBAB72454E4D3331D6C3367B45F	D3215E08570BE58339C7463626B50E37
E49D942C16E0364E1E0788138916D70C	SubNetwork=SolarSystem/SubNetwork=Earth/SubNetwork=Europe/SubNetwork=Hungary/NRSectorCarrier=3	1000	20	3	20	20	urn:base64:TlJDZWxsRFU6QjQ4MDQyN0U4QTBDMEI4RDk5NEU0Mzc3ODRCQjM4MkY6VVNFUzpOUlNlY3RvckNhcnJpZXI6RTQ5RDk0MkMxNkUwMzY0RTFFMDc4ODEzODkxNkQ3MEM=	urn:base64:TlJTZWN0b3JDYXJyaWVyOkU0OUQ5NDJDMTZFMDM2NEUxRTA3ODgxMzg5MTZENzBDOlVTRVM6QW50ZW5uYUNhcGFiaWxpdHk6QTc3QjIzN0E1NDFCMkQzMjI1QjRCNjFEMzA5OEU0QUE=	urn:base64:R05CRFVGdW5jdGlvbjpEMzIxNUUwODU3MEJFNTgzMzlDNzQ2MzYyNkI1MEUzNzpQUk9WSURFUzpOUlNlY3RvckNhcnJpZXI6RTQ5RDk0MkMxNkUwMzY0RTFFMDc4ODEzODkxNkQ3MEM=	B480427E8A0C0B8D994E437784BB382F	A77B237A541B2D3225B4B61D3098E4AA	D3215E08570BE58339C7463626B50E37
2A6FF9967B960E0238CD1C402A352ADF	SubNetwork=SolarSystem/SubNetwork=Earth/SubNetwork=Europe/SubNetwork=Hungary/NRSectorCarrier=4	1000	20	4	20	20	urn:base64:TlJDZWxsRFU6NDg0QjM0MTMxMEEzNjIxNTE1NTEyMkRFNzRFQUUxNkE6VVNFUzpOUlNlY3RvckNhcnJpZXI6MkE2RkY5OTY3Qjk2MEUwMjM4Q0QxQzQwMkEzNTJBREY=	urn:base64:TlJTZWN0b3JDYXJyaWVyOjJBNkZGOTk2N0I5NjBFMDIzOENEMUM0MDJBMzUyQURGOlVTRVM6QW50ZW5uYUNhcGFiaWxpdHk6QzMwOTgxQTQ4OUE0NUJFNEJGNzA2NjdGQzY2OTkyQ0Y=	urn:base64:R05CRFVGdW5jdGlvbjpEMzIxNUUwODU3MEJFNTgzMzlDNzQ2MzYyNkI1MEUzNzpQUk9WSURFUzpOUlNlY3RvckNhcnJpZXI6MkE2RkY5OTY3Qjk2MEUwMjM4Q0QxQzQwMkEzNTJBREY=	484B341310A36215155122DE74EAE16A	C30981A489A45BE4BF70667FC66992CF	D3215E08570BE58339C7463626B50E37
7E0CE0F2BA06341920140FB7DF29CF6A	SubNetwork=SolarSystem/SubNetwork=Earth/SubNetwork=Europe/SubNetwork=Hungary/NRSectorCarrier=5	1000	20	5	20	20	urn:base64:TlJDZWxsRFU6Mzc3QUE5NkI0QjNBOEZFMTA2QzlCQUY2M0ZFODQ2MEI6VVNFUzpOUlNlY3RvckNhcnJpZXI6N0UwQ0UwRjJCQTA2MzQxOTIwMTQwRkI3REYyOUNGNkE=	urn:base64:TlJTZWN0b3JDYXJyaWVyOjdFMENFMEYyQkEwNjM0MTkyMDE0MEZCN0RGMjlDRjZBOlVTRVM6QW50ZW5uYUNhcGFiaWxpdHk6NEE4NTBGOTlFQkEwOTM1QjdDREU2RUY0NDZDMDQ5OUM=	urn:base64:R05CRFVGdW5jdGlvbjpEMzIxNUUwODU3MEJFNTgzMzlDNzQ2MzYyNkI1MEUzNzpQUk9WSURFUzpOUlNlY3RvckNhcnJpZXI6N0UwQ0UwRjJCQTA2MzQxOTIwMTQwRkI3REYyOUNGNkE=	377AA96B4B3A8FE106C9BAF63FE8460B	4A850F99EBA0935B7CDE6EF446C0499C	D3215E08570BE58339C7463626B50E37
B4EDE862A525DCA5BC9ED5B22CC3721B	SubNetwork=SolarSystem/SubNetwork=Earth/SubNetwork=Europe/SubNetwork=Hungary/NRSectorCarrier=6	1000	20	6	20	20	urn:base64:TlJDZWxsRFU6M0FGMjIwOEE1OTU2RjA3NjQ0RDhGM0VEN0M2MkJEQ0Y6VVNFUzpOUlNlY3RvckNhcnJpZXI6QjRFREU4NjJBNTI1RENBNUJDOUVENUIyMkNDMzcyMUI=	urn:base64:TlJTZWN0b3JDYXJyaWVyOkI0RURFODYyQTUyNURDQTVCQzlFRDVCMjJDQzM3MjFCOlVTRVM6QW50ZW5uYUNhcGFiaWxpdHk6QzgzRTA4QTUzNDM4RUY5Njc4RDUxNUU3M0RCNjY3Rjc=	urn:base64:R05CRFVGdW5jdGlvbjpEMzIxNUUwODU3MEJFNTgzMzlDNzQ2MzYyNkI1MEUzNzpQUk9WSURFUzpOUlNlY3RvckNhcnJpZXI6QjRFREU4NjJBNTI1RENBNUJDOUVENUIyMkNDMzcyMUI=	3AF2208A5956F07644D8F3ED7C62BDCF	C83E08A53438EF9678D515E73DB667F7	D3215E08570BE58339C7463626B50E37
D89136FB5F8E6E485B94C21660C259A8	SubNetwork=SolarSystem/SubNetwork=Earth/SubNetwork=Europe/SubNetwork=Hungary/NRSectorCarrier=7	1000	20	7	20	20	urn:base64:TlJDZWxsRFU6NDRBQkFFRTJBNzdBNUZDMkM4MTIxQjk1RkZBNTYyNkQ6VVNFUzpOUlNlY3RvckNhcnJpZXI6RDg5MTM2RkI1RjhFNkU0ODVCOTRDMjE2NjBDMjU5QTg=	urn:base64:TlJTZWN0b3JDYXJyaWVyOkQ4OTEzNkZCNUY4RTZFNDg1Qjk0QzIxNjYwQzI1OUE4OlVTRVM6QW50ZW5uYUNhcGFiaWxpdHk6NUUxQzYzQTNGMzJBODYyNUE1RjI4MjcyN0QzNkIwQzg=	urn:base64:R05CRFVGdW5jdGlvbjpEMzIxNUUwODU3MEJFNTgzMzlDNzQ2MzYyNkI1MEUzNzpQUk9WSURFUzpOUlNlY3RvckNhcnJpZXI6RDg5MTM2RkI1RjhFNkU0ODVCOTRDMjE2NjBDMjU5QTg=	44ABAEE2A77A5FC2C8121B95FFA5626D	5E1C63A3F32A8625A5F282727D36B0C8	D3215E08570BE58339C7463626B50E37
3F31CBFD6B09D4DA17907FEB840F4AE4	SubNetwork=SolarSystem/SubNetwork=Earth/SubNetwork=Europe/SubNetwork=Hungary/NRSectorCarrier=8	1000	20	8	20	20	urn:base64:TlJDZWxsRFU6NEU0MEI0Q0I1MThEN0Y2QzRCMDI4OEE5MERCODEzNDc6VVNFUzpOUlNlY3RvckNhcnJpZXI6M0YzMUNCRkQ2QjA5RDREQTE3OTA3RkVCODQwRjRBRTQ=	urn:base64:TlJTZWN0b3JDYXJyaWVyOjNGMzFDQkZENkIwOUQ0REExNzkwN0ZFQjg0MEY0QUU0OlVTRVM6QW50ZW5uYUNhcGFiaWxpdHk6MUIzMzhGNDc4MDg3RjkzQzkxRTAyODdDQzg3Q0RDNTY=	urn:base64:R05CRFVGdW5jdGlvbjpEMzIxNUUwODU3MEJFNTgzMzlDNzQ2MzYyNkI1MEUzNzpQUk9WSURFUzpOUlNlY3RvckNhcnJpZXI6M0YzMUNCRkQ2QjA5RDREQTE3OTA3RkVCODQwRjRBRTQ=	4E40B4CB518D7F6C4B0288A90DB81347	1B338F478087F93C91E0287CC87CDC56	D3215E08570BE58339C7463626B50E37
0D8E5CF2A936251A352A26590109C2C7	SubNetwork=SolarSystem/SubNetwork=Earth/SubNetwork=Europe/SubNetwork=Hungary/NRSectorCarrier=9	1000	20	9	20	20	urn:base64:TlJDZWxsRFU6Q0Y3MjlBMEJCQzM5RTUwNzdDQjU2NzQyMDZBNjczNTk6VVNFUzpOUlNlY3RvckNhcnJpZXI6MEQ4RTVDRjJBOTM2MjUxQTM1MkEyNjU5MDEwOUMyQzc=	urn:base64:TlJTZWN0b3JDYXJyaWVyOjBEOEU1Q0YyQTkzNjI1MUEzNTJBMjY1OTAxMDlDMkM3OlVTRVM6QW50ZW5uYUNhcGFiaWxpdHk6NTk5MzEzQ0REMzVGNDk4RUU4OTlDRjUxQzlBMDlCRjU=	urn:base64:R05CRFVGdW5jdGlvbjpEMzIxNUUwODU3MEJFNTgzMzlDNzQ2MzYyNkI1MEUzNzpQUk9WSURFUzpOUlNlY3RvckNhcnJpZXI6MEQ4RTVDRjJBOTM2MjUxQTM1MkEyNjU5MDEwOUMyQzc=	CF729A0BBC39E5077CB5674206A67359	599313CDD35F498EE899CF51C9A09BF5	D3215E08570BE58339C7463626B50E37
EFD2B059FAA79B1CFAA94D5A06AC952D	SubNetwork=SolarSystem/SubNetwork=Earth/SubNetwork=Europe/SubNetwork=Hungary/NRSectorCarrier=10	1000	20	10	20	20	urn:base64:TlJDZWxsRFU6RkI3QTkyRUQ0OTVGRTVCMDhFQTFFMzIzNTNGNjc2MDg6VVNFUzpOUlNlY3RvckNhcnJpZXI6RUZEMkIwNTlGQUE3OUIxQ0ZBQTk0RDVBMDZBQzk1MkQ=	urn:base64:TlJTZWN0b3JDYXJyaWVyOkVGRDJCMDU5RkFBNzlCMUNGQUE5NEQ1QTA2QUM5NTJEOlVTRVM6QW50ZW5uYUNhcGFiaWxpdHk6QjA0RTIyMzMzN0YyNzVDMEJGNTlCNDU5QTA2RUU2QzM=	urn:base64:R05CRFVGdW5jdGlvbjoxMDUwNTcwRUJCMTMxNUUxQUU3QTlGRDVFMTQwMEEwMDpQUk9WSURFUzpOUlNlY3RvckNhcnJpZXI6RUZEMkIwNTlGQUE3OUIxQ0ZBQTk0RDVBMDZBQzk1MkQ=	FB7A92ED495FE5B08EA1E32353F67608	B04E223337F275C0BF59B459A06EE6C3	1050570EBB1315E1AE7A9FD5E1400A00
C9FB21B897B6308924C000940A6B6256	SubNetwork=SolarSystem/SubNetwork=Earth/SubNetwork=Europe/SubNetwork=Hungary/NRSectorCarrier=11	1000	20	11	20	20	urn:base64:TlJDZWxsRFU6RTgwNjU2NDQ3MTdFRDE1RjM1MDRCNUVFNzFCQjA4OTQ6VVNFUzpOUlNlY3RvckNhcnJpZXI6QzlGQjIxQjg5N0I2MzA4OTI0QzAwMDk0MEE2QjYyNTY=	urn:base64:TlJTZWN0b3JDYXJyaWVyOkM5RkIyMUI4OTdCNjMwODkyNEMwMDA5NDBBNkI2MjU2OlVTRVM6QW50ZW5uYUNhcGFiaWxpdHk6MkQ3MUY2Q0RDQzVERkQxRDcxMkQ5QUIwMUJBQTQ3MDY=	urn:base64:R05CRFVGdW5jdGlvbjoxMDUwNTcwRUJCMTMxNUUxQUU3QTlGRDVFMTQwMEEwMDpQUk9WSURFUzpOUlNlY3RvckNhcnJpZXI6QzlGQjIxQjg5N0I2MzA4OTI0QzAwMDk0MEE2QjYyNTY=	E8065644717ED15F3504B5EE71BB0894	2D71F6CDCC5DFD1D712D9AB01BAA4706	1050570EBB1315E1AE7A9FD5E1400A00
95970B1B7C1EF775A24D900B84653AD1	SubNetwork=SolarSystem/SubNetwork=Earth/SubNetwork=Europe/SubNetwork=Hungary/NRSectorCarrier=12	1000	20	12	20	20	urn:base64:TlJDZWxsRFU6NDQ2M0MzRDJGN0IzODgzMjNBODIxMDVFODU0QUVBMUM6VVNFUzpOUlNlY3RvckNhcnJpZXI6OTU5NzBCMUI3QzFFRjc3NUEyNEQ5MDBCODQ2NTNBRDE=	urn:base64:TlJTZWN0b3JDYXJyaWVyOjk1OTcwQjFCN0MxRUY3NzVBMjREOTAwQjg0NjUzQUQxOlVTRVM6QW50ZW5uYUNhcGFiaWxpdHk6RDc0MTcyMzU4QUQ0QkE0MThFMjQyM0EzRDU0MTUxRUQ=	urn:base64:R05CRFVGdW5jdGlvbjoxMDUwNTcwRUJCMTMxNUUxQUU3QTlGRDVFMTQwMEEwMDpQUk9WSURFUzpOUlNlY3RvckNhcnJpZXI6OTU5NzBCMUI3QzFFRjc3NUEyNEQ5MDBCODQ2NTNBRDE=	4463C3D2F7B388323A82105E854AEA1C	D74172358AD4BA418E2423A3D54151ED	1050570EBB1315E1AE7A9FD5E1400A00
B77E2DCF02094E0D4F400FFB1F915CA6	SubNetwork=SolarSystem/SubNetwork=Earth/SubNetwork=Europe/SubNetwork=Hungary/NRSectorCarrier=13	1000	20	13	20	20	urn:base64:TlJDZWxsRFU6ODk3QzU2MkE1RDhFRTIyNzQ2QUM0RDQ4MDQ1MDVCNjk6VVNFUzpOUlNlY3RvckNhcnJpZXI6Qjc3RTJEQ0YwMjA5NEUwRDRGNDAwRkZCMUY5MTVDQTY=	urn:base64:TlJTZWN0b3JDYXJyaWVyOkI3N0UyRENGMDIwOTRFMEQ0RjQwMEZGQjFGOTE1Q0E2OlVTRVM6QW50ZW5uYUNhcGFiaWxpdHk6MTE0QkQ3QkQ0NkQyRUE2QkY4NTEyNTEyODdGMkNGOTU=	urn:base64:R05CRFVGdW5jdGlvbjoxMDUwNTcwRUJCMTMxNUUxQUU3QTlGRDVFMTQwMEEwMDpQUk9WSURFUzpOUlNlY3RvckNhcnJpZXI6Qjc3RTJEQ0YwMjA5NEUwRDRGNDAwRkZCMUY5MTVDQTY=	897C562A5D8EE22746AC4D4804505B69	114BD7BD46D2EA6BF851251287F2CF95	1050570EBB1315E1AE7A9FD5E1400A00
82D362D75CFF3D3222298BC197EBBECD	SubNetwork=SolarSystem/SubNetwork=Earth/SubNetwork=Europe/SubNetwork=Hungary/NRSectorCarrier=14	1000	20	14	20	20	urn:base64:TlJDZWxsRFU6ODRFNzE1NURBRDY3OTNBNUVCRkZFNzI0NDlGNzc0OUI6VVNFUzpOUlNlY3RvckNhcnJpZXI6ODJEMzYyRDc1Q0ZGM0QzMjIyMjk4QkMxOTdFQkJFQ0Q=	urn:base64:TlJTZWN0b3JDYXJyaWVyOjgyRDM2MkQ3NUNGRjNEMzIyMjI5OEJDMTk3RUJCRUNEOlVTRVM6QW50ZW5uYUNhcGFiaWxpdHk6QjAwNjk5QjVFQTMzQzg2N0VFRTdFMDQ0RUU4NDREMzQ=	urn:base64:R05CRFVGdW5jdGlvbjoxMDUwNTcwRUJCMTMxNUUxQUU3QTlGRDVFMTQwMEEwMDpQUk9WSURFUzpOUlNlY3RvckNhcnJpZXI6ODJEMzYyRDc1Q0ZGM0QzMjIyMjk4QkMxOTdFQkJFQ0Q=	84E7155DAD6793A5EBFFE72449F7749B	B00699B5EA33C867EEE7E044EE844D34	1050570EBB1315E1AE7A9FD5E1400A00
529F6B2AC76DE9E8775BAEBA97890201	SubNetwork=SolarSystem/SubNetwork=Earth/SubNetwork=Europe/SubNetwork=Hungary/NRSectorCarrier=15	1000	20	15	20	20	urn:base64:TlJDZWxsRFU6MDY0NkE0MUEzMDE1MUI1OUJDMUQ5MTA3M0MxNjIyNTc6VVNFUzpOUlNlY3RvckNhcnJpZXI6NTI5RjZCMkFDNzZERTlFODc3NUJBRUJBOTc4OTAyMDE=	urn:base64:TlJTZWN0b3JDYXJyaWVyOjUyOUY2QjJBQzc2REU5RTg3NzVCQUVCQTk3ODkwMjAxOlVTRVM6QW50ZW5uYUNhcGFiaWxpdHk6QTUzN0Q3QTlFRkRFRTBDNDdCM0ZCNENGM0IxRjA2QTc=	urn:base64:R05CRFVGdW5jdGlvbjoxMDUwNTcwRUJCMTMxNUUxQUU3QTlGRDVFMTQwMEEwMDpQUk9WSURFUzpOUlNlY3RvckNhcnJpZXI6NTI5RjZCMkFDNzZERTlFODc3NUJBRUJBOTc4OTAyMDE=	0646A41A30151B59BC1D91073C162257	A537D7A9EFDEE0C47B3FB4CF3B1F06A7	1050570EBB1315E1AE7A9FD5E1400A00
62B1A8C49EC219C2F0F3D56F495EC4CC	SubNetwork=SolarSystem/SubNetwork=Earth/SubNetwork=Europe/SubNetwork=Hungary/NRSectorCarrier=16	1000	20	16	20	20	urn:base64:TlJDZWxsRFU6NDU2MjdENjM2RDdBNDUzNTdGNkYyMzY2MUJBNzdDODU6VVNFUzpOUlNlY3RvckNhcnJpZXI6NjJCMUE4QzQ5RUMyMTlDMkYwRjNENTZGNDk1RUM0Q0M=	urn:base64:TlJTZWN0b3JDYXJyaWVyOjYyQjFBOEM0OUVDMjE5QzJGMEYzRDU2RjQ5NUVDNENDOlVTRVM6QW50ZW5uYUNhcGFiaWxpdHk6RTFDM0U5NTk0NDk0MkY0QUQxODMxNzE5MjAzQTE2NzI=	urn:base64:R05CRFVGdW5jdGlvbjoxMDUwNTcwRUJCMTMxNUUxQUU3QTlGRDVFMTQwMEEwMDpQUk9WSURFUzpOUlNlY3RvckNhcnJpZXI6NjJCMUE4QzQ5RUMyMTlDMkYwRjNENTZGNDk1RUM0Q0M=	45627D636D7A45357F6F23661BA77C85	E1C3E95944942F4AD1831719203A1672	1050570EBB1315E1AE7A9FD5E1400A00
DC88BC70E9A8DC86D8315C794215E2AD	SubNetwork=SolarSystem/SubNetwork=Earth/SubNetwork=Europe/SubNetwork=Hungary/NRSectorCarrier=17	1000	20	17	20	20	urn:base64:TlJDZWxsRFU6RDIxQ0RGNzA0NzYwRUU2NkNDNjdBQzhDNTU4NUM0RkM6VVNFUzpOUlNlY3RvckNhcnJpZXI6REM4OEJDNzBFOUE4REM4NkQ4MzE1Qzc5NDIxNUUyQUQ=	urn:base64:TlJTZWN0b3JDYXJyaWVyOkRDODhCQzcwRTlBOERDODZEODMxNUM3OTQyMTVFMkFEOlVTRVM6QW50ZW5uYUNhcGFiaWxpdHk6OTI1MkUzQ0NBODhBRTU1OUJDQjFDODM4RkZEQTFDMjc=	urn:base64:R05CRFVGdW5jdGlvbjoxMDUwNTcwRUJCMTMxNUUxQUU3QTlGRDVFMTQwMEEwMDpQUk9WSURFUzpOUlNlY3RvckNhcnJpZXI6REM4OEJDNzBFOUE4REM4NkQ4MzE1Qzc5NDIxNUUyQUQ=	D21CDF704760EE66CC67AC8C5585C4FC	9252E3CCA88AE559BCB1C838FFDA1C27	1050570EBB1315E1AE7A9FD5E1400A00
5BDCDFC664C467684309134FD386F182	SubNetwork=SolarSystem/SubNetwork=Earth/SubNetwork=Europe/SubNetwork=Hungary/NRSectorCarrier=18	1000	20	18	20	20	urn:base64:TlJDZWxsRFU6ODIxOUNBOEM0NjQxMzc2QjA2RkU0MDY3RkVFOENEQjQ6VVNFUzpOUlNlY3RvckNhcnJpZXI6NUJEQ0RGQzY2NEM0Njc2ODQzMDkxMzRGRDM4NkYxODI=	urn:base64:TlJTZWN0b3JDYXJyaWVyOjVCRENERkM2NjRDNDY3Njg0MzA5MTM0RkQzODZGMTgyOlVTRVM6QW50ZW5uYUNhcGFiaWxpdHk6RjI4M0YxOUY0RjA4NDJFNzI0QkE3MkU5NzE4RUE1Q0I=	urn:base64:R05CRFVGdW5jdGlvbjoxMDUwNTcwRUJCMTMxNUUxQUU3QTlGRDVFMTQwMEEwMDpQUk9WSURFUzpOUlNlY3RvckNhcnJpZXI6NUJEQ0RGQzY2NEM0Njc2ODQzMDkxMzRGRDM4NkYxODI=	8219CA8C4641376B06FE4067FEE8CDB4	F283F19F4F0842E724BA72E9718EA5CB	1050570EBB1315E1AE7A9FD5E1400A00
969DF432ED7F9A9E6607D475D11E6863	SubNetwork=SolarSystem/SubNetwork=Earth/SubNetwork=Europe/SubNetwork=Hungary/NRSectorCarrier=19	1000	20	19	20	20	urn:base64:TlJDZWxsRFU6NUIzQ0M4MUIzMjg0RDNGNjY1RjAzQTQ3NzQzOUZBOTg6VVNFUzpOUlNlY3RvckNhcnJpZXI6OTY5REY0MzJFRDdGOUE5RTY2MDdENDc1RDExRTY4NjM=	urn:base64:TlJTZWN0b3JDYXJyaWVyOjk2OURGNDMyRUQ3RjlBOUU2NjA3RDQ3NUQxMUU2ODYzOlVTRVM6QW50ZW5uYUNhcGFiaWxpdHk6Qjc0Qjg5Mjk1NEU5NzExMkRENEI0RTVBRjlEM0E0Rjc=	urn:base64:R05CRFVGdW5jdGlvbjpCNkE2REU3RDA5NjVGMDJENDhFQ0E4NjcwNkE0NDU0RjpQUk9WSURFUzpOUlNlY3RvckNhcnJpZXI6OTY5REY0MzJFRDdGOUE5RTY2MDdENDc1RDExRTY4NjM=	5B3CC81B3284D3F665F03A477439FA98	B74B892954E97112DD4B4E5AF9D3A4F7	B6A6DE7D0965F02D48ECA86706A4454F
8242C20440EEE441ABA2DE3F143845DE	SubNetwork=SolarSystem/SubNetwork=Earth/SubNetwork=Europe/SubNetwork=Hungary/NRSectorCarrier=20	1000	20	20	20	20	urn:base64:TlJDZWxsRFU6QzE5NDRBMjYyMDgxRjgyQTk4Q0YwNTBGRUU0MUI4RkY6VVNFUzpOUlNlY3RvckNhcnJpZXI6ODI0MkMyMDQ0MEVFRTQ0MUFCQTJERTNGMTQzODQ1REU=	urn:base64:TlJTZWN0b3JDYXJyaWVyOjgyNDJDMjA0NDBFRUU0NDFBQkEyREUzRjE0Mzg0NURFOlVTRVM6QW50ZW5uYUNhcGFiaWxpdHk6ODdDQzRFN0Y3NDI5MkZFODUzNDBGMjgwQTMyRUVCMkQ=	urn:base64:R05CRFVGdW5jdGlvbjpCNkE2REU3RDA5NjVGMDJENDhFQ0E4NjcwNkE0NDU0RjpQUk9WSURFUzpOUlNlY3RvckNhcnJpZXI6ODI0MkMyMDQ0MEVFRTQ0MUFCQTJERTNGMTQzODQ1REU=	C1944A262081F82A98CF050FEE41B8FF	87CC4E7F74292FE85340F280A32EEB2D	B6A6DE7D0965F02D48ECA86706A4454F
725257083C17CB17DF38C4961FC55C54	SubNetwork=SolarSystem/SubNetwork=Earth/SubNetwork=Europe/SubNetwork=Hungary/NRSectorCarrier=21	1000	20	21	20	20	urn:base64:TlJDZWxsRFU6NEJBNzk5QzMzQ0RBQTJDOUYzODYwNjA2MzFFMkZEMkE6VVNFUzpOUlNlY3RvckNhcnJpZXI6NzI1MjU3MDgzQzE3Q0IxN0RGMzhDNDk2MUZDNTVDNTQ=	urn:base64:TlJTZWN0b3JDYXJyaWVyOjcyNTI1NzA4M0MxN0NCMTdERjM4QzQ5NjFGQzU1QzU0OlVTRVM6QW50ZW5uYUNhcGFiaWxpdHk6MDQyNzNGQzY0NDM2REE1MjM4NjVDRjg0OUU1RjdDQzk=	urn:base64:R05CRFVGdW5jdGlvbjpCNkE2REU3RDA5NjVGMDJENDhFQ0E4NjcwNkE0NDU0RjpQUk9WSURFUzpOUlNlY3RvckNhcnJpZXI6NzI1MjU3MDgzQzE3Q0IxN0RGMzhDNDk2MUZDNTVDNTQ=	4BA799C33CDAA2C9F386060631E2FD2A	04273FC64436DA523865CF849E5F7CC9	B6A6DE7D0965F02D48ECA86706A4454F
92000BD14FF2FCAABF9F4565B22488A5	SubNetwork=SolarSystem/SubNetwork=Earth/SubNetwork=Europe/SubNetwork=Hungary/NRSectorCarrier=22	1000	20	22	20	20	urn:base64:TlJDZWxsRFU6RjczQUFDRjJCQTQzMkI2ODdERkQ2MkM0N0M5REZGMUE6VVNFUzpOUlNlY3RvckNhcnJpZXI6OTIwMDBCRDE0RkYyRkNBQUJGOUY0NTY1QjIyNDg4QTU=	urn:base64:TlJTZWN0b3JDYXJyaWVyOjkyMDAwQkQxNEZGMkZDQUFCRjlGNDU2NUIyMjQ4OEE1OlVTRVM6QW50ZW5uYUNhcGFiaWxpdHk6RDVCOTA5MEUzQjZBMTBEQkRDMjQzRUQxNEVGMjk0QkY=	urn:base64:R05CRFVGdW5jdGlvbjpCNkE2REU3RDA5NjVGMDJENDhFQ0E4NjcwNkE0NDU0RjpQUk9WSURFUzpOUlNlY3RvckNhcnJpZXI6OTIwMDBCRDE0RkYyRkNBQUJGOUY0NTY1QjIyNDg4QTU=	F73AACF2BA432B687DFD62C47C9DFF1A	D5B9090E3B6A10DBDC243ED14EF294BF	B6A6DE7D0965F02D48ECA86706A4454F
3A79CB3F5B4CCD179A08DC196CC2FC91	SubNetwork=SolarSystem/SubNetwork=Earth/SubNetwork=Europe/SubNetwork=Hungary/NRSectorCarrier=23	1000	20	23	20	20	urn:base64:TlJDZWxsRFU6NTFENDk5MjJDQTZDQ0QyQ0U0NTFEOTZCQTIyNDAxMUY6VVNFUzpOUlNlY3RvckNhcnJpZXI6M0E3OUNCM0Y1QjRDQ0QxNzlBMDhEQzE5NkNDMkZDOTE=	urn:base64:TlJTZWN0b3JDYXJyaWVyOjNBNzlDQjNGNUI0Q0NEMTc5QTA4REMxOTZDQzJGQzkxOlVTRVM6QW50ZW5uYUNhcGFiaWxpdHk6MDI0NDNERTA4MDdEODAxRDY2MTQ5NUQ5RUZCOEQ4MzY=	urn:base64:R05CRFVGdW5jdGlvbjpCNkE2REU3RDA5NjVGMDJENDhFQ0E4NjcwNkE0NDU0RjpQUk9WSURFUzpOUlNlY3RvckNhcnJpZXI6M0E3OUNCM0Y1QjRDQ0QxNzlBMDhEQzE5NkNDMkZDOTE=	51D49922CA6CCD2CE451D96BA224011F	02443DE0807D801D661495D9EFB8D836	B6A6DE7D0965F02D48ECA86706A4454F
0BFA280C5BA850500084E30B612A3753	SubNetwork=SolarSystem/SubNetwork=Earth/SubNetwork=Europe/SubNetwork=Hungary/NRSectorCarrier=24	1000	20	24	20	20	urn:base64:TlJDZWxsRFU6RDA0MkRFMkQzOEY4RkZFNzBENzM4NzAyMDIxNUIyNTQ6VVNFUzpOUlNlY3RvckNhcnJpZXI6MEJGQTI4MEM1QkE4NTA1MDAwODRFMzBCNjEyQTM3NTM=	urn:base64:TlJTZWN0b3JDYXJyaWVyOjBCRkEyODBDNUJBODUwNTAwMDg0RTMwQjYxMkEzNzUzOlVTRVM6QW50ZW5uYUNhcGFiaWxpdHk6QzY4MjNEMkI3QUZBMDY0Q0U3NzQ3OTVFMDFENjIyOEI=	urn:base64:R05CRFVGdW5jdGlvbjpCNkE2REU3RDA5NjVGMDJENDhFQ0E4NjcwNkE0NDU0RjpQUk9WSURFUzpOUlNlY3RvckNhcnJpZXI6MEJGQTI4MEM1QkE4NTA1MDAwODRFMzBCNjEyQTM3NTM=	D042DE2D38F8FFE70D7387020215B254	C6823D2B7AFA064CE774795E01D6228B	B6A6DE7D0965F02D48ECA86706A4454F
04186460C606475B2535287BC9CD5EDA	SubNetwork=SolarSystem/SubNetwork=Earth/SubNetwork=Europe/SubNetwork=Hungary/NRSectorCarrier=25	1000	20	25	20	20	urn:base64:TlJDZWxsRFU6MTVFOTFDMzNCQTk5MzU0RURGMEE2NjdCNUNBRjgxQTU6VVNFUzpOUlNlY3RvckNhcnJpZXI6MDQxODY0NjBDNjA2NDc1QjI1MzUyODdCQzlDRDVFREE=	urn:base64:TlJTZWN0b3JDYXJyaWVyOjA0MTg2NDYwQzYwNjQ3NUIyNTM1Mjg3QkM5Q0Q1RURBOlVTRVM6QW50ZW5uYUNhcGFiaWxpdHk6REYyNkFFNDQyMTEwREIwMjgxREFENDU0NTQzNkI3MjA=	urn:base64:R05CRFVGdW5jdGlvbjpCNkE2REU3RDA5NjVGMDJENDhFQ0E4NjcwNkE0NDU0RjpQUk9WSURFUzpOUlNlY3RvckNhcnJpZXI6MDQxODY0NjBDNjA2NDc1QjI1MzUyODdCQzlDRDVFREE=	15E91C33BA99354EDF0A667B5CAF81A5	DF26AE442110DB0281DAD4545436B720	B6A6DE7D0965F02D48ECA86706A4454F
640837A9312B9168202E457BDA67E3AB	SubNetwork=SolarSystem/SubNetwork=Earth/SubNetwork=Europe/SubNetwork=Hungary/NRSectorCarrier=26	1000	20	26	20	20	urn:base64:TlJDZWxsRFU6OUVEMDEwQjI5QkQ5NzM3OUI0NzM5QjZDMEYzMTg4NzQ6VVNFUzpOUlNlY3RvckNhcnJpZXI6NjQwODM3QTkzMTJCOTE2ODIwMkU0NTdCREE2N0UzQUI=	urn:base64:TlJTZWN0b3JDYXJyaWVyOjY0MDgzN0E5MzEyQjkxNjgyMDJFNDU3QkRBNjdFM0FCOlVTRVM6QW50ZW5uYUNhcGFiaWxpdHk6N0ExQzZGRTkzNTEwMDhCM0Q1MzkxNjZEOTQyMjI3NjI=	urn:base64:R05CRFVGdW5jdGlvbjpCNkE2REU3RDA5NjVGMDJENDhFQ0E4NjcwNkE0NDU0RjpQUk9WSURFUzpOUlNlY3RvckNhcnJpZXI6NjQwODM3QTkzMTJCOTE2ODIwMkU0NTdCREE2N0UzQUI=	9ED010B29BD97379B4739B6C0F318874	7A1C6FE9351008B3D539166D94222762	B6A6DE7D0965F02D48ECA86706A4454F
CC7F67B0939882240419A867FB75BD5B	SubNetwork=SolarSystem/SubNetwork=Earth/SubNetwork=Europe/SubNetwork=Hungary/NRSectorCarrier=27	1000	20	27	20	20	urn:base64:TlJDZWxsRFU6NEQwRjVDQzM2MUYyMTg3REZCQTRFMjQzRjQ4OUVDMEU6VVNFUzpOUlNlY3RvckNhcnJpZXI6Q0M3RjY3QjA5Mzk4ODIyNDA0MTlBODY3RkI3NUJENUI=	urn:base64:TlJTZWN0b3JDYXJyaWVyOkNDN0Y2N0IwOTM5ODgyMjQwNDE5QTg2N0ZCNzVCRDVCOlVTRVM6QW50ZW5uYUNhcGFiaWxpdHk6NzBBMUYxMjlFMTBFRTdEMzFERkUxRTFBQTZDNzQzN0Q=	urn:base64:R05CRFVGdW5jdGlvbjpCNkE2REU3RDA5NjVGMDJENDhFQ0E4NjcwNkE0NDU0RjpQUk9WSURFUzpOUlNlY3RvckNhcnJpZXI6Q0M3RjY3QjA5Mzk4ODIyNDA0MTlBODY3RkI3NUJENUI=	4D0F5CC361F2187DFBA4E243F489EC0E	70A1F129E10EE7D31DFE1E1AA6C7437D	B6A6DE7D0965F02D48ECA86706A4454F
9C1FC1BA3A08D95288448538CABB2FED	SubNetwork=SolarSystem/SubNetwork=Earth/SubNetwork=Europe/SubNetwork=Hungary/NRSectorCarrier=28	1000	20	28	20	20	urn:base64:TlJDZWxsRFU6MzZDMjUxRkIyM0E1NzBBNjdDNDk5RDI4Rjg3REE5NEY6VVNFUzpOUlNlY3RvckNhcnJpZXI6OUMxRkMxQkEzQTA4RDk1Mjg4NDQ4NTM4Q0FCQjJGRUQ=	urn:base64:TlJTZWN0b3JDYXJyaWVyOjlDMUZDMUJBM0EwOEQ5NTI4ODQ0ODUzOENBQkIyRkVEOlVTRVM6QW50ZW5uYUNhcGFiaWxpdHk6N0RFOTFDNzhGOERDRTQyOTJGMkYwQzNCMzRERUFDQUI=	urn:base64:R05CRFVGdW5jdGlvbjpFNUZENUFDRDU1QzU1M0E5MjczODQ3N0VDQjA0NjVCOTpQUk9WSURFUzpOUlNlY3RvckNhcnJpZXI6OUMxRkMxQkEzQTA4RDk1Mjg4NDQ4NTM4Q0FCQjJGRUQ=	36C251FB23A570A67C499D28F87DA94F	7DE91C78F8DCE4292F2F0C3B34DEACAB	E5FD5ACD55C553A92738477ECB0465B9
1636D2C97404CC1951A26B242280992E	SubNetwork=SolarSystem/SubNetwork=Earth/SubNetwork=Europe/SubNetwork=Hungary/NRSectorCarrier=29	1000	20	29	20	20	urn:base64:TlJDZWxsRFU6RUM3ODZBNzIxQTA2NEZBMjZCRTQwQkUxNzNGQjkyRTE6VVNFUzpOUlNlY3RvckNhcnJpZXI6MTYzNkQyQzk3NDA0Q0MxOTUxQTI2QjI0MjI4MDk5MkU=	urn:base64:TlJTZWN0b3JDYXJyaWVyOjE2MzZEMkM5NzQwNENDMTk1MUEyNkIyNDIyODA5OTJFOlVTRVM6QW50ZW5uYUNhcGFiaWxpdHk6MTQ1QTFCRjU2MURCMjk3RjI1RkQzRjEyNDE3RDJBNTA=	urn:base64:R05CRFVGdW5jdGlvbjpFNUZENUFDRDU1QzU1M0E5MjczODQ3N0VDQjA0NjVCOTpQUk9WSURFUzpOUlNlY3RvckNhcnJpZXI6MTYzNkQyQzk3NDA0Q0MxOTUxQTI2QjI0MjI4MDk5MkU=	EC786A721A064FA26BE40BE173FB92E1	145A1BF561DB297F25FD3F12417D2A50	E5FD5ACD55C553A92738477ECB0465B9
E2BE0197590AA8391179A2A78F8B7B3E	SubNetwork=SolarSystem/SubNetwork=Earth/SubNetwork=Europe/SubNetwork=Hungary/NRSectorCarrier=30	1000	20	30	20	20	urn:base64:TlJDZWxsRFU6Q0M2RUQ2REZENDJBRUJERThBMUY4MDVEMzA3NjIyQTk6VVNFUzpOUlNlY3RvckNhcnJpZXI6RTJCRTAxOTc1OTBBQTgzOTExNzlBMkE3OEY4QjdCM0U=	urn:base64:TlJTZWN0b3JDYXJyaWVyOkUyQkUwMTk3NTkwQUE4MzkxMTc5QTJBNzhGOEI3QjNFOlVTRVM6QW50ZW5uYUNhcGFiaWxpdHk6OTE4OEQ5NzVEODM3QTFFMDM5NzE2N0EyM0U3MjFCMEM=	urn:base64:R05CRFVGdW5jdGlvbjpFNUZENUFDRDU1QzU1M0E5MjczODQ3N0VDQjA0NjVCOTpQUk9WSURFUzpOUlNlY3RvckNhcnJpZXI6RTJCRTAxOTc1OTBBQTgzOTExNzlBMkE3OEY4QjdCM0U=	CC6ED6DFD42AEBDE8A1F805D307622A9	9188D975D837A1E0397167A23E721B0C	E5FD5ACD55C553A92738477ECB0465B9
8BB9FC8DC8AF2821CF0AFF8E31520862	SubNetwork=SolarSystem/SubNetwork=Earth/SubNetwork=Europe/SubNetwork=Hungary/NRSectorCarrier=31	1000	20	31	20	20	urn:base64:TlJDZWxsRFU6QzM1RjRBNDZFREU5NUQxQkM1NzkxOUMxQUJBMEExNTA6VVNFUzpOUlNlY3RvckNhcnJpZXI6OEJCOUZDOERDOEFGMjgyMUNGMEFGRjhFMzE1MjA4NjI=	urn:base64:TlJTZWN0b3JDYXJyaWVyOjhCQjlGQzhEQzhBRjI4MjFDRjBBRkY4RTMxNTIwODYyOlVTRVM6QW50ZW5uYUNhcGFiaWxpdHk6RDMxNERBREFGQTNEODk2NDQ1RTc4RUJDQzE1QTE2Rjc=	urn:base64:R05CRFVGdW5jdGlvbjpFNUZENUFDRDU1QzU1M0E5MjczODQ3N0VDQjA0NjVCOTpQUk9WSURFUzpOUlNlY3RvckNhcnJpZXI6OEJCOUZDOERDOEFGMjgyMUNGMEFGRjhFMzE1MjA4NjI=	C35F4A46EDE95D1BC57919C1ABA0A150	D314DADAFA3D896445E78EBCC15A16F7	E5FD5ACD55C553A92738477ECB0465B9
C0FE68D810F57154B913E056BC1B4305	SubNetwork=SolarSystem/SubNetwork=Earth/SubNetwork=Europe/SubNetwork=Hungary/NRSectorCarrier=32	1000	20	32	20	20	urn:base64:TlJDZWxsRFU6QkM2MjQwNDM5MkQ5NjhBRUVBRkEyOTBCNkUwMjk1OTY6VVNFUzpOUlNlY3RvckNhcnJpZXI6QzBGRTY4RDgxMEY1NzE1NEI5MTNFMDU2QkMxQjQzMDU=	urn:base64:TlJTZWN0b3JDYXJyaWVyOkMwRkU2OEQ4MTBGNTcxNTRCOTEzRTA1NkJDMUI0MzA1OlVTRVM6QW50ZW5uYUNhcGFiaWxpdHk6MjhBRDNFRTg0NDc2NkRGNTA4RjYyODdDRDFDRTE4QTQ=	urn:base64:R05CRFVGdW5jdGlvbjpFNUZENUFDRDU1QzU1M0E5MjczODQ3N0VDQjA0NjVCOTpQUk9WSURFUzpOUlNlY3RvckNhcnJpZXI6QzBGRTY4RDgxMEY1NzE1NEI5MTNFMDU2QkMxQjQzMDU=	BC62404392D968AEEAFA290B6E029596	28AD3EE844766DF508F6287CD1CE18A4	E5FD5ACD55C553A92738477ECB0465B9
2548E12457EDEFCD4119460CFD302977	SubNetwork=SolarSystem/SubNetwork=Earth/SubNetwork=Europe/SubNetwork=Hungary/NRSectorCarrier=33	1000	20	33	20	20	urn:base64:TlJDZWxsRFU6NTQ5QUU5NEE1RThCNzRDRDc0NUFFRjU2NDhCOEM1MjQ6VVNFUzpOUlNlY3RvckNhcnJpZXI6MjU0OEUxMjQ1N0VERUZDRDQxMTk0NjBDRkQzMDI5Nzc=	urn:base64:TlJTZWN0b3JDYXJyaWVyOjI1NDhFMTI0NTdFREVGQ0Q0MTE5NDYwQ0ZEMzAyOTc3OlVTRVM6QW50ZW5uYUNhcGFiaWxpdHk6QzM5OEQ2QzY3MzI2N0EwODFDNzgxRDg0NDM4RjRCNzQ=	urn:base64:R05CRFVGdW5jdGlvbjpFNUZENUFDRDU1QzU1M0E5MjczODQ3N0VDQjA0NjVCOTpQUk9WSURFUzpOUlNlY3RvckNhcnJpZXI6MjU0OEUxMjQ1N0VERUZDRDQxMTk0NjBDRkQzMDI5Nzc=	549AE94A5E8B74CD745AEF5648B8C524	C398D6C673267A081C781D84438F4B74	E5FD5ACD55C553A92738477ECB0465B9
6DF1BB3C1B04A2AFF8FCFAE6B9E6C059	SubNetwork=SolarSystem/SubNetwork=Earth/SubNetwork=Europe/SubNetwork=Hungary/NRSectorCarrier=34	1000	20	34	20	20	urn:base64:TlJDZWxsRFU6MTQ4RUI5MkQ4ODAyRTk1M0ZGMjZDRkQxNzRCNkQ4MDQ6VVNFUzpOUlNlY3RvckNhcnJpZXI6NkRGMUJCM0MxQjA0QTJBRkY4RkNGQUU2QjlFNkMwNTk=	urn:base64:TlJTZWN0b3JDYXJyaWVyOjZERjFCQjNDMUIwNEEyQUZGOEZDRkFFNkI5RTZDMDU5OlVTRVM6QW50ZW5uYUNhcGFiaWxpdHk6MEJEQUQ1RERDMTlBNjk2MjQ0NTM2NDIxRTZEMjZGRTM=	urn:base64:R05CRFVGdW5jdGlvbjpFNUZENUFDRDU1QzU1M0E5MjczODQ3N0VDQjA0NjVCOTpQUk9WSURFUzpOUlNlY3RvckNhcnJpZXI6NkRGMUJCM0MxQjA0QTJBRkY4RkNGQUU2QjlFNkMwNTk=	148EB92D8802E953FF26CFD174B6D804	0BDAD5DDC19A696244536421E6D26FE3	E5FD5ACD55C553A92738477ECB0465B9
49C7F3D0A74534A1DD284353BA721340	SubNetwork=SolarSystem/SubNetwork=Earth/SubNetwork=Europe/SubNetwork=Hungary/NRSectorCarrier=35	1000	20	35	20	20	urn:base64:TlJDZWxsRFU6NEIxRUU3M0VCRDQ2ODAxNTgyQjJGRkE1MjEzMDUyNEY6VVNFUzpOUlNlY3RvckNhcnJpZXI6NDlDN0YzRDBBNzQ1MzRBMUREMjg0MzUzQkE3MjEzNDA=	urn:base64:TlJTZWN0b3JDYXJyaWVyOjQ5QzdGM0QwQTc0NTM0QTFERDI4NDM1M0JBNzIxMzQwOlVTRVM6QW50ZW5uYUNhcGFiaWxpdHk6NDkyMDU4ODFDOTEyMUYyMDhCRDc5MTQ5RkE3OTk4Nzc=	urn:base64:R05CRFVGdW5jdGlvbjpFNUZENUFDRDU1QzU1M0E5MjczODQ3N0VDQjA0NjVCOTpQUk9WSURFUzpOUlNlY3RvckNhcnJpZXI6NDlDN0YzRDBBNzQ1MzRBMUREMjg0MzUzQkE3MjEzNDA=	4B1EE73EBD46801582B2FFA52130524F	49205881C9121F208BD79149FA799877	E5FD5ACD55C553A92738477ECB0465B9
AA66002C42C823375606A6793855D3FC	SubNetwork=SolarSystem/SubNetwork=Earth/SubNetwork=Europe/SubNetwork=Hungary/NRSectorCarrier=36	1000	20	36	20	20	urn:base64:TlJDZWxsRFU6NzQ2N0NFRjJBQzA4MDhGMzU5NTQ0NEM3RDMxQTE3MTA6VVNFUzpOUlNlY3RvckNhcnJpZXI6QUE2NjAwMkM0MkM4MjMzNzU2MDZBNjc5Mzg1NUQzRkM=	urn:base64:TlJTZWN0b3JDYXJyaWVyOkFBNjYwMDJDNDJDODIzMzc1NjA2QTY3OTM4NTVEM0ZDOlVTRVM6QW50ZW5uYUNhcGFiaWxpdHk6QTMyREI5RTI3OEZDMURFNDFGQjRBM0I1MEY4MDI2NTA=	urn:base64:R05CRFVGdW5jdGlvbjpFNUZENUFDRDU1QzU1M0E5MjczODQ3N0VDQjA0NjVCOTpQUk9WSURFUzpOUlNlY3RvckNhcnJpZXI6QUE2NjAwMkM0MkM4MjMzNzU2MDZBNjc5Mzg1NUQzRkM=	7467CEF2AC0808F3595444C7D31A1710	A32DB9E278FC1DE41FB4A3B50F802650	E5FD5ACD55C553A92738477ECB0465B9
1C8C22D9065F1139C7CCA45EEF8C61EF	SubNetwork=SolarSystem/SubNetwork=Earth/SubNetwork=Europe/SubNetwork=Hungary/NRSectorCarrier=37	1000	20	37	20	20	urn:base64:TlJDZWxsRFU6NDlDODY4MzA1OUYzOEY3QjY4MUZGMjczMDU4NUY5QTY6VVNFUzpOUlNlY3RvckNhcnJpZXI6MUM4QzIyRDkwNjVGMTEzOUM3Q0NBNDVFRUY4QzYxRUY=	urn:base64:TlJTZWN0b3JDYXJyaWVyOjFDOEMyMkQ5MDY1RjExMzlDN0NDQTQ1RUVGOEM2MUVGOlVTRVM6QW50ZW5uYUNhcGFiaWxpdHk6QkRFMzgxQkFDQzY3MjkwRTQ0N0JDMDE3N0UwMzhBRUI=	urn:base64:R05CRFVGdW5jdGlvbjoyNUU2OTBFMjJCREE5MEI5QzRGRUUxRjA4M0NCQTU5NzpQUk9WSURFUzpOUlNlY3RvckNhcnJpZXI6MUM4QzIyRDkwNjVGMTEzOUM3Q0NBNDVFRUY4QzYxRUY=	49C8683059F38F7B681FF2730585F9A6	BDE381BACC67290E447BC0177E038AEB	25E690E22BDA90B9C4FEE1F083CBA597
D266E324A64EC29530E026DD07A50720	SubNetwork=SolarSystem/SubNetwork=Earth/SubNetwork=Europe/SubNetwork=Hungary/NRSectorCarrier=38	1000	20	38	20	20	urn:base64:TlJDZWxsRFU6RDNBMEZEREMyMkUxMjlDMkVCN0IwQTVFNzgwOENCN0U6VVNFUzpOUlNlY3RvckNhcnJpZXI6RDI2NkUzMjRBNjRFQzI5NTMwRTAyNkREMDdBNTA3MjA=	urn:base64:TlJTZWN0b3JDYXJyaWVyOkQyNjZFMzI0QTY0RUMyOTUzMEUwMjZERDA3QTUwNzIwOlVTRVM6QW50ZW5uYUNhcGFiaWxpdHk6QjRCQzREMUIxM0VCNjUxNjkwRjMxOTVFNjIyQ0M0QkQ=	urn:base64:R05CRFVGdW5jdGlvbjoyNUU2OTBFMjJCREE5MEI5QzRGRUUxRjA4M0NCQTU5NzpQUk9WSURFUzpOUlNlY3RvckNhcnJpZXI6RDI2NkUzMjRBNjRFQzI5NTMwRTAyNkREMDdBNTA3MjA=	D3A0FDDC22E129C2EB7B0A5E7808CB7E	B4BC4D1B13EB651690F3195E622CC4BD	25E690E22BDA90B9C4FEE1F083CBA597
875DAAED20D2AC563357371DFFCDC86D	SubNetwork=SolarSystem/SubNetwork=Earth/SubNetwork=Europe/SubNetwork=Hungary/NRSectorCarrier=39	1000	20	39	20	20	urn:base64:TlJDZWxsRFU6RUFERkQyRkYzQjI0QkJBMTUxMDNGMzEyNkM0RTI5NUQ6VVNFUzpOUlNlY3RvckNhcnJpZXI6ODc1REFBRUQyMEQyQUM1NjMzNTczNzFERkZDREM4NkQ=	urn:base64:TlJTZWN0b3JDYXJyaWVyOjg3NURBQUVEMjBEMkFDNTYzMzU3MzcxREZGQ0RDODZEOlVTRVM6QW50ZW5uYUNhcGFiaWxpdHk6MzJFRTM4NUVBQ0QyNkEwMDQ2QkFENUNDODQ5MDVFQ0I=	urn:base64:R05CRFVGdW5jdGlvbjoyNUU2OTBFMjJCREE5MEI5QzRGRUUxRjA4M0NCQTU5NzpQUk9WSURFUzpOUlNlY3RvckNhcnJpZXI6ODc1REFBRUQyMEQyQUM1NjMzNTczNzFERkZDREM4NkQ=	EADFD2FF3B24BBA15103F3126C4E295D	32EE385EACD26A0046BAD5CC84905ECB	25E690E22BDA90B9C4FEE1F083CBA597
E073BB0603BCA819D7537384AB62B902	SubNetwork=SolarSystem/SubNetwork=Earth/SubNetwork=Europe/SubNetwork=Hungary/NRSectorCarrier=40	1000	20	40	20	20	urn:base64:TlJDZWxsRFU6NzJENDI3RjVBRkU3RTBBQjY1OTEyOEI0MjMxMzE5QjQ6VVNFUzpOUlNlY3RvckNhcnJpZXI6RTA3M0JCMDYwM0JDQTgxOUQ3NTM3Mzg0QUI2MkI5MDI=	urn:base64:TlJTZWN0b3JDYXJyaWVyOkUwNzNCQjA2MDNCQ0E4MTlENzUzNzM4NEFCNjJCOTAyOlVTRVM6QW50ZW5uYUNhcGFiaWxpdHk6NDNCNjMxMDZCMjdGQjA1QzYxODQwMEVFNUFFOTE2Mzc=	urn:base64:R05CRFVGdW5jdGlvbjoyNUU2OTBFMjJCREE5MEI5QzRGRUUxRjA4M0NCQTU5NzpQUk9WSURFUzpOUlNlY3RvckNhcnJpZXI6RTA3M0JCMDYwM0JDQTgxOUQ3NTM3Mzg0QUI2MkI5MDI=	72D427F5AFE7E0AB659128B4231319B4	43B63106B27FB05C618400EE5AE91637	25E690E22BDA90B9C4FEE1F083CBA597
F0C1F478850C438AE4A55B916706D319	SubNetwork=SolarSystem/SubNetwork=Earth/SubNetwork=Europe/SubNetwork=Hungary/NRSectorCarrier=41	1000	20	41	20	20	urn:base64:TlJDZWxsRFU6REUzNDlBMjhGRkI4QkVDQzM5NTc5NzcyNzM1NjIxMzA6VVNFUzpOUlNlY3RvckNhcnJpZXI6RjBDMUY0Nzg4NTBDNDM4QUU0QTU1QjkxNjcwNkQzMTk=	urn:base64:TlJTZWN0b3JDYXJyaWVyOkYwQzFGNDc4ODUwQzQzOEFFNEE1NUI5MTY3MDZEMzE5OlVTRVM6QW50ZW5uYUNhcGFiaWxpdHk6QzgxM0UxODY1N0MyQzU4MzdBM0YyMzdCQUQ1NTc5NDQ=	urn:base64:R05CRFVGdW5jdGlvbjoyNUU2OTBFMjJCREE5MEI5QzRGRUUxRjA4M0NCQTU5NzpQUk9WSURFUzpOUlNlY3RvckNhcnJpZXI6RjBDMUY0Nzg4NTBDNDM4QUU0QTU1QjkxNjcwNkQzMTk=	DE349A28FFB8BECC3957977273562130	C813E18657C2C5837A3F237BAD557944	25E690E22BDA90B9C4FEE1F083CBA597
6459BBB9E31E42DD1BA64F183EE6D4D1	SubNetwork=SolarSystem/SubNetwork=Earth/SubNetwork=Europe/SubNetwork=Hungary/NRSectorCarrier=42	1000	20	42	20	20	urn:base64:TlJDZWxsRFU6OUE4NTU1OUZEMTBERTE5RTM5QTgzMDM5QzBBRjEyQ0Q6VVNFUzpOUlNlY3RvckNhcnJpZXI6NjQ1OUJCQjlFMzFFNDJERDFCQTY0RjE4M0VFNkQ0RDE=	urn:base64:TlJTZWN0b3JDYXJyaWVyOjY0NTlCQkI5RTMxRTQyREQxQkE2NEYxODNFRTZENEQxOlVTRVM6QW50ZW5uYUNhcGFiaWxpdHk6NDYyRENDREVBNUEyODkyQjhDODYzMDcyNDY3OUI2NzY=	urn:base64:R05CRFVGdW5jdGlvbjoyNUU2OTBFMjJCREE5MEI5QzRGRUUxRjA4M0NCQTU5NzpQUk9WSURFUzpOUlNlY3RvckNhcnJpZXI6NjQ1OUJCQjlFMzFFNDJERDFCQTY0RjE4M0VFNkQ0RDE=	9A85559FD10DE19E39A83039C0AF12CD	462DCCDEA5A2892B8C8630724679B676	25E690E22BDA90B9C4FEE1F083CBA597
B0A6F73C534723853CBDF21B0CFA2642	SubNetwork=SolarSystem/SubNetwork=Earth/SubNetwork=Europe/SubNetwork=Hungary/NRSectorCarrier=43	1000	20	43	20	20	urn:base64:TlJDZWxsRFU6NDc2NjgxNDM3RDY4MEQ5MENGM0I3OEU3MTE0RjdGMjE6VVNFUzpOUlNlY3RvckNhcnJpZXI6QjBBNkY3M0M1MzQ3MjM4NTNDQkRGMjFCMENGQTI2NDI=	urn:base64:TlJTZWN0b3JDYXJyaWVyOkIwQTZGNzNDNTM0NzIzODUzQ0JERjIxQjBDRkEyNjQyOlVTRVM6QW50ZW5uYUNhcGFiaWxpdHk6RjZEMEZGMjA2OUYwMzhGRjY0RDA3MkM4MThERDlCRkQ=	urn:base64:R05CRFVGdW5jdGlvbjoyNUU2OTBFMjJCREE5MEI5QzRGRUUxRjA4M0NCQTU5NzpQUk9WSURFUzpOUlNlY3RvckNhcnJpZXI6QjBBNkY3M0M1MzQ3MjM4NTNDQkRGMjFCMENGQTI2NDI=	476681437D680D90CF3B78E7114F7F21	F6D0FF2069F038FF64D072C818DD9BFD	25E690E22BDA90B9C4FEE1F083CBA597
BCC9DC05304B61096FEDEB9C0FCDBF32	SubNetwork=SolarSystem/SubNetwork=Earth/SubNetwork=Europe/SubNetwork=Hungary/NRSectorCarrier=44	1000	20	44	20	20	urn:base64:TlJDZWxsRFU6MUVGMzU2RTIzQTAwNjlENkE5N0FEODlFMEQ2QzA1Rjk6VVNFUzpOUlNlY3RvckNhcnJpZXI6QkNDOURDMDUzMDRCNjEwOTZGRURFQjlDMEZDREJGMzI=	urn:base64:TlJTZWN0b3JDYXJyaWVyOkJDQzlEQzA1MzA0QjYxMDk2RkVERUI5QzBGQ0RCRjMyOlVTRVM6QW50ZW5uYUNhcGFiaWxpdHk6QzVDNTk4NTExQzc1MTQwNjFFODZEQTI0RjhEQjM1OUQ=	urn:base64:R05CRFVGdW5jdGlvbjoyNUU2OTBFMjJCREE5MEI5QzRGRUUxRjA4M0NCQTU5NzpQUk9WSURFUzpOUlNlY3RvckNhcnJpZXI6QkNDOURDMDUzMDRCNjEwOTZGRURFQjlDMEZDREJGMzI=	1EF356E23A0069D6A97AD89E0D6C05F9	C5C598511C7514061E86DA24F8DB359D	25E690E22BDA90B9C4FEE1F083CBA597
85207C734C32180D07026CD931FDB7F6	SubNetwork=SolarSystem/SubNetwork=Earth/SubNetwork=Europe/SubNetwork=Hungary/NRSectorCarrier=45	1000	20	45	20	20	urn:base64:TlJDZWxsRFU6NjA3ODZERDVCODlGNDA1Q0EzRjg0M0U1REQyRUFDQTY6VVNFUzpOUlNlY3RvckNhcnJpZXI6ODUyMDdDNzM0QzMyMTgwRDA3MDI2Q0Q5MzFGREI3RjY=	urn:base64:TlJTZWN0b3JDYXJyaWVyOjg1MjA3QzczNEMzMjE4MEQwNzAyNkNEOTMxRkRCN0Y2OlVTRVM6QW50ZW5uYUNhcGFiaWxpdHk6MTM4NzZGRUNFRURGNDVBRTREQ0E4QzM5M0U0NzgyMzc=	urn:base64:R05CRFVGdW5jdGlvbjoyNUU2OTBFMjJCREE5MEI5QzRGRUUxRjA4M0NCQTU5NzpQUk9WSURFUzpOUlNlY3RvckNhcnJpZXI6ODUyMDdDNzM0QzMyMTgwRDA3MDI2Q0Q5MzFGREI3RjY=	60786DD5B89F405CA3F843E5DD2EACA6	13876FECEEDF45AE4DCA8C393E478237	25E690E22BDA90B9C4FEE1F083CBA597
038A46775C277265E4EACF0E7790F7B4	SubNetwork=SolarSystem/SubNetwork=Earth/SubNetwork=Europe/SubNetwork=Hungary/NRSectorCarrier=46	1000	20	46	20	20	urn:base64:TlJDZWxsRFU6RjBGNEU3MzM1RTE1NTQwRjI3ODQ2NjVEMUE0OUFBNkI6VVNFUzpOUlNlY3RvckNhcnJpZXI6MDM4QTQ2Nzc1QzI3NzI2NUU0RUFDRjBFNzc5MEY3QjQ=	urn:base64:TlJTZWN0b3JDYXJyaWVyOjAzOEE0Njc3NUMyNzcyNjVFNEVBQ0YwRTc3OTBGN0I0OlVTRVM6QW50ZW5uYUNhcGFiaWxpdHk6MDA4MzM5MDM4OTFEMDdEMDYyOEUwM0ZGNDQ2M0ExNEE=	urn:base64:R05CRFVGdW5jdGlvbjo1QTMwODVDMzQwMEMzMDk2RTJFRDIzMjE0NTI3NjZCMTpQUk9WSURFUzpOUlNlY3RvckNhcnJpZXI6MDM4QTQ2Nzc1QzI3NzI2NUU0RUFDRjBFNzc5MEY3QjQ=	F0F4E7335E15540F2784665D1A49AA6B	00833903891D07D0628E03FF4463A14A	5A3085C3400C3096E2ED2321452766B1
C28615FC40FD89A29BC257C53846EC1B	SubNetwork=SolarSystem/SubNetwork=Earth/SubNetwork=Europe/SubNetwork=Hungary/NRSectorCarrier=47	1000	20	47	20	20	urn:base64:TlJDZWxsRFU6NThEOTlDNkNBRDBFMDI3NjMyQzVDQzJGQTVDMzhEQjQ6VVNFUzpOUlNlY3RvckNhcnJpZXI6QzI4NjE1RkM0MEZEODlBMjlCQzI1N0M1Mzg0NkVDMUI=	urn:base64:TlJTZWN0b3JDYXJyaWVyOkMyODYxNUZDNDBGRDg5QTI5QkMyNTdDNTM4NDZFQzFCOlVTRVM6QW50ZW5uYUNhcGFiaWxpdHk6QzRBMjgzRUVGRDVGMTQ2M0I3RUUwQ0E3ODI0MDlERkI=	urn:base64:R05CRFVGdW5jdGlvbjo1QTMwODVDMzQwMEMzMDk2RTJFRDIzMjE0NTI3NjZCMTpQUk9WSURFUzpOUlNlY3RvckNhcnJpZXI6QzI4NjE1RkM0MEZEODlBMjlCQzI1N0M1Mzg0NkVDMUI=	58D99C6CAD0E027632C5CC2FA5C38DB4	C4A283EEFD5F1463B7EE0CA782409DFB	5A3085C3400C3096E2ED2321452766B1
BF3233CB2F106EC2E4C25BDCFB30D7EE	SubNetwork=SolarSystem/SubNetwork=Earth/SubNetwork=Europe/SubNetwork=Hungary/NRSectorCarrier=48	1000	20	48	20	20	urn:base64:TlJDZWxsRFU6RUNFQzY2NDY0MTk5NDcwNENFNkE0MjIyQUEzMEVFNzg6VVNFUzpOUlNlY3RvckNhcnJpZXI6QkYzMjMzQ0IyRjEwNkVDMkU0QzI1QkRDRkIzMEQ3RUU=	urn:base64:TlJTZWN0b3JDYXJyaWVyOkJGMzIzM0NCMkYxMDZFQzJFNEMyNUJEQ0ZCMzBEN0VFOlVTRVM6QW50ZW5uYUNhcGFiaWxpdHk6QUZGRUFGMUQwRjJEMzA1MjRDNDlCQTg2RDUyRjM5RUU=	urn:base64:R05CRFVGdW5jdGlvbjo1QTMwODVDMzQwMEMzMDk2RTJFRDIzMjE0NTI3NjZCMTpQUk9WSURFUzpOUlNlY3RvckNhcnJpZXI6QkYzMjMzQ0IyRjEwNkVDMkU0QzI1QkRDRkIzMEQ3RUU=	ECEC664641994704CE6A4222AA30EE78	AFFEAF1D0F2D30524C49BA86D52F39EE	5A3085C3400C3096E2ED2321452766B1
22361310BFA331208A86E1F995A14DA8	SubNetwork=SolarSystem/SubNetwork=Earth/SubNetwork=Europe/SubNetwork=Hungary/NRSectorCarrier=49	1000	20	49	20	20	urn:base64:TlJDZWxsRFU6NjFDOUEzQjVFMjQ0MjRGM0MyMUU3RTcwMkY4MUNDOTI6VVNFUzpOUlNlY3RvckNhcnJpZXI6MjIzNjEzMTBCRkEzMzEyMDhBODZFMUY5OTVBMTREQTg=	urn:base64:TlJTZWN0b3JDYXJyaWVyOjIyMzYxMzEwQkZBMzMxMjA4QTg2RTFGOTk1QTE0REE4OlVTRVM6QW50ZW5uYUNhcGFiaWxpdHk6RTJBMTNDRjU2QzBFMTg3QzYyRkY5NzE2QkIwRkNFRDY=	urn:base64:R05CRFVGdW5jdGlvbjo1QTMwODVDMzQwMEMzMDk2RTJFRDIzMjE0NTI3NjZCMTpQUk9WSURFUzpOUlNlY3RvckNhcnJpZXI6MjIzNjEzMTBCRkEzMzEyMDhBODZFMUY5OTVBMTREQTg=	61C9A3B5E24424F3C21E7E702F81CC92	E2A13CF56C0E187C62FF9716BB0FCED6	5A3085C3400C3096E2ED2321452766B1
93F359E5525EC94925936A3E372E7D9B	SubNetwork=SolarSystem/SubNetwork=Earth/SubNetwork=Europe/SubNetwork=Hungary/NRSectorCarrier=50	1000	20	50	20	20	urn:base64:TlJDZWxsRFU6MzQwRjE3MDA3MUQ3OEFDQTNGNEU1M0FDRUUxRjJGNDk6VVNFUzpOUlNlY3RvckNhcnJpZXI6OTNGMzU5RTU1MjVFQzk0OTI1OTM2QTNFMzcyRTdEOUI=	urn:base64:TlJTZWN0b3JDYXJyaWVyOjkzRjM1OUU1NTI1RUM5NDkyNTkzNkEzRTM3MkU3RDlCOlVTRVM6QW50ZW5uYUNhcGFiaWxpdHk6RTNFMUZCMzFGQjVGNEZCMUNBODA4MDM2NDc0QkREOTU=	urn:base64:R05CRFVGdW5jdGlvbjo1QTMwODVDMzQwMEMzMDk2RTJFRDIzMjE0NTI3NjZCMTpQUk9WSURFUzpOUlNlY3RvckNhcnJpZXI6OTNGMzU5RTU1MjVFQzk0OTI1OTM2QTNFMzcyRTdEOUI=	340F170071D78ACA3F4E53ACEE1F2F49	E3E1FB31FB5F4FB1CA808036474BDD95	5A3085C3400C3096E2ED2321452766B1
95C1DFA87C196F8C4DD47D0F3EFF53CA	SubNetwork=SolarSystem/SubNetwork=Earth/SubNetwork=Europe/SubNetwork=Hungary/NRSectorCarrier=51	1000	20	51	20	20	urn:base64:TlJDZWxsRFU6MzI1MjE5NTNBQTI1NTVCQ0NGNjcxRkM2NTQ0RjQ1OEE6VVNFUzpOUlNlY3RvckNhcnJpZXI6OTVDMURGQTg3QzE5NkY4QzRERDQ3RDBGM0VGRjUzQ0E=	urn:base64:TlJTZWN0b3JDYXJyaWVyOjk1QzFERkE4N0MxOTZGOEM0REQ0N0QwRjNFRkY1M0NBOlVTRVM6QW50ZW5uYUNhcGFiaWxpdHk6NTc2OUMwMjZENzk5M0M2NjZDNDU1MzVFREQ4QzNFQUQ=	urn:base64:R05CRFVGdW5jdGlvbjo1QTMwODVDMzQwMEMzMDk2RTJFRDIzMjE0NTI3NjZCMTpQUk9WSURFUzpOUlNlY3RvckNhcnJpZXI6OTVDMURGQTg3QzE5NkY4QzRERDQ3RDBGM0VGRjUzQ0E=	32521953AA2555BCCF671FC6544F458A	5769C026D7993C666C45535EDD8C3EAD	5A3085C3400C3096E2ED2321452766B1
3FF49FD0BB880CA73E8C9116E3B61EE6	SubNetwork=SolarSystem/SubNetwork=Earth/SubNetwork=Europe/SubNetwork=Hungary/NRSectorCarrier=52	1000	20	52	20	20	urn:base64:TlJDZWxsRFU6N0Q2QTREMDU4QjRENzdEQTM5RkNEQzJGQzlBMUI3OEE6VVNFUzpOUlNlY3RvckNhcnJpZXI6M0ZGNDlGRDBCQjg4MENBNzNFOEM5MTE2RTNCNjFFRTY=	urn:base64:TlJTZWN0b3JDYXJyaWVyOjNGRjQ5RkQwQkI4ODBDQTczRThDOTExNkUzQjYxRUU2OlVTRVM6QW50ZW5uYUNhcGFiaWxpdHk6MkEzMjQ3NUVGNEY0QUI0MTkwNEI1QUFBQThGRjJDQTE=	urn:base64:R05CRFVGdW5jdGlvbjo1QTMwODVDMzQwMEMzMDk2RTJFRDIzMjE0NTI3NjZCMTpQUk9WSURFUzpOUlNlY3RvckNhcnJpZXI6M0ZGNDlGRDBCQjg4MENBNzNFOEM5MTE2RTNCNjFFRTY=	7D6A4D058B4D77DA39FCDC2FC9A1B78A	2A32475EF4F4AB41904B5AAAA8FF2CA1	5A3085C3400C3096E2ED2321452766B1
762BE1E7378F160158F6FF5D7052BAB4	SubNetwork=SolarSystem/SubNetwork=Earth/SubNetwork=Europe/SubNetwork=Hungary/NRSectorCarrier=53	1000	20	53	20	20	urn:base64:TlJDZWxsRFU6MjdGNzU3N0JDRjA4Q0UzQjRGMUE0MDExRkNFRTY5M0M6VVNFUzpOUlNlY3RvckNhcnJpZXI6NzYyQkUxRTczNzhGMTYwMTU4RjZGRjVENzA1MkJBQjQ=	urn:base64:TlJTZWN0b3JDYXJyaWVyOjc2MkJFMUU3Mzc4RjE2MDE1OEY2RkY1RDcwNTJCQUI0OlVTRVM6QW50ZW5uYUNhcGFiaWxpdHk6RUIxMzAxQkEyMkUwNjkxMTE0QTIzNDQ1MzIzQjY0OUI=	urn:base64:R05CRFVGdW5jdGlvbjo1QTMwODVDMzQwMEMzMDk2RTJFRDIzMjE0NTI3NjZCMTpQUk9WSURFUzpOUlNlY3RvckNhcnJpZXI6NzYyQkUxRTczNzhGMTYwMTU4RjZGRjVENzA1MkJBQjQ=	27F7577BCF08CE3B4F1A4011FCEE693C	EB1301BA22E0691114A23445323B649B	5A3085C3400C3096E2ED2321452766B1
60B08A9ECA8793B724689C58B535A512	SubNetwork=SolarSystem/SubNetwork=Earth/SubNetwork=Europe/SubNetwork=Hungary/NRSectorCarrier=54	1000	20	54	20	20	urn:base64:TlJDZWxsRFU6MDMyN0M3RjJCRkIzODZCOUM5MUM4RjkzQzcwRjRCMEY6VVNFUzpOUlNlY3RvckNhcnJpZXI6NjBCMDhBOUVDQTg3OTNCNzI0Njg5QzU4QjUzNUE1MTI=	urn:base64:TlJTZWN0b3JDYXJyaWVyOjYwQjA4QTlFQ0E4NzkzQjcyNDY4OUM1OEI1MzVBNTEyOlVTRVM6QW50ZW5uYUNhcGFiaWxpdHk6Mjg1QTc1OTBDRUMwQkM0NkYwQzFBOEEzRDFBQTJCQTU=	urn:base64:R05CRFVGdW5jdGlvbjo1QTMwODVDMzQwMEMzMDk2RTJFRDIzMjE0NTI3NjZCMTpQUk9WSURFUzpOUlNlY3RvckNhcnJpZXI6NjBCMDhBOUVDQTg3OTNCNzI0Njg5QzU4QjUzNUE1MTI=	0327C7F2BFB386B9C91C8F93C70F4B0F	285A7590CEC0BC46F0C1A8A3D1AA2BA5	5A3085C3400C3096E2ED2321452766B1
9EBF76D73DA1DBD1A03B2767260AFB68	SubNetwork=SolarSystem/SubNetwork=Earth/SubNetwork=Europe/SubNetwork=Hungary/NRSectorCarrier=55	1000	20	55	20	20	urn:base64:TlJDZWxsRFU6NDI3OUE4NUE3NkNCQjI1NkUwRTRDMkJCQ0I3OEZCQ0I6VVNFUzpOUlNlY3RvckNhcnJpZXI6OUVCRjc2RDczREExREJEMUEwM0IyNzY3MjYwQUZCNjg=	urn:base64:TlJTZWN0b3JDYXJyaWVyOjlFQkY3NkQ3M0RBMURCRDFBMDNCMjc2NzI2MEFGQjY4OlVTRVM6QW50ZW5uYUNhcGFiaWxpdHk6QzYwNkFGMUExQUM1QTk2QTQzQjBCOEVCRkMxQjA0N0M=	urn:base64:R05CRFVGdW5jdGlvbjo3RjE2RjkzRDg4MTZEOUVCQzc2RTUyQkI0NEEzQ0ZGNTpQUk9WSURFUzpOUlNlY3RvckNhcnJpZXI6OUVCRjc2RDczREExREJEMUEwM0IyNzY3MjYwQUZCNjg=	4279A85A76CBB256E0E4C2BBCB78FBCB	C606AF1A1AC5A96A43B0B8EBFC1B047C	7F16F93D8816D9EBC76E52BB44A3CFF5
C8642E19317492BB0B99A217414605BE	SubNetwork=SolarSystem/SubNetwork=Earth/SubNetwork=Europe/SubNetwork=Hungary/NRSectorCarrier=56	1000	20	56	20	20	urn:base64:TlJDZWxsRFU6MjJDQzJGNzdCQzBEMTc1OEU0QUM5MEQwODQ0RUIwRkE6VVNFUzpOUlNlY3RvckNhcnJpZXI6Qzg2NDJFMTkzMTc0OTJCQjBCOTlBMjE3NDE0NjA1QkU=	urn:base64:TlJTZWN0b3JDYXJyaWVyOkM4NjQyRTE5MzE3NDkyQkIwQjk5QTIxNzQxNDYwNUJFOlVTRVM6QW50ZW5uYUNhcGFiaWxpdHk6NDBGQjU0ODE0MDJEQ0U4QUQ2QjNCMDM1N0IwMENGODI=	urn:base64:R05CRFVGdW5jdGlvbjo3RjE2RjkzRDg4MTZEOUVCQzc2RTUyQkI0NEEzQ0ZGNTpQUk9WSURFUzpOUlNlY3RvckNhcnJpZXI6Qzg2NDJFMTkzMTc0OTJCQjBCOTlBMjE3NDE0NjA1QkU=	22CC2F77BC0D1758E4AC90D0844EB0FA	40FB5481402DCE8AD6B3B0357B00CF82	7F16F93D8816D9EBC76E52BB44A3CFF5
002FF41FF01735718EFB3F7171B39D81	SubNetwork=SolarSystem/SubNetwork=Earth/SubNetwork=Europe/SubNetwork=Hungary/NRSectorCarrier=57	1000	20	57	20	20	urn:base64:TlJDZWxsRFU6RUJBRTk2QzQwMjc0MkI0QkNCQTA2MDhBREMyMzI1MUE6VVNFUzpOUlNlY3RvckNhcnJpZXI6MDAyRkY0MUZGMDE3MzU3MThFRkIzRjcxNzFCMzlEODE=	urn:base64:TlJTZWN0b3JDYXJyaWVyOjAwMkZGNDFGRjAxNzM1NzE4RUZCM0Y3MTcxQjM5RDgxOlVTRVM6QW50ZW5uYUNhcGFiaWxpdHk6RkQ4RjNERThCOEFGMkZEMTAyRjM5RDBFRDg5QjM3MTQ=	urn:base64:R05CRFVGdW5jdGlvbjo3RjE2RjkzRDg4MTZEOUVCQzc2RTUyQkI0NEEzQ0ZGNTpQUk9WSURFUzpOUlNlY3RvckNhcnJpZXI6MDAyRkY0MUZGMDE3MzU3MThFRkIzRjcxNzFCMzlEODE=	EBAE96C402742B4BCBA0608ADC23251A	FD8F3DE8B8AF2FD102F39D0ED89B3714	7F16F93D8816D9EBC76E52BB44A3CFF5
CB9E427C06705864073AA7D78A7A3B02	SubNetwork=SolarSystem/SubNetwork=Earth/SubNetwork=Europe/SubNetwork=Hungary/NRSectorCarrier=58	1000	20	58	20	20	urn:base64:TlJDZWxsRFU6QjA0RUQ0MDU0RkYxMjRFNDYwODFDRTU5NjhCMTdDQjk6VVNFUzpOUlNlY3RvckNhcnJpZXI6Q0I5RTQyN0MwNjcwNTg2NDA3M0FBN0Q3OEE3QTNCMDI=	urn:base64:TlJTZWN0b3JDYXJyaWVyOkNCOUU0MjdDMDY3MDU4NjQwNzNBQTdENzhBN0EzQjAyOlVTRVM6QW50ZW5uYUNhcGFiaWxpdHk6NUNFQTI0NzBEOTlBOEEyQkIzRUQ5MEJDMTVEQjExNDA=	urn:base64:R05CRFVGdW5jdGlvbjo3RjE2RjkzRDg4MTZEOUVCQzc2RTUyQkI0NEEzQ0ZGNTpQUk9WSURFUzpOUlNlY3RvckNhcnJpZXI6Q0I5RTQyN0MwNjcwNTg2NDA3M0FBN0Q3OEE3QTNCMDI=	B04ED4054FF124E46081CE5968B17CB9	5CEA2470D99A8A2BB3ED90BC15DB1140	7F16F93D8816D9EBC76E52BB44A3CFF5
60EA4CECF73A4A866DDD77235AA9D79C	SubNetwork=SolarSystem/SubNetwork=Earth/SubNetwork=Europe/SubNetwork=Hungary/NRSectorCarrier=59	1000	20	59	20	20	urn:base64:TlJDZWxsRFU6OEVDMjE3RDIyOEJBOTE3NUEyRTczMzU4NjY1QjVEM0U6VVNFUzpOUlNlY3RvckNhcnJpZXI6NjBFQTRDRUNGNzNBNEE4NjZEREQ3NzIzNUFBOUQ3OUM=	urn:base64:TlJTZWN0b3JDYXJyaWVyOjYwRUE0Q0VDRjczQTRBODY2RERENzcyMzVBQTlENzlDOlVTRVM6QW50ZW5uYUNhcGFiaWxpdHk6NkEyM0E4QjhCNUFDRUE3NzVENkU5OEJBQzE1MzQzNzM=	urn:base64:R05CRFVGdW5jdGlvbjo3RjE2RjkzRDg4MTZEOUVCQzc2RTUyQkI0NEEzQ0ZGNTpQUk9WSURFUzpOUlNlY3RvckNhcnJpZXI6NjBFQTRDRUNGNzNBNEE4NjZEREQ3NzIzNUFBOUQ3OUM=	8EC217D228BA9175A2E73358665B5D3E	6A23A8B8B5ACEA775D6E98BAC1534373	7F16F93D8816D9EBC76E52BB44A3CFF5
D79B52CD8D1C0534158B2DF8C68D25D4	SubNetwork=SolarSystem/SubNetwork=Earth/SubNetwork=Europe/SubNetwork=Hungary/NRSectorCarrier=60	1000	20	60	20	20	urn:base64:TlJDZWxsRFU6N0M5NzA3QjFFQUQzMTY4N0Q1NkRGQTA4QTc2NTYzODY6VVNFUzpOUlNlY3RvckNhcnJpZXI6RDc5QjUyQ0Q4RDFDMDUzNDE1OEIyREY4QzY4RDI1RDQ=	urn:base64:TlJTZWN0b3JDYXJyaWVyOkQ3OUI1MkNEOEQxQzA1MzQxNThCMkRGOEM2OEQyNUQ0OlVTRVM6QW50ZW5uYUNhcGFiaWxpdHk6MUQyNzNGREQ0NTYxOENCRDQzOEQwMDgzODczMzE0RDU=	urn:base64:R05CRFVGdW5jdGlvbjo3RjE2RjkzRDg4MTZEOUVCQzc2RTUyQkI0NEEzQ0ZGNTpQUk9WSURFUzpOUlNlY3RvckNhcnJpZXI6RDc5QjUyQ0Q4RDFDMDUzNDE1OEIyREY4QzY4RDI1RDQ=	7C9707B1EAD31687D56DFA08A7656386	1D273FDD45618CBD438D0083873314D5	7F16F93D8816D9EBC76E52BB44A3CFF5
9504ECC61014E4CC3B7D59B2419EC7F5	SubNetwork=SolarSystem/SubNetwork=Earth/SubNetwork=Europe/SubNetwork=Hungary/NRSectorCarrier=61	1000	20	61	20	20	urn:base64:TlJDZWxsRFU6MDIzRkM0NUFGNTQwQUZDQTMyMDVEODQ2RDA3QzA0OEI6VVNFUzpOUlNlY3RvckNhcnJpZXI6OTUwNEVDQzYxMDE0RTRDQzNCN0Q1OUIyNDE5RUM3RjU=	urn:base64:TlJTZWN0b3JDYXJyaWVyOjk1MDRFQ0M2MTAxNEU0Q0MzQjdENTlCMjQxOUVDN0Y1OlVTRVM6QW50ZW5uYUNhcGFiaWxpdHk6RTA3Rjc2RUVGQTNGNkQxQTUwODNDOTlGM0QyMDJDQ0Q=	urn:base64:R05CRFVGdW5jdGlvbjo3RjE2RjkzRDg4MTZEOUVCQzc2RTUyQkI0NEEzQ0ZGNTpQUk9WSURFUzpOUlNlY3RvckNhcnJpZXI6OTUwNEVDQzYxMDE0RTRDQzNCN0Q1OUIyNDE5RUM3RjU=	023FC45AF540AFCA3205D846D07C048B	E07F76EEFA3F6D1A5083C99F3D202CCD	7F16F93D8816D9EBC76E52BB44A3CFF5
C118C7F37F4D6DD5269518496F58278B	SubNetwork=SolarSystem/SubNetwork=Earth/SubNetwork=Europe/SubNetwork=Hungary/NRSectorCarrier=62	1000	20	62	20	20	urn:base64:TlJDZWxsRFU6QjQ2NTU4RURCMUNCMjcxODZCRTMxRDNGQTU0ODU2RjA6VVNFUzpOUlNlY3RvckNhcnJpZXI6QzExOEM3RjM3RjRENkRENTI2OTUxODQ5NkY1ODI3OEI=	urn:base64:TlJTZWN0b3JDYXJyaWVyOkMxMThDN0YzN0Y0RDZERDUyNjk1MTg0OTZGNTgyNzhCOlVTRVM6QW50ZW5uYUNhcGFiaWxpdHk6MTczMzg4Nzg1Q0I0NzYxQjE1NEY0NDhBRTYzNzJBREM=	urn:base64:R05CRFVGdW5jdGlvbjo3RjE2RjkzRDg4MTZEOUVCQzc2RTUyQkI0NEEzQ0ZGNTpQUk9WSURFUzpOUlNlY3RvckNhcnJpZXI6QzExOEM3RjM3RjRENkRENTI2OTUxODQ5NkY1ODI3OEI=	B46558EDB1CB27186BE31D3FA54856F0	173388785CB4761B154F448AE6372ADC	7F16F93D8816D9EBC76E52BB44A3CFF5
F50176FD7602FBD61BB1783C39F32337	SubNetwork=SolarSystem/SubNetwork=Earth/SubNetwork=Europe/SubNetwork=Hungary/NRSectorCarrier=63	1000	20	63	20	20	urn:base64:TlJDZWxsRFU6QzVDRDQyRUY2MDhDQjkzRjRBRUYwRTQ3MzI5REY0MTc6VVNFUzpOUlNlY3RvckNhcnJpZXI6RjUwMTc2RkQ3NjAyRkJENjFCQjE3ODNDMzlGMzIzMzc=	urn:base64:TlJTZWN0b3JDYXJyaWVyOkY1MDE3NkZENzYwMkZCRDYxQkIxNzgzQzM5RjMyMzM3OlVTRVM6QW50ZW5uYUNhcGFiaWxpdHk6QUExN0NFMTUwNENENDUxMjEyMTI2N0MyMjAzNDYyMEE=	urn:base64:R05CRFVGdW5jdGlvbjo3RjE2RjkzRDg4MTZEOUVCQzc2RTUyQkI0NEEzQ0ZGNTpQUk9WSURFUzpOUlNlY3RvckNhcnJpZXI6RjUwMTc2RkQ3NjAyRkJENjFCQjE3ODNDMzlGMzIzMzc=	C5CD42EF608CB93F4AEF0E47329DF417	AA17CE1504CD4512121267C22034620A	7F16F93D8816D9EBC76E52BB44A3CFF5
5A4EEB021CBB4A07BBE87E795CF81B7A	SubNetwork=SolarSystem/SubNetwork=Earth/SubNetwork=Europe/SubNetwork=Hungary/NRSectorCarrier=64	1000	20	64	20	20	urn:base64:TlJDZWxsRFU6REE0OTJEQTE1NTlGQzc1OTVEMDdERkY1M0FERDM4QUQ6VVNFUzpOUlNlY3RvckNhcnJpZXI6NUE0RUVCMDIxQ0JCNEEwN0JCRTg3RTc5NUNGODFCN0E=	urn:base64:TlJTZWN0b3JDYXJyaWVyOjVBNEVFQjAyMUNCQjRBMDdCQkU4N0U3OTVDRjgxQjdBOlVTRVM6QW50ZW5uYUNhcGFiaWxpdHk6NTQyRDU2MkU3MkM4MDI1REQ1NjBENzE4RkZERTFENDU=	urn:base64:R05CRFVGdW5jdGlvbjo1QTU0OEVBOUQxNjYzNDE3NzZDQTA2OTU4MzdFNTVEODpQUk9WSURFUzpOUlNlY3RvckNhcnJpZXI6NUE0RUVCMDIxQ0JCNEEwN0JCRTg3RTc5NUNGODFCN0E=	DA492DA1559FC7595D07DFF53ADD38AD	542D562E72C8025DD560D718FFDE1D45	5A548EA9D166341776CA0695837E55D8
E27E9E45BDB39E54A28C868A0A5ACD09	SubNetwork=SolarSystem/SubNetwork=Earth/SubNetwork=Europe/SubNetwork=Hungary/NRSectorCarrier=65	1000	20	65	20	20	urn:base64:TlJDZWxsRFU6OEU3OTRDM0UxRUVFNkVGOEI2OUMyNjhFMDY1NTNDOTE6VVNFUzpOUlNlY3RvckNhcnJpZXI6RTI3RTlFNDVCREIzOUU1NEEyOEM4NjhBMEE1QUNEMDk=	urn:base64:TlJTZWN0b3JDYXJyaWVyOkUyN0U5RTQ1QkRCMzlFNTRBMjhDODY4QTBBNUFDRDA5OlVTRVM6QW50ZW5uYUNhcGFiaWxpdHk6RTNDOTZCQTVEN0MwNzU1QTMwMTFEMTJBMzI5NzFCQTE=	urn:base64:R05CRFVGdW5jdGlvbjo1QTU0OEVBOUQxNjYzNDE3NzZDQTA2OTU4MzdFNTVEODpQUk9WSURFUzpOUlNlY3RvckNhcnJpZXI6RTI3RTlFNDVCREIzOUU1NEEyOEM4NjhBMEE1QUNEMDk=	8E794C3E1EEE6EF8B69C268E06553C91	E3C96BA5D7C0755A3011D12A32971BA1	5A548EA9D166341776CA0695837E55D8
115E21696AADCAA2F2B2E30861861796	SubNetwork=SolarSystem/SubNetwork=Earth/SubNetwork=Europe/SubNetwork=Hungary/NRSectorCarrier=66	1000	20	66	20	20	urn:base64:TlJDZWxsRFU6QzJFMEI5MTEzQ0VBQzkxREY1RTE4MkI0MzFENTY3ODg6VVNFUzpOUlNlY3RvckNhcnJpZXI6MTE1RTIxNjk2QUFEQ0FBMkYyQjJFMzA4NjE4NjE3OTY=	urn:base64:TlJTZWN0b3JDYXJyaWVyOjExNUUyMTY5NkFBRENBQTJGMkIyRTMwODYxODYxNzk2OlVTRVM6QW50ZW5uYUNhcGFiaWxpdHk6QjRDMzMzRUNEOTJBNzM1MUEzOEVFM0JDNTEwQjVEQTc=	urn:base64:R05CRFVGdW5jdGlvbjo1QTU0OEVBOUQxNjYzNDE3NzZDQTA2OTU4MzdFNTVEODpQUk9WSURFUzpOUlNlY3RvckNhcnJpZXI6MTE1RTIxNjk2QUFEQ0FBMkYyQjJFMzA4NjE4NjE3OTY=	C2E0B9113CEAC91DF5E182B431D56788	B4C333ECD92A7351A38EE3BC510B5DA7	5A548EA9D166341776CA0695837E55D8
8D48BFDE1001B30AE5DBD567A0977E28	SubNetwork=SolarSystem/SubNetwork=Earth/SubNetwork=Europe/SubNetwork=Hungary/NRSectorCarrier=67	1000	20	67	20	20	urn:base64:TlJDZWxsRFU6OEVCN0JBQ0IwODVGMUFBQzAyRTE4RUJBNjk0QUQ5RDk6VVNFUzpOUlNlY3RvckNhcnJpZXI6OEQ0OEJGREUxMDAxQjMwQUU1REJENTY3QTA5NzdFMjg=	urn:base64:TlJTZWN0b3JDYXJyaWVyOjhENDhCRkRFMTAwMUIzMEFFNURCRDU2N0EwOTc3RTI4OlVTRVM6QW50ZW5uYUNhcGFiaWxpdHk6NkY3NTExNkJCMjg5RUNEOEVCMUE5NjI1MkZEOEY3QzA=	urn:base64:R05CRFVGdW5jdGlvbjo1QTU0OEVBOUQxNjYzNDE3NzZDQTA2OTU4MzdFNTVEODpQUk9WSURFUzpOUlNlY3RvckNhcnJpZXI6OEQ0OEJGREUxMDAxQjMwQUU1REJENTY3QTA5NzdFMjg=	8EB7BACB085F1AAC02E18EBA694AD9D9	6F75116BB289ECD8EB1A96252FD8F7C0	5A548EA9D166341776CA0695837E55D8
1C1B57F8771B4B4ABA9BB6AE99D3432A	SubNetwork=SolarSystem/SubNetwork=Earth/SubNetwork=Europe/SubNetwork=Hungary/NRSectorCarrier=68	1000	20	68	20	20	urn:base64:TlJDZWxsRFU6RUNGMEM3QzdCREZGRTM5QjMyNjM3QzM5OTI0REExNDc6VVNFUzpOUlNlY3RvckNhcnJpZXI6MUMxQjU3Rjg3NzFCNEI0QUJBOUJCNkFFOTlEMzQzMkE=	urn:base64:TlJTZWN0b3JDYXJyaWVyOjFDMUI1N0Y4NzcxQjRCNEFCQTlCQjZBRTk5RDM0MzJBOlVTRVM6QW50ZW5uYUNhcGFiaWxpdHk6MTZCODcwNTExRkFBRjExODNGQzkyRTY0MUIyQzM4MDQ=	urn:base64:R05CRFVGdW5jdGlvbjo1QTU0OEVBOUQxNjYzNDE3NzZDQTA2OTU4MzdFNTVEODpQUk9WSURFUzpOUlNlY3RvckNhcnJpZXI6MUMxQjU3Rjg3NzFCNEI0QUJBOUJCNkFFOTlEMzQzMkE=	ECF0C7C7BDFFE39B32637C39924DA147	16B870511FAAF1183FC92E641B2C3804	5A548EA9D166341776CA0695837E55D8
EE48951D6D57E40EF435A9768D332F90	SubNetwork=SolarSystem/SubNetwork=Earth/SubNetwork=Europe/SubNetwork=Hungary/NRSectorCarrier=69	1000	20	69	20	20	urn:base64:TlJDZWxsRFU6RTM4MTYwMTNFMzc4RTkyODM3NzQzMzA5OENDNEM0OUY6VVNFUzpOUlNlY3RvckNhcnJpZXI6RUU0ODk1MUQ2RDU3RTQwRUY0MzVBOTc2OEQzMzJGOTA=	urn:base64:TlJTZWN0b3JDYXJyaWVyOkVFNDg5NTFENkQ1N0U0MEVGNDM1QTk3NjhEMzMyRjkwOlVTRVM6QW50ZW5uYUNhcGFiaWxpdHk6MkM3QUE4MDlDRDFBOTJGRDc0RUM0MTUxRDdDMTZBOEQ=	urn:base64:R05CRFVGdW5jdGlvbjo1QTU0OEVBOUQxNjYzNDE3NzZDQTA2OTU4MzdFNTVEODpQUk9WSURFUzpOUlNlY3RvckNhcnJpZXI6RUU0ODk1MUQ2RDU3RTQwRUY0MzVBOTc2OEQzMzJGOTA=	E3816013E378E928377433098CC4C49F	2C7AA809CD1A92FD74EC4151D7C16A8D	5A548EA9D166341776CA0695837E55D8
C28F7CEE3CB0BBFBF0C6F719FEC211BB	SubNetwork=SolarSystem/SubNetwork=Earth/SubNetwork=Europe/SubNetwork=Hungary/NRSectorCarrier=70	1000	20	70	20	20	urn:base64:TlJDZWxsRFU6Q0VDMzlBQzYyMEVEMTM5NzhGNzhDODAyMkUyMUNGOUU6VVNFUzpOUlNlY3RvckNhcnJpZXI6QzI4RjdDRUUzQ0IwQkJGQkYwQzZGNzE5RkVDMjExQkI=	urn:base64:TlJTZWN0b3JDYXJyaWVyOkMyOEY3Q0VFM0NCMEJCRkJGMEM2RjcxOUZFQzIxMUJCOlVTRVM6QW50ZW5uYUNhcGFiaWxpdHk6MkMyMUQxMDY5NDYwRjM1RkYzODk1MkYxMDUwREY3Q0M=	urn:base64:R05CRFVGdW5jdGlvbjo1QTU0OEVBOUQxNjYzNDE3NzZDQTA2OTU4MzdFNTVEODpQUk9WSURFUzpOUlNlY3RvckNhcnJpZXI6QzI4RjdDRUUzQ0IwQkJGQkYwQzZGNzE5RkVDMjExQkI=	CEC39AC620ED13978F78C8022E21CF9E	2C21D1069460F35FF38952F1050DF7CC	5A548EA9D166341776CA0695837E55D8
C5CF3C623988E715923D7886CB2466A6	SubNetwork=SolarSystem/SubNetwork=Earth/SubNetwork=Europe/SubNetwork=Hungary/NRSectorCarrier=71	1000	20	71	20	20	urn:base64:TlJDZWxsRFU6MzczNzIxRjg1QUM5MzM5QzUxN0M4ODk1QzI5RkY2MkE6VVNFUzpOUlNlY3RvckNhcnJpZXI6QzVDRjNDNjIzOTg4RTcxNTkyM0Q3ODg2Q0IyNDY2QTY=	urn:base64:TlJTZWN0b3JDYXJyaWVyOkM1Q0YzQzYyMzk4OEU3MTU5MjNENzg4NkNCMjQ2NkE2OlVTRVM6QW50ZW5uYUNhcGFiaWxpdHk6QUEzRUQwQzgyQTlGRTZENzQxMkI3QzU1OEE5NkNEQTU=	urn:base64:R05CRFVGdW5jdGlvbjo1QTU0OEVBOUQxNjYzNDE3NzZDQTA2OTU4MzdFNTVEODpQUk9WSURFUzpOUlNlY3RvckNhcnJpZXI6QzVDRjNDNjIzOTg4RTcxNTkyM0Q3ODg2Q0IyNDY2QTY=	373721F85AC9339C517C8895C29FF62A	AA3ED0C82A9FE6D7412B7C558A96CDA5	5A548EA9D166341776CA0695837E55D8
6F3BF87603496381A0AA401D9AC6B915	SubNetwork=SolarSystem/SubNetwork=Earth/SubNetwork=Europe/SubNetwork=Hungary/NRSectorCarrier=72	1000	20	72	20	20	urn:base64:TlJDZWxsRFU6MDc2OTFCOEQ1REY3Q0I3NzNCNjM1OTlEMTE4RTNFRkI6VVNFUzpOUlNlY3RvckNhcnJpZXI6NkYzQkY4NzYwMzQ5NjM4MUEwQUE0MDFEOUFDNkI5MTU=	urn:base64:TlJTZWN0b3JDYXJyaWVyOjZGM0JGODc2MDM0OTYzODFBMEFBNDAxRDlBQzZCOTE1OlVTRVM6QW50ZW5uYUNhcGFiaWxpdHk6QjVEMzY5MDVDODdEQTYzNjYxMUMxMzcxNTk3MjdDRUU=	urn:base64:R05CRFVGdW5jdGlvbjo1QTU0OEVBOUQxNjYzNDE3NzZDQTA2OTU4MzdFNTVEODpQUk9WSURFUzpOUlNlY3RvckNhcnJpZXI6NkYzQkY4NzYwMzQ5NjM4MUEwQUE0MDFEOUFDNkI5MTU=	07691B8D5DF7CB773B63599D118E3EFB	B5D36905C87DA636611C137159727CEE	5A548EA9D166341776CA0695837E55D8
5ECA43F7689D63684649BD90D40B79DD	SubNetwork=SolarSystem/SubNetwork=Earth/SubNetwork=Europe/SubNetwork=Hungary/NRSectorCarrier=73	1000	20	73	20	20	urn:base64:TlJDZWxsRFU6MTM4Q0UzQjIxQzgwNTM2NzVFMEVCREM0MUMzNkU5OUQ6VVNFUzpOUlNlY3RvckNhcnJpZXI6NUVDQTQzRjc2ODlENjM2ODQ2NDlCRDkwRDQwQjc5REQ=	urn:base64:TlJTZWN0b3JDYXJyaWVyOjVFQ0E0M0Y3Njg5RDYzNjg0NjQ5QkQ5MEQ0MEI3OUREOlVTRVM6QW50ZW5uYUNhcGFiaWxpdHk6M0VGNEM3MTM1NEVDNTI3QUIwMzNBM0ZCODIwRjQ4RTQ=	urn:base64:R05CRFVGdW5jdGlvbjo3RDgwRTVDNkUwQzlFQzI0NjM3MEU4NkI3RTUyNEY4QzpQUk9WSURFUzpOUlNlY3RvckNhcnJpZXI6NUVDQTQzRjc2ODlENjM2ODQ2NDlCRDkwRDQwQjc5REQ=	138CE3B21C8053675E0EBDC41C36E99D	3EF4C71354EC527AB033A3FB820F48E4	7D80E5C6E0C9EC246370E86B7E524F8C
FF661FEC250A16BBE36D49880E4C2429	SubNetwork=SolarSystem/SubNetwork=Earth/SubNetwork=Europe/SubNetwork=Hungary/NRSectorCarrier=74	1000	20	74	20	20	urn:base64:TlJDZWxsRFU6MUY3MDI4MDBEMUY3MzU5OTU4MjgzREJDQjQ1QzBERDA6VVNFUzpOUlNlY3RvckNhcnJpZXI6RkY2NjFGRUMyNTBBMTZCQkUzNkQ0OTg4MEU0QzI0Mjk=	urn:base64:TlJTZWN0b3JDYXJyaWVyOkZGNjYxRkVDMjUwQTE2QkJFMzZENDk4ODBFNEMyNDI5OlVTRVM6QW50ZW5uYUNhcGFiaWxpdHk6MEIzNjgxRjE5NTU4NEVGMTA1MUI5MTRFQjYzRUJCQ0I=	urn:base64:R05CRFVGdW5jdGlvbjo3RDgwRTVDNkUwQzlFQzI0NjM3MEU4NkI3RTUyNEY4QzpQUk9WSURFUzpOUlNlY3RvckNhcnJpZXI6RkY2NjFGRUMyNTBBMTZCQkUzNkQ0OTg4MEU0QzI0Mjk=	1F702800D1F7359958283DBCB45C0DD0	0B3681F195584EF1051B914EB63EBBCB	7D80E5C6E0C9EC246370E86B7E524F8C
B6372CE9CE6325BA1ADBDD0500C73B8E	SubNetwork=SolarSystem/SubNetwork=Earth/SubNetwork=Europe/SubNetwork=Hungary/NRSectorCarrier=75	1000	20	75	20	20	urn:base64:TlJDZWxsRFU6MENFMzMyMEU2QjQxRkMyM0I2QjBGQTRGRDIxMDNCMkM6VVNFUzpOUlNlY3RvckNhcnJpZXI6QjYzNzJDRTlDRTYzMjVCQTFBREJERDA1MDBDNzNCOEU=	urn:base64:TlJTZWN0b3JDYXJyaWVyOkI2MzcyQ0U5Q0U2MzI1QkExQURCREQwNTAwQzczQjhFOlVTRVM6QW50ZW5uYUNhcGFiaWxpdHk6NTlBNzdGQkJEQzhFMTgxOTc0MUU0NzI4NTk2QzQzNUM=	urn:base64:R05CRFVGdW5jdGlvbjo3RDgwRTVDNkUwQzlFQzI0NjM3MEU4NkI3RTUyNEY4QzpQUk9WSURFUzpOUlNlY3RvckNhcnJpZXI6QjYzNzJDRTlDRTYzMjVCQTFBREJERDA1MDBDNzNCOEU=	0CE3320E6B41FC23B6B0FA4FD2103B2C	59A77FBBDC8E1819741E4728596C435C	7D80E5C6E0C9EC246370E86B7E524F8C
7F4FDA4338069682CC88AD745CB6C63D	SubNetwork=SolarSystem/SubNetwork=Earth/SubNetwork=Europe/SubNetwork=Hungary/NRSectorCarrier=76	1000	20	76	20	20	urn:base64:TlJDZWxsRFU6OTIxMjBENUVFNUMwODg1RDdFNTA4NjBCRDA1NUExRUU6VVNFUzpOUlNlY3RvckNhcnJpZXI6N0Y0RkRBNDMzODA2OTY4MkNDODhBRDc0NUNCNkM2M0Q=	urn:base64:TlJTZWN0b3JDYXJyaWVyOjdGNEZEQTQzMzgwNjk2ODJDQzg4QUQ3NDVDQjZDNjNEOlVTRVM6QW50ZW5uYUNhcGFiaWxpdHk6QkRDOEU0RUFDNTNDOUMzOTgwMEI0QkRDMDMwOUM4QkI=	urn:base64:R05CRFVGdW5jdGlvbjo3RDgwRTVDNkUwQzlFQzI0NjM3MEU4NkI3RTUyNEY4QzpQUk9WSURFUzpOUlNlY3RvckNhcnJpZXI6N0Y0RkRBNDMzODA2OTY4MkNDODhBRDc0NUNCNkM2M0Q=	92120D5EE5C0885D7E50860BD055A1EE	BDC8E4EAC53C9C39800B4BDC0309C8BB	7D80E5C6E0C9EC246370E86B7E524F8C
E9D5351FA08CF470205691591A57971C	SubNetwork=SolarSystem/SubNetwork=Earth/SubNetwork=Europe/SubNetwork=Hungary/NRSectorCarrier=77	1000	20	77	20	20	urn:base64:TlJDZWxsRFU6RDcwNTU1NEU5ODEwMzQxMUIwMDVEMkUzQjRGNDJDODc6VVNFUzpOUlNlY3RvckNhcnJpZXI6RTlENTM1MUZBMDhDRjQ3MDIwNTY5MTU5MUE1Nzk3MUM=	urn:base64:TlJTZWN0b3JDYXJyaWVyOkU5RDUzNTFGQTA4Q0Y0NzAyMDU2OTE1OTFBNTc5NzFDOlVTRVM6QW50ZW5uYUNhcGFiaWxpdHk6MzczMzIyOTlCRTEzOTgxOTNGN0I3NDUyQzE2NTIxRjg=	urn:base64:R05CRFVGdW5jdGlvbjo3RDgwRTVDNkUwQzlFQzI0NjM3MEU4NkI3RTUyNEY4QzpQUk9WSURFUzpOUlNlY3RvckNhcnJpZXI6RTlENTM1MUZBMDhDRjQ3MDIwNTY5MTU5MUE1Nzk3MUM=	D705554E98103411B005D2E3B4F42C87	37332299BE1398193F7B7452C16521F8	7D80E5C6E0C9EC246370E86B7E524F8C
84C3806E28DDA395FB657466730E553F	SubNetwork=SolarSystem/SubNetwork=Earth/SubNetwork=Europe/SubNetwork=Hungary/NRSectorCarrier=78	1000	20	78	20	20	urn:base64:TlJDZWxsRFU6NDYyRUY0NkFBMUM3NjQxQTg1MTBDN0M2MUQ2MEM4QjE6VVNFUzpOUlNlY3RvckNhcnJpZXI6ODRDMzgwNkUyOEREQTM5NUZCNjU3NDY2NzMwRTU1M0Y=	urn:base64:TlJTZWN0b3JDYXJyaWVyOjg0QzM4MDZFMjhEREEzOTVGQjY1NzQ2NjczMEU1NTNGOlVTRVM6QW50ZW5uYUNhcGFiaWxpdHk6ODNCOEZDMzQwOUU5RTM0RjhENEIyMkNENTE0Q0MwNzg=	urn:base64:R05CRFVGdW5jdGlvbjo3RDgwRTVDNkUwQzlFQzI0NjM3MEU4NkI3RTUyNEY4QzpQUk9WSURFUzpOUlNlY3RvckNhcnJpZXI6ODRDMzgwNkUyOEREQTM5NUZCNjU3NDY2NzMwRTU1M0Y=	462EF46AA1C7641A8510C7C61D60C8B1	83B8FC3409E9E34F8D4B22CD514CC078	7D80E5C6E0C9EC246370E86B7E524F8C
245B2FAC3BB11B00FAE447CABE698904	SubNetwork=SolarSystem/SubNetwork=Earth/SubNetwork=Europe/SubNetwork=Hungary/NRSectorCarrier=79	1000	20	79	20	20	urn:base64:TlJDZWxsRFU6MjY4MjVEOUNBQTkxQkFDMzg5REVCREYzNTcyRUY0MDg6VVNFUzpOUlNlY3RvckNhcnJpZXI6MjQ1QjJGQUMzQkIxMUIwMEZBRTQ0N0NBQkU2OTg5MDQ=	urn:base64:TlJTZWN0b3JDYXJyaWVyOjI0NUIyRkFDM0JCMTFCMDBGQUU0NDdDQUJFNjk4OTA0OlVTRVM6QW50ZW5uYUNhcGFiaWxpdHk6NTg3QURCRDQ2RkEwQTc3MEUxQzNBQkEyMTBEQjU3RUQ=	urn:base64:R05CRFVGdW5jdGlvbjo3RDgwRTVDNkUwQzlFQzI0NjM3MEU4NkI3RTUyNEY4QzpQUk9WSURFUzpOUlNlY3RvckNhcnJpZXI6MjQ1QjJGQUMzQkIxMUIwMEZBRTQ0N0NBQkU2OTg5MDQ=	26825D9CAA91BAC389DEBDF3572EF408	587ADBD46FA0A770E1C3ABA210DB57ED	7D80E5C6E0C9EC246370E86B7E524F8C
42855D46C847C3A8495357891130264E	SubNetwork=SolarSystem/SubNetwork=Earth/SubNetwork=Europe/SubNetwork=Hungary/NRSectorCarrier=80	1000	20	80	20	20	urn:base64:TlJDZWxsRFU6MzNGODJERTkxODZGMTUzOUQyRUQ5ODgxOEY0MUEwQzI6VVNFUzpOUlNlY3RvckNhcnJpZXI6NDI4NTVENDZDODQ3QzNBODQ5NTM1Nzg5MTEzMDI2NEU=	urn:base64:TlJTZWN0b3JDYXJyaWVyOjQyODU1RDQ2Qzg0N0MzQTg0OTUzNTc4OTExMzAyNjRFOlVTRVM6QW50ZW5uYUNhcGFiaWxpdHk6NjA0QTIyQkZDNzJBOTYwMTE1RDZCMjFDM0YxODY4NDE=	urn:base64:R05CRFVGdW5jdGlvbjo3RDgwRTVDNkUwQzlFQzI0NjM3MEU4NkI3RTUyNEY4QzpQUk9WSURFUzpOUlNlY3RvckNhcnJpZXI6NDI4NTVENDZDODQ3QzNBODQ5NTM1Nzg5MTEzMDI2NEU=	33F82DE9186F1539D2ED98818F41A0C2	604A22BFC72A960115D6B21C3F186841	7D80E5C6E0C9EC246370E86B7E524F8C
03A4F1EB4E6F1981AA02DCD9A8433C93	SubNetwork=SolarSystem/SubNetwork=Earth/SubNetwork=Europe/SubNetwork=Hungary/NRSectorCarrier=81	1000	20	81	20	20	urn:base64:TlJDZWxsRFU6NDAxNzVBRjAwQTUyMjIxM0JBNjA1Mzc1MTlBNzE5Nzg6VVNFUzpOUlNlY3RvckNhcnJpZXI6MDNBNEYxRUI0RTZGMTk4MUFBMDJEQ0Q5QTg0MzNDOTM=	urn:base64:TlJTZWN0b3JDYXJyaWVyOjAzQTRGMUVCNEU2RjE5ODFBQTAyRENEOUE4NDMzQzkzOlVTRVM6QW50ZW5uYUNhcGFiaWxpdHk6MUQ0Q0JDNDNENjJBMDFCMjdGQTBDNzQ0MkY5QUQwRDg=	urn:base64:R05CRFVGdW5jdGlvbjo3RDgwRTVDNkUwQzlFQzI0NjM3MEU4NkI3RTUyNEY4QzpQUk9WSURFUzpOUlNlY3RvckNhcnJpZXI6MDNBNEYxRUI0RTZGMTk4MUFBMDJEQ0Q5QTg0MzNDOTM=	40175AF00A522213BA60537519A71978	1D4CBC43D62A01B27FA0C7442F9AD0D8	7D80E5C6E0C9EC246370E86B7E524F8C
BF8B10BD381DFC02FF35CAEF21FF8BF9	SubNetwork=SolarSystem/SubNetwork=Earth/SubNetwork=Europe/SubNetwork=Hungary/NRSectorCarrier=82	1000	20	82	20	20	urn:base64:TlJDZWxsRFU6RUE4NjA4ODQ1NEI3NDkxRkIzQkVGRERDQTVGRTA5N0Q6VVNFUzpOUlNlY3RvckNhcnJpZXI6QkY4QjEwQkQzODFERkMwMkZGMzVDQUVGMjFGRjhCRjk=	urn:base64:TlJTZWN0b3JDYXJyaWVyOkJGOEIxMEJEMzgxREZDMDJGRjM1Q0FFRjIxRkY4QkY5OlVTRVM6QW50ZW5uYUNhcGFiaWxpdHk6ODkyQkFFMEI0NTg2NUQzRjREQzc3NjY2MkJCMzc2NTQ=	urn:base64:R05CRFVGdW5jdGlvbjpCQkIzQzQyQTRGOEFDOTQwOTFCMjk3REY3MDhERDUwQjpQUk9WSURFUzpOUlNlY3RvckNhcnJpZXI6QkY4QjEwQkQzODFERkMwMkZGMzVDQUVGMjFGRjhCRjk=	EA86088454B7491FB3BEFDDCA5FE097D	892BAE0B45865D3F4DC776662BB37654	BBB3C42A4F8AC94091B297DF708DD50B
6D969214659F2A2CA9650AC208FBF457	SubNetwork=SolarSystem/SubNetwork=Earth/SubNetwork=Europe/SubNetwork=Hungary/NRSectorCarrier=83	1000	20	83	20	20	urn:base64:TlJDZWxsRFU6OUJDNjk5OEI4OEJBNEMxMDgxQ0Q1RjIxMTY4MUM5Q0Y6VVNFUzpOUlNlY3RvckNhcnJpZXI6NkQ5NjkyMTQ2NTlGMkEyQ0E5NjUwQUMyMDhGQkY0NTc=	urn:base64:TlJTZWN0b3JDYXJyaWVyOjZEOTY5MjE0NjU5RjJBMkNBOTY1MEFDMjA4RkJGNDU3OlVTRVM6QW50ZW5uYUNhcGFiaWxpdHk6RUUxRUFBRkRCODUyMDYyNTlBQTlEOUQ0QkEwMUJEQTI=	urn:base64:R05CRFVGdW5jdGlvbjpCQkIzQzQyQTRGOEFDOTQwOTFCMjk3REY3MDhERDUwQjpQUk9WSURFUzpOUlNlY3RvckNhcnJpZXI6NkQ5NjkyMTQ2NTlGMkEyQ0E5NjUwQUMyMDhGQkY0NTc=	9BC6998B88BA4C1081CD5F211681C9CF	EE1EAAFDB85206259AA9D9D4BA01BDA2	BBB3C42A4F8AC94091B297DF708DD50B
365071A0DFF5B78304D2FA88D0843FBB	SubNetwork=SolarSystem/SubNetwork=Earth/SubNetwork=Europe/SubNetwork=Hungary/NRSectorCarrier=84	1000	20	84	20	20	urn:base64:TlJDZWxsRFU6ODM3N0VDQTEzN0ZGMDE4Qzk3MTZDMDU4N0Y2MTcxODI6VVNFUzpOUlNlY3RvckNhcnJpZXI6MzY1MDcxQTBERkY1Qjc4MzA0RDJGQTg4RDA4NDNGQkI=	urn:base64:TlJTZWN0b3JDYXJyaWVyOjM2NTA3MUEwREZGNUI3ODMwNEQyRkE4OEQwODQzRkJCOlVTRVM6QW50ZW5uYUNhcGFiaWxpdHk6MTExQkQxMjNEQ0ExQjkzN0YwRTE1RTVCRUZERTA4RTk=	urn:base64:R05CRFVGdW5jdGlvbjpCQkIzQzQyQTRGOEFDOTQwOTFCMjk3REY3MDhERDUwQjpQUk9WSURFUzpOUlNlY3RvckNhcnJpZXI6MzY1MDcxQTBERkY1Qjc4MzA0RDJGQTg4RDA4NDNGQkI=	8377ECA137FF018C9716C0587F617182	111BD123DCA1B937F0E15E5BEFDE08E9	BBB3C42A4F8AC94091B297DF708DD50B
8307402BF7B31AF8574188E04561D3C8	SubNetwork=SolarSystem/SubNetwork=Earth/SubNetwork=Europe/SubNetwork=Hungary/NRSectorCarrier=85	1000	20	85	20	20	urn:base64:TlJDZWxsRFU6MTU4OTBFRjZEMjE5NkQ5RTIxRDcwQkRDRTJBQTNBNzc6VVNFUzpOUlNlY3RvckNhcnJpZXI6ODMwNzQwMkJGN0IzMUFGODU3NDE4OEUwNDU2MUQzQzg=	urn:base64:TlJTZWN0b3JDYXJyaWVyOjgzMDc0MDJCRjdCMzFBRjg1NzQxODhFMDQ1NjFEM0M4OlVTRVM6QW50ZW5uYUNhcGFiaWxpdHk6REY3ODM3RUVBQjY1QTA2ODU5MTEwMzY2RTVGNDUyOTc=	urn:base64:R05CRFVGdW5jdGlvbjpCQkIzQzQyQTRGOEFDOTQwOTFCMjk3REY3MDhERDUwQjpQUk9WSURFUzpOUlNlY3RvckNhcnJpZXI6ODMwNzQwMkJGN0IzMUFGODU3NDE4OEUwNDU2MUQzQzg=	15890EF6D2196D9E21D70BDCE2AA3A77	DF7837EEAB65A06859110366E5F45297	BBB3C42A4F8AC94091B297DF708DD50B
9815C219A506825B396777C746C32CE8	SubNetwork=SolarSystem/SubNetwork=Earth/SubNetwork=Europe/SubNetwork=Hungary/NRSectorCarrier=86	1000	20	86	20	20	urn:base64:TlJDZWxsRFU6RjYwRjVCRDU0RkE5ODQyOTc5NzkwQjRCQkY4MEI4RDk6VVNFUzpOUlNlY3RvckNhcnJpZXI6OTgxNUMyMTlBNTA2ODI1QjM5Njc3N0M3NDZDMzJDRTg=	urn:base64:TlJTZWN0b3JDYXJyaWVyOjk4MTVDMjE5QTUwNjgyNUIzOTY3NzdDNzQ2QzMyQ0U4OlVTRVM6QW50ZW5uYUNhcGFiaWxpdHk6RDBBQUU5NjMxQUYxNTU0QjhGMzkwOTMyRTM3N0VBMTk=	urn:base64:R05CRFVGdW5jdGlvbjpCQkIzQzQyQTRGOEFDOTQwOTFCMjk3REY3MDhERDUwQjpQUk9WSURFUzpOUlNlY3RvckNhcnJpZXI6OTgxNUMyMTlBNTA2ODI1QjM5Njc3N0M3NDZDMzJDRTg=	F60F5BD54FA9842979790B4BBF80B8D9	D0AAE9631AF1554B8F390932E377EA19	BBB3C42A4F8AC94091B297DF708DD50B
E04502AA9180D9BFE2BF1D3C7A9BC168	SubNetwork=SolarSystem/SubNetwork=Earth/SubNetwork=Europe/SubNetwork=Hungary/NRSectorCarrier=87	1000	20	87	20	20	urn:base64:TlJDZWxsRFU6MjY0MjU4NjA4NTEyMDA1OERGNTk2NzBGMzNGQTUwOTg6VVNFUzpOUlNlY3RvckNhcnJpZXI6RTA0NTAyQUE5MTgwRDlCRkUyQkYxRDNDN0E5QkMxNjg=	urn:base64:TlJTZWN0b3JDYXJyaWVyOkUwNDUwMkFBOTE4MEQ5QkZFMkJGMUQzQzdBOUJDMTY4OlVTRVM6QW50ZW5uYUNhcGFiaWxpdHk6ODlCOUZFNUQyRDRBMDdDQ0Q1NEU3MDVCRkUyRDEwRjA=	urn:base64:R05CRFVGdW5jdGlvbjpCQkIzQzQyQTRGOEFDOTQwOTFCMjk3REY3MDhERDUwQjpQUk9WSURFUzpOUlNlY3RvckNhcnJpZXI6RTA0NTAyQUE5MTgwRDlCRkUyQkYxRDNDN0E5QkMxNjg=	2642586085120058DF59670F33FA5098	89B9FE5D2D4A07CCD54E705BFE2D10F0	BBB3C42A4F8AC94091B297DF708DD50B
102AB1BB98BDBA7E7ED16D3D3CFFB6D4	SubNetwork=SolarSystem/SubNetwork=Earth/SubNetwork=Europe/SubNetwork=Hungary/NRSectorCarrier=88	1000	20	88	20	20	urn:base64:TlJDZWxsRFU6QTM5QzczRDI4NzlEODZFRjQxODRCNjA1QzBBRTAxNkY6VVNFUzpOUlNlY3RvckNhcnJpZXI6MTAyQUIxQkI5OEJEQkE3RTdFRDE2RDNEM0NGRkI2RDQ=	urn:base64:TlJTZWN0b3JDYXJyaWVyOjEwMkFCMUJCOThCREJBN0U3RUQxNkQzRDNDRkZCNkQ0OlVTRVM6QW50ZW5uYUNhcGFiaWxpdHk6QTZFOTdCQTMwODMyQzFCN0FDMzZGNEQ3OUREMzhCNzE=	urn:base64:R05CRFVGdW5jdGlvbjpCQkIzQzQyQTRGOEFDOTQwOTFCMjk3REY3MDhERDUwQjpQUk9WSURFUzpOUlNlY3RvckNhcnJpZXI6MTAyQUIxQkI5OEJEQkE3RTdFRDE2RDNEM0NGRkI2RDQ=	A39C73D2879D86EF4184B605C0AE016F	A6E97BA30832C1B7AC36F4D79DD38B71	BBB3C42A4F8AC94091B297DF708DD50B
DB5F86A12F44A382347C1FB4893ED9A6	SubNetwork=SolarSystem/SubNetwork=Earth/SubNetwork=Europe/SubNetwork=Hungary/NRSectorCarrier=89	1000	20	89	20	20	urn:base64:TlJDZWxsRFU6RUVDODVBN0Y3NjAxNzI2MEY5NzIxQjY1QTE0NEQxOEU6VVNFUzpOUlNlY3RvckNhcnJpZXI6REI1Rjg2QTEyRjQ0QTM4MjM0N0MxRkI0ODkzRUQ5QTY=	urn:base64:TlJTZWN0b3JDYXJyaWVyOkRCNUY4NkExMkY0NEEzODIzNDdDMUZCNDg5M0VEOUE2OlVTRVM6QW50ZW5uYUNhcGFiaWxpdHk6REZBNjIwMkZGOTZERDQxOEVBRDRDOTMwRjI3RjBDNzg=	urn:base64:R05CRFVGdW5jdGlvbjpCQkIzQzQyQTRGOEFDOTQwOTFCMjk3REY3MDhERDUwQjpQUk9WSURFUzpOUlNlY3RvckNhcnJpZXI6REI1Rjg2QTEyRjQ0QTM4MjM0N0MxRkI0ODkzRUQ5QTY=	EEC85A7F76017260F9721B65A144D18E	DFA6202FF96DD418EAD4C930F27F0C78	BBB3C42A4F8AC94091B297DF708DD50B
5C2AD66A4AB041C406D723CBAE50A132	SubNetwork=SolarSystem/SubNetwork=Earth/SubNetwork=Europe/SubNetwork=Hungary/NRSectorCarrier=90	1000	20	90	20	20	urn:base64:TlJDZWxsRFU6MUQ4MjU4ODFGMzc4RTA3MzUzNzhENDBCREVDQUMzRUM6VVNFUzpOUlNlY3RvckNhcnJpZXI6NUMyQUQ2NkE0QUIwNDFDNDA2RDcyM0NCQUU1MEExMzI=	urn:base64:TlJTZWN0b3JDYXJyaWVyOjVDMkFENjZBNEFCMDQxQzQwNkQ3MjNDQkFFNTBBMTMyOlVTRVM6QW50ZW5uYUNhcGFiaWxpdHk6MDE5NDVEN0I3RDJBRkIwQjNERkUyMzgyMkQyQzlDQ0I=	urn:base64:R05CRFVGdW5jdGlvbjpCQkIzQzQyQTRGOEFDOTQwOTFCMjk3REY3MDhERDUwQjpQUk9WSURFUzpOUlNlY3RvckNhcnJpZXI6NUMyQUQ2NkE0QUIwNDFDNDA2RDcyM0NCQUU1MEExMzI=	1D825881F378E0735378D40BDECAC3EC	01945D7B7D2AFB0B3DFE23822D2C9CCB	BBB3C42A4F8AC94091B297DF708DD50B
A93CCC56481697761027BCDE211E1C60	SubNetwork=SolarSystem/SubNetwork=Earth/SubNetwork=Europe/SubNetwork=Hungary/NRSectorCarrier=91	1000	20	91	20	20	urn:base64:TlJDZWxsRFU6NzZFOUY2MDVENEYzNzMzMEJGMEI1MDVFOTRGNjRGMTE6VVNFUzpOUlNlY3RvckNhcnJpZXI6QTkzQ0NDNTY0ODE2OTc3NjEwMjdCQ0RFMjExRTFDNjA=	urn:base64:TlJTZWN0b3JDYXJyaWVyOkE5M0NDQzU2NDgxNjk3NzYxMDI3QkNERTIxMUUxQzYwOlVTRVM6QW50ZW5uYUNhcGFiaWxpdHk6QkU1MEFDNTdBQjFGQUU3MzUzMUFERDE4MTMyNDA2N0Y=	urn:base64:R05CRFVGdW5jdGlvbjo0Q0ZGMTM2MjAwQTJERTM2MjA1QTEzNTU5QzU1REIyQTpQUk9WSURFUzpOUlNlY3RvckNhcnJpZXI6QTkzQ0NDNTY0ODE2OTc3NjEwMjdCQ0RFMjExRTFDNjA=	76E9F605D4F37330BF0B505E94F64F11	BE50AC57AB1FAE73531ADD181324067F	4CFF136200A2DE36205A13559C55DB2A
0BF78ED8A5CC93E9A94D0C26EE06E82C	SubNetwork=SolarSystem/SubNetwork=Earth/SubNetwork=Europe/SubNetwork=Hungary/NRSectorCarrier=92	1000	20	92	20	20	urn:base64:TlJDZWxsRFU6NjdBMUJEQTEwQjVBRjQzMDI4RDA3QzdCRTVDQjFBRTI6VVNFUzpOUlNlY3RvckNhcnJpZXI6MEJGNzhFRDhBNUNDOTNFOUE5NEQwQzI2RUUwNkU4MkM=	urn:base64:TlJTZWN0b3JDYXJyaWVyOjBCRjc4RUQ4QTVDQzkzRTlBOTREMEMyNkVFMDZFODJDOlVTRVM6QW50ZW5uYUNhcGFiaWxpdHk6ODJEMDU1REUxNUI5N0NEODY2Q0Y0NTRBOTY4OEY0REI=	urn:base64:R05CRFVGdW5jdGlvbjo0Q0ZGMTM2MjAwQTJERTM2MjA1QTEzNTU5QzU1REIyQTpQUk9WSURFUzpOUlNlY3RvckNhcnJpZXI6MEJGNzhFRDhBNUNDOTNFOUE5NEQwQzI2RUUwNkU4MkM=	67A1BDA10B5AF43028D07C7BE5CB1AE2	82D055DE15B97CD866CF454A9688F4DB	4CFF136200A2DE36205A13559C55DB2A
3A03407819295DB521A1E8B0FBCCE4A6	SubNetwork=SolarSystem/SubNetwork=Earth/SubNetwork=Europe/SubNetwork=Hungary/NRSectorCarrier=93	1000	20	93	20	20	urn:base64:TlJDZWxsRFU6QjNCMEExOTM5RUZDQTY1NEEzNzAwNUI2QTdGMjRCRDc6VVNFUzpOUlNlY3RvckNhcnJpZXI6M0EwMzQwNzgxOTI5NURCNTIxQTFFOEIwRkJDQ0U0QTY=	urn:base64:TlJTZWN0b3JDYXJyaWVyOjNBMDM0MDc4MTkyOTVEQjUyMUExRThCMEZCQ0NFNEE2OlVTRVM6QW50ZW5uYUNhcGFiaWxpdHk6MzYyRUMzQjc3NThEODczREY5OEFFMkE5RUMyNDcyQjU=	urn:base64:R05CRFVGdW5jdGlvbjo0Q0ZGMTM2MjAwQTJERTM2MjA1QTEzNTU5QzU1REIyQTpQUk9WSURFUzpOUlNlY3RvckNhcnJpZXI6M0EwMzQwNzgxOTI5NURCNTIxQTFFOEIwRkJDQ0U0QTY=	B3B0A1939EFCA654A37005B6A7F24BD7	362EC3B7758D873DF98AE2A9EC2472B5	4CFF136200A2DE36205A13559C55DB2A
50CD521E55D12209A175020974A24AB4	SubNetwork=SolarSystem/SubNetwork=Earth/SubNetwork=Europe/SubNetwork=Hungary/NRSectorCarrier=94	1000	20	94	20	20	urn:base64:TlJDZWxsRFU6RjI2RjI3OUU5MUQwOTQxREI0RjY0NkU3MDdFQTQwM0E6VVNFUzpOUlNlY3RvckNhcnJpZXI6NTBDRDUyMUU1NUQxMjIwOUExNzUwMjA5NzRBMjRBQjQ=	urn:base64:TlJTZWN0b3JDYXJyaWVyOjUwQ0Q1MjFFNTVEMTIyMDlBMTc1MDIwOTc0QTI0QUI0OlVTRVM6QW50ZW5uYUNhcGFiaWxpdHk6REE1RDhBM0QxQ0RDM0Q1NTQ0N0Y3Qzg2RUREOEZFNTA=	urn:base64:R05CRFVGdW5jdGlvbjo0Q0ZGMTM2MjAwQTJERTM2MjA1QTEzNTU5QzU1REIyQTpQUk9WSURFUzpOUlNlY3RvckNhcnJpZXI6NTBDRDUyMUU1NUQxMjIwOUExNzUwMjA5NzRBMjRBQjQ=	F26F279E91D0941DB4F646E707EA403A	DA5D8A3D1CDC3D55447F7C86EDD8FE50	4CFF136200A2DE36205A13559C55DB2A
EBF6DFD0DE8908C4CF01E834A5B7EFB1	SubNetwork=SolarSystem/SubNetwork=Earth/SubNetwork=Europe/SubNetwork=Hungary/NRSectorCarrier=95	1000	20	95	20	20	urn:base64:TlJDZWxsRFU6MjQzNzkxNDZGRTM0OUZCRjA0QkEzQjMwMTgwNzcyMTQ6VVNFUzpOUlNlY3RvckNhcnJpZXI6RUJGNkRGRDBERTg5MDhDNENGMDFFODM0QTVCN0VGQjE=	urn:base64:TlJTZWN0b3JDYXJyaWVyOkVCRjZERkQwREU4OTA4QzRDRjAxRTgzNEE1QjdFRkIxOlVTRVM6QW50ZW5uYUNhcGFiaWxpdHk6NkEzOUIxNTFDNTBGNzNGMDI5QjU3NzIyOTlEQ0YyODk=	urn:base64:R05CRFVGdW5jdGlvbjo0Q0ZGMTM2MjAwQTJERTM2MjA1QTEzNTU5QzU1REIyQTpQUk9WSURFUzpOUlNlY3RvckNhcnJpZXI6RUJGNkRGRDBERTg5MDhDNENGMDFFODM0QTVCN0VGQjE=	24379146FE349FBF04BA3B3018077214	6A39B151C50F73F029B5772299DCF289	4CFF136200A2DE36205A13559C55DB2A
DA2FC8B45D346CFD1C9BB7F074CCA32F	SubNetwork=SolarSystem/SubNetwork=Earth/SubNetwork=Europe/SubNetwork=Hungary/NRSectorCarrier=96	1000	20	96	20	20	urn:base64:TlJDZWxsRFU6NUU3RUExRDYzODBDMjFEMkMwMjQ1MjRDMkExOThBNUE6VVNFUzpOUlNlY3RvckNhcnJpZXI6REEyRkM4QjQ1RDM0NkNGRDFDOUJCN0YwNzRDQ0EzMkY=	urn:base64:TlJTZWN0b3JDYXJyaWVyOkRBMkZDOEI0NUQzNDZDRkQxQzlCQjdGMDc0Q0NBMzJGOlVTRVM6QW50ZW5uYUNhcGFiaWxpdHk6QjBGRTg4MERGOTQ3NEFBMjlDN0E0QkFBQTk0NkU1NUQ=	urn:base64:R05CRFVGdW5jdGlvbjo0Q0ZGMTM2MjAwQTJERTM2MjA1QTEzNTU5QzU1REIyQTpQUk9WSURFUzpOUlNlY3RvckNhcnJpZXI6REEyRkM4QjQ1RDM0NkNGRDFDOUJCN0YwNzRDQ0EzMkY=	5E7EA1D6380C21D2C024524C2A198A5A	B0FE880DF9474AA29C7A4BAAA946E55D	4CFF136200A2DE36205A13559C55DB2A
1E0B268A6D8C40331AACEBED444FCC1F	SubNetwork=SolarSystem/SubNetwork=Earth/SubNetwork=Europe/SubNetwork=Hungary/NRSectorCarrier=97	1000	20	97	20	20	urn:base64:TlJDZWxsRFU6NURDM0ExMUE2OUQ4Q0RCMTc1RkM5RDQ5RDlFMEU3MjA6VVNFUzpOUlNlY3RvckNhcnJpZXI6MUUwQjI2OEE2RDhDNDAzMzFBQUNFQkVENDQ0RkNDMUY=	urn:base64:TlJTZWN0b3JDYXJyaWVyOjFFMEIyNjhBNkQ4QzQwMzMxQUFDRUJFRDQ0NEZDQzFGOlVTRVM6QW50ZW5uYUNhcGFiaWxpdHk6QzIzRDlEMDgwN0U0NUVGNTVEQzZCN0QzNUVFQjA4QjE=	urn:base64:R05CRFVGdW5jdGlvbjo0Q0ZGMTM2MjAwQTJERTM2MjA1QTEzNTU5QzU1REIyQTpQUk9WSURFUzpOUlNlY3RvckNhcnJpZXI6MUUwQjI2OEE2RDhDNDAzMzFBQUNFQkVENDQ0RkNDMUY=	5DC3A11A69D8CDB175FC9D49D9E0E720	C23D9D0807E45EF55DC6B7D35EEB08B1	4CFF136200A2DE36205A13559C55DB2A
87670506C58610E1888B5BEBE2C9B21B	SubNetwork=SolarSystem/SubNetwork=Earth/SubNetwork=Europe/SubNetwork=Hungary/NRSectorCarrier=98	1000	20	98	20	20	urn:base64:TlJDZWxsRFU6OTg0MEFDMTU2Njc3NDU0NUNCRDdGRDQ0MDE1RUZGQTU6VVNFUzpOUlNlY3RvckNhcnJpZXI6ODc2NzA1MDZDNTg2MTBFMTg4OEI1QkVCRTJDOUIyMUI=	urn:base64:TlJTZWN0b3JDYXJyaWVyOjg3NjcwNTA2QzU4NjEwRTE4ODhCNUJFQkUyQzlCMjFCOlVTRVM6QW50ZW5uYUNhcGFiaWxpdHk6Q0Y4RUY3MjNCQjQ2QzYxNzBEQjA0OTBEMUZBMjZCODU=	urn:base64:R05CRFVGdW5jdGlvbjo0Q0ZGMTM2MjAwQTJERTM2MjA1QTEzNTU5QzU1REIyQTpQUk9WSURFUzpOUlNlY3RvckNhcnJpZXI6ODc2NzA1MDZDNTg2MTBFMTg4OEI1QkVCRTJDOUIyMUI=	9840AC1566774545CBD7FD44015EFFA5	CF8EF723BB46C6170DB0490D1FA26B85	4CFF136200A2DE36205A13559C55DB2A
A00B93EACEE32A938CD9A83446E1B3AE	SubNetwork=SolarSystem/SubNetwork=Earth/SubNetwork=Europe/SubNetwork=Hungary/NRSectorCarrier=99	1000	20	99	20	20	urn:base64:TlJDZWxsRFU6RjQ1MzFDMzEyMDVGMjhCQzg4MzBDQUQ3QTdDMkZEQTE6VVNFUzpOUlNlY3RvckNhcnJpZXI6QTAwQjkzRUFDRUUzMkE5MzhDRDlBODM0NDZFMUIzQUU=	urn:base64:TlJTZWN0b3JDYXJyaWVyOkEwMEI5M0VBQ0VFMzJBOTM4Q0Q5QTgzNDQ2RTFCM0FFOlVTRVM6QW50ZW5uYUNhcGFiaWxpdHk6RTFDMzQwREYwRkZBNTEyMTFEREI1RjgyOUUyQTI3RUU=	urn:base64:R05CRFVGdW5jdGlvbjo0Q0ZGMTM2MjAwQTJERTM2MjA1QTEzNTU5QzU1REIyQTpQUk9WSURFUzpOUlNlY3RvckNhcnJpZXI6QTAwQjkzRUFDRUUzMkE5MzhDRDlBODM0NDZFMUIzQUU=	F4531C31205F28BC8830CAD7A7C2FDA1	E1C340DF0FFA51211DDB5F829E2A27EE	4CFF136200A2DE36205A13559C55DB2A
\.

COPY ties_data."GNBCUCPFUNCTION_REALISED_BY_CLOUDNATIVEAPPLICATION" (id, "GNBCUCPFunction", "CloudNativeApplication") FROM stdin;
urn:base64:R05CQ1VDUEZ1bmN0aW9uOjA1MjU5MzAyNDkzMDJCOTY0OUZDOEYyMDFFQzRGN0ZDOlJFQUxJU0VEX0JZOkNsb3VkTmF0aXZlQXBwbGljYXRpb246MzI1NjEyMEU3M0FERDQwMjZBNDNBOTcxRENFNUMxNTE=	0525930249302B9649FC8F201EC4F7FC	3256120E73ADD4026A43A971DCE5C151
\.

COPY ties_data."GNBCUUPFUNCTION_REALISED_BY_CLOUDNATIVEAPPLICATION" (id, "GNBCUUPFunction", "CloudNativeApplication") FROM stdin;
urn:base64:R05CQ1VVUEZ1bmN0aW9uOkJGRUVBQzJDRTYwMjczQ0IwQTc4MzE5Q0MyMDFBN0ZFOlJFQUxJU0VEX0JZOkNsb3VkTmF0aXZlQXBwbGljYXRpb246QUQ0MkQ5MDQ5N0U5M0QyNzYyMTVERjZEM0I4OTlFMTc=	BFEEAC2CE60273CB0A78319CC201A7FE	AD42D90497E93D276215DF6D3B899E17
urn:base64:R05CQ1VVUEZ1bmN0aW9uOkYxQzMyQjlERUNBMjIzMEQ5NzY1QkUyRjU0RjFFREZFOlJFQUxJU0VEX0JZOkNsb3VkTmF0aXZlQXBwbGljYXRpb246OTgwMEQ4MUM3NDNCRjQyNDZGRUI5NTA2M0Q2QjBGNkI=	F1C32B9DECA2230D9765BE2F54F1EDFE	9800D81C743BF4246FEB95063D6B0F6B
urn:base64:R05CQ1VVUEZ1bmN0aW9uOkExOEYzNDUyQzkxOEU4RjJDNTRFNjAwRjQyMDA1REJEOlJFQUxJU0VEX0JZOkNsb3VkTmF0aXZlQXBwbGljYXRpb246Mzk4REQxOUE1RkQ5MDJDOTgxRTRENTlGNDRFMjdGMDc=	A18F3452C918E8F2C54E600F42005DBD	398DD19A5FD902C981E4D59F44E27F07
urn:base64:R05CQ1VVUEZ1bmN0aW9uOjZCM0U1NkI2Qzk5MUY0RTU2OTExNURFNTYzM0IwQUEwOlJFQUxJU0VEX0JZOkNsb3VkTmF0aXZlQXBwbGljYXRpb246RTVFOEExMTQxOUUwOTk2NjYwNEMxNEZERTVFMDlERjU=	6B3E56B6C991F4E569115DE5633B0AA0	E5E8A11419E09966604C14FDE5E09DF5
urn:base64:R05CQ1VVUEZ1bmN0aW9uOjk5QkJBM0VDNjRCRTU5NjQwMEIzOEZFQkQ5Njc3RkM2OlJFQUxJU0VEX0JZOkNsb3VkTmF0aXZlQXBwbGljYXRpb246NDEyMzREQkQzQ0NFQzAxMEUyRTkyNTg1MjcyMjk5NTA=	99BBA3EC64BE596400B38FEBD9677FC6	41234DBD3CCEC010E2E9258527229950
urn:base64:R05CQ1VVUEZ1bmN0aW9uOjk4MDZBQkUyOTg1QkRENEZFNkJEMkIzODU0OUM5NzNDOlJFQUxJU0VEX0JZOkNsb3VkTmF0aXZlQXBwbGljYXRpb246QzRFMjg5MzIzNTdGQTAwNzZDQTk2Q0Y3RkYyQzUxQkQ=	9806ABE2985BDD4FE6BD2B38549C973C	C4E28932357FA0076CA96CF7FF2C51BD
urn:base64:R05CQ1VVUEZ1bmN0aW9uOjlCMDA3ODgxQTFCOERFMzNEMUQzMDYzQkU2MDFENEI2OlJFQUxJU0VEX0JZOkNsb3VkTmF0aXZlQXBwbGljYXRpb246RUUyRDRBREExMEZGNjg3RkY2QTg2NUNDOUU1NkE0MzY=	9B007881A1B8DE33D1D3063BE601D4B6	EE2D4ADA10FF687FF6A865CC9E56A436
\.

COPY ties_data."GNBDUFUNCTION_REALISED_BY_CLOUDNATIVEAPPLICATION" (id, "GNBDUFunction", "CloudNativeApplication") FROM stdin;
urn:base64:R05CRFVGdW5jdGlvbjo0Q0ZGMTM2MjAwQTJERTM2MjA1QTEzNTU5QzU1REIyQTpSRUFMSVNFRF9CWTpDbG91ZE5hdGl2ZUFwcGxpY2F0aW9uOkM1NDk5MDVDRjNDQzg5MENFNTc0NkM1RTEwQUNGMDBE	4CFF136200A2DE36205A13559C55DB2A	C549905CF3CC890CE5746C5E10ACF00D
urn:base64:R05CRFVGdW5jdGlvbjpCQkIzQzQyQTRGOEFDOTQwOTFCMjk3REY3MDhERDUwQjpSRUFMSVNFRF9CWTpDbG91ZE5hdGl2ZUFwcGxpY2F0aW9uOjlFMDI5MTY4OTQzNTIwMEFFMTMzMkZCQkI5OTJDMTUx	BBB3C42A4F8AC94091B297DF708DD50B	9E0291689435200AE1332FBBB992C151
urn:base64:R05CRFVGdW5jdGlvbjo3RDgwRTVDNkUwQzlFQzI0NjM3MEU4NkI3RTUyNEY4QzpSRUFMSVNFRF9CWTpDbG91ZE5hdGl2ZUFwcGxpY2F0aW9uOjZCNjU1OTcxNTY0QzAyRjFGQjdFNUQ3RTg0RjlEREFG	7D80E5C6E0C9EC246370E86B7E524F8C	6B655971564C02F1FB7E5D7E84F9DDAF
urn:base64:R05CRFVGdW5jdGlvbjo1QTU0OEVBOUQxNjYzNDE3NzZDQTA2OTU4MzdFNTVEODpSRUFMSVNFRF9CWTpDbG91ZE5hdGl2ZUFwcGxpY2F0aW9uOkUxMjhDMzBEN0UyQURCN0RFRjkwNENFN0U5MzZBNTg2	5A548EA9D166341776CA0695837E55D8	E128C30D7E2ADB7DEF904CE7E936A586
urn:base64:R05CRFVGdW5jdGlvbjo3RjE2RjkzRDg4MTZEOUVCQzc2RTUyQkI0NEEzQ0ZGNTpSRUFMSVNFRF9CWTpDbG91ZE5hdGl2ZUFwcGxpY2F0aW9uOjBEQkRBRjM1N0E2OUMzNzNGQzJBOThCNjg0ODVEREUz	7F16F93D8816D9EBC76E52BB44A3CFF5	0DBDAF357A69C373FC2A98B68485DDE3
urn:base64:R05CRFVGdW5jdGlvbjo1QTMwODVDMzQwMEMzMDk2RTJFRDIzMjE0NTI3NjZCMTpSRUFMSVNFRF9CWTpDbG91ZE5hdGl2ZUFwcGxpY2F0aW9uOjNGMjU4MEU5RjQ2OUY5QTNDRDk3QjlGQ0Y2Q0Y0RkI3	5A3085C3400C3096E2ED2321452766B1	3F2580E9F469F9A3CD97B9FCF6CF4FB7
urn:base64:R05CRFVGdW5jdGlvbjoyNUU2OTBFMjJCREE5MEI5QzRGRUUxRjA4M0NCQTU5NzpSRUFMSVNFRF9CWTpDbG91ZE5hdGl2ZUFwcGxpY2F0aW9uOkQ4MEUwOTI0MzJFQTY3M0U2RDI2RjgzM0ZENDU2REFC	25E690E22BDA90B9C4FEE1F083CBA597	D80E092432EA673E6D26F833FD456DAB
urn:base64:R05CRFVGdW5jdGlvbjpFNUZENUFDRDU1QzU1M0E5MjczODQ3N0VDQjA0NjVCOTpSRUFMSVNFRF9CWTpDbG91ZE5hdGl2ZUFwcGxpY2F0aW9uOjYwRTY4NUM1M0Y0QTFENzAwQUExMjQ5OUI4NTEzNzAw	E5FD5ACD55C553A92738477ECB0465B9	60E685C53F4A1D700AA12499B8513700
urn:base64:R05CRFVGdW5jdGlvbjpCNkE2REU3RDA5NjVGMDJENDhFQ0E4NjcwNkE0NDU0RjpSRUFMSVNFRF9CWTpDbG91ZE5hdGl2ZUFwcGxpY2F0aW9uOjA3MjU0OUI2RjU1MjEwRUE5NjdENjZGQjM4REY0RDAy	B6A6DE7D0965F02D48ECA86706A4454F	072549B6F55210EA967D66FB38DF4D02
urn:base64:R05CRFVGdW5jdGlvbjoxMDUwNTcwRUJCMTMxNUUxQUU3QTlGRDVFMTQwMEEwMDpSRUFMSVNFRF9CWTpDbG91ZE5hdGl2ZUFwcGxpY2F0aW9uOjQxNkYzMUU2RUIwOTA1NTMyNjYyMUY0OTE5RDM1QkZG	1050570EBB1315E1AE7A9FD5E1400A00	416F31E6EB09055326621F4919D35BFF
urn:base64:R05CRFVGdW5jdGlvbjpEMzIxNUUwODU3MEJFNTgzMzlDNzQ2MzYyNkI1MEUzNzpSRUFMSVNFRF9CWTpDbG91ZE5hdGl2ZUFwcGxpY2F0aW9uOjcxOUJENUM3Q0Q4QTkzOUQ3NkE4M0RBOTVEQTQ1QzAx	D3215E08570BE58339C7463626B50E37	719BD5C7CD8A939D76A83DA95DA45C01
\.

COPY ties_data."ANTENNACAPABILITY_REALISED_BY_ANTENNAMODULE" (id, "AntennaCapability", "AntennaModule") FROM stdin;
urn:base64:QW50ZW5uYUNhcGFiaWxpdHk6QTMyREI5RTI3OEZDMURFNDFGQjRBM0I1MEY4MDI2NTA6UkVBTElTRURfQlk6QW50ZW5uYU1vZHVsZTo0MkI0RUVGMDlFOTczNzhCMEUzNjVGOUJBQUI1MEUxQg==	A32DB9E278FC1DE41FB4A3B50F802650	42B4EEF09E97378B0E365F9BAAB50E1B
urn:base64:QW50ZW5uYUNhcGFiaWxpdHk6NDkyMDU4ODFDOTEyMUYyMDhCRDc5MTQ5RkE3OTk4Nzc6UkVBTElTRURfQlk6QW50ZW5uYU1vZHVsZTpBRjM4ODYxOUY4NTE3Q0JFQUYyM0QwNkI0RDM3NDRGRg==	49205881C9121F208BD79149FA799877	AF388619F8517CBEAF23D06B4D3744FF
urn:base64:QW50ZW5uYUNhcGFiaWxpdHk6MEJEQUQ1RERDMTlBNjk2MjQ0NTM2NDIxRTZEMjZGRTM6UkVBTElTRURfQlk6QW50ZW5uYU1vZHVsZTo0RUNBMDIxNjUyNzVGQTE3QkU2MEFGMUQyN0FBQjUyOQ==	0BDAD5DDC19A696244536421E6D26FE3	4ECA02165275FA17BE60AF1D27AAB529
urn:base64:QW50ZW5uYUNhcGFiaWxpdHk6QzM5OEQ2QzY3MzI2N0EwODFDNzgxRDg0NDM4RjRCNzQ6UkVBTElTRURfQlk6QW50ZW5uYU1vZHVsZTo0QzRFOTk5OERBRTMwQzk1NEE5M0Q3ODk1OUZENTExQg==	C398D6C673267A081C781D84438F4B74	4C4E9998DAE30C954A93D78959FD511B
urn:base64:QW50ZW5uYUNhcGFiaWxpdHk6MjhBRDNFRTg0NDc2NkRGNTA4RjYyODdDRDFDRTE4QTQ6UkVBTElTRURfQlk6QW50ZW5uYU1vZHVsZTpBRDJERDE1QUM0RTFERTA1MDY4NDM4ODdCNDdDNTFBMw==	28AD3EE844766DF508F6287CD1CE18A4	AD2DD15AC4E1DE0506843887B47C51A3
urn:base64:QW50ZW5uYUNhcGFiaWxpdHk6RDMxNERBREFGQTNEODk2NDQ1RTc4RUJDQzE1QTE2Rjc6UkVBTElTRURfQlk6QW50ZW5uYU1vZHVsZTo3MkM3NkMwM0VEMEI0MkZBM0ZFNEY5RDIyQzRBRjlFMQ==	D314DADAFA3D896445E78EBCC15A16F7	72C76C03ED0B42FA3FE4F9D22C4AF9E1
urn:base64:QW50ZW5uYUNhcGFiaWxpdHk6OTE4OEQ5NzVEODM3QTFFMDM5NzE2N0EyM0U3MjFCMEM6UkVBTElTRURfQlk6QW50ZW5uYU1vZHVsZTpCNDEyNUVGQjc5RDQ2QkY5ODk1NzA5Rjk4NUM5MkU5OQ==	9188D975D837A1E0397167A23E721B0C	B4125EFB79D46BF9895709F985C92E99
urn:base64:QW50ZW5uYUNhcGFiaWxpdHk6MTQ1QTFCRjU2MURCMjk3RjI1RkQzRjEyNDE3RDJBNTA6UkVBTElTRURfQlk6QW50ZW5uYU1vZHVsZTpCRDBFMTBCQzU1QjcyODZGNjk5REIzNDAwNDUwNTNDQQ==	145A1BF561DB297F25FD3F12417D2A50	BD0E10BC55B7286F699DB340045053CA
urn:base64:QW50ZW5uYUNhcGFiaWxpdHk6N0RFOTFDNzhGOERDRTQyOTJGMkYwQzNCMzRERUFDQUI6UkVBTElTRURfQlk6QW50ZW5uYU1vZHVsZToxMzE5RURDMEE5NTYwOTA4NDY4MkIzMzFGMEEwNUU4Mg==	7DE91C78F8DCE4292F2F0C3B34DEACAB	1319EDC0A95609084682B331F0A05E82
urn:base64:QW50ZW5uYUNhcGFiaWxpdHk6NzBBMUYxMjlFMTBFRTdEMzFERkUxRTFBQTZDNzQzN0Q6UkVBTElTRURfQlk6QW50ZW5uYU1vZHVsZTpCRUIwMUI5MEFDMDA5OUNBN0M3MzBENTRDNkE5OUY1Ng==	70A1F129E10EE7D31DFE1E1AA6C7437D	BEB01B90AC0099CA7C730D54C6A99F56
urn:base64:QW50ZW5uYUNhcGFiaWxpdHk6N0ExQzZGRTkzNTEwMDhCM0Q1MzkxNjZEOTQyMjI3NjI6UkVBTElTRURfQlk6QW50ZW5uYU1vZHVsZTowMDJCMDIxOUI3MzlCODhDOEE4MTM1NTJFRjFFODk0Mg==	7A1C6FE9351008B3D539166D94222762	002B0219B739B88C8A813552EF1E8942
urn:base64:QW50ZW5uYUNhcGFiaWxpdHk6REYyNkFFNDQyMTEwREIwMjgxREFENDU0NTQzNkI3MjA6UkVBTElTRURfQlk6QW50ZW5uYU1vZHVsZTpGRjIxRTIyNjZCMzZFOTJGM0MyOThDOUMzNDk3QkRBRA==	DF26AE442110DB0281DAD4545436B720	FF21E2266B36E92F3C298C9C3497BDAD
urn:base64:QW50ZW5uYUNhcGFiaWxpdHk6QzY4MjNEMkI3QUZBMDY0Q0U3NzQ3OTVFMDFENjIyOEI6UkVBTElTRURfQlk6QW50ZW5uYU1vZHVsZTowN0M2M0JBMDhCMEM0M0UxOENDOTY0RjBCNkY0RTI0RA==	C6823D2B7AFA064CE774795E01D6228B	07C63BA08B0C43E18CC964F0B6F4E24D
urn:base64:QW50ZW5uYUNhcGFiaWxpdHk6MDI0NDNERTA4MDdEODAxRDY2MTQ5NUQ5RUZCOEQ4MzY6UkVBTElTRURfQlk6QW50ZW5uYU1vZHVsZTpBQTQ4OTk5MzAyREZDOEVDODg3OTU3MjYyM0MwMDg1QQ==	02443DE0807D801D661495D9EFB8D836	AA48999302DFC8EC8879572623C0085A
urn:base64:QW50ZW5uYUNhcGFiaWxpdHk6RDVCOTA5MEUzQjZBMTBEQkRDMjQzRUQxNEVGMjk0QkY6UkVBTElTRURfQlk6QW50ZW5uYU1vZHVsZTo3RUNFRDRCRThDRjQ3NjYxRDVEM0U4Njc0NTg2QTlCMQ==	D5B9090E3B6A10DBDC243ED14EF294BF	7ECED4BE8CF47661D5D3E8674586A9B1
urn:base64:QW50ZW5uYUNhcGFiaWxpdHk6MDQyNzNGQzY0NDM2REE1MjM4NjVDRjg0OUU1RjdDQzk6UkVBTElTRURfQlk6QW50ZW5uYU1vZHVsZTpDQkFCNDBCRUYyNjQ2RDIwRjY2NTQyRTlEMTBEN0ZDQQ==	04273FC64436DA523865CF849E5F7CC9	CBAB40BEF2646D20F66542E9D10D7FCA
urn:base64:QW50ZW5uYUNhcGFiaWxpdHk6NTgzNUY3N0JFOUQ0RTEwMjMxNkJENTkxOTVGNjM3MEI6UkVBTElTRURfQlk6QW50ZW5uYU1vZHVsZTpDQkFCNDBCRUYyNjQ2RDIwRjY2NTQyRTlEMTBEN0ZDQQ==	5835F77BE9D4E102316BD59195F6370B	CBAB40BEF2646D20F66542E9D10D7FCA
\.

